[Licensing::Module] Trying to connect to existing licensing client channel...
[Licensing::IpcConnector] Successfully connected to: "LicenseClient-sebas" at "2026-09-26T04:43:12.3682376Z"
[Licensing::Client] Code 10 while verifying Licensing Client signature (process Id: 12084, path: "C:/Program Files/Unity Hub/UnityLicensingClient_V1/Unity.Licensing.Client.exe")
[Licensing::Module] LicensingClient has failed validation; ignoring
[Licensing::Client] Handshaking with LicensingClient:
  Version:                 1.17.4+4293ba1
  Session Id:              c4076e78236447ad9f70c9cd4534200e
  Correlation Id:          6332cc14966c435a0e5f54262e32cbe2
  External correlation Id: 5052457267976576018
  Machine Id:              QzfgAcXbY9vgTJwL4PUf+pmnReY=
[Licensing::Module] Successfully connected to LicensingClient on channel: "LicenseClient-sebas" (connect: 0.00s, validation: 0.01s, handshake: 0.04s)
[Licensing::IpcConnector] Successfully connected to: "LicenseClient-sebas-notifications" at "2026-09-26T04:43:12.4199948Z"
[Licensing::Module] Error: Access token is unavailable; failed to update
[Licensing::Client] Successfully updated license
Built from '2022.3/respin/2022.3.62f2-4af31df585-v2' branch; Version is '2022.3.62f3 (96770f904ca7) revision 9860879'; Using compiler version '192829333'; Build Type 'Release'
OS: 'Windows 11  (10.0.26200) 64bit CoreSingleLanguage' Language: 'es' Physical Memory: 23992 MB
[Licensing::Client] Successfully resolved entitlement details
[Licensing::Module] Serial number assigned to: "4674131264841-UnityPersXXXX"
BatchMode: 1, IsHumanControllingUs: 0, StartBugReporterOnCrash: 0, Is64bit: 1, IsPro: 0
[Licensing::Client] Successfully resolved entitlement details

COMMAND LINE ARGUMENTS:
C:\Program Files\Unity\Hub\Editor\2022.3.62f3\Editor\Unity.exe
-batchmode
-quit
-projectPath
C:\Users\sebas\objetivo-15\objetivo-15
-executeMethod
BuildPC.Construir
-logFile
C:\Users\sebas\objetivo-15\build_pc.log
Successfully changed project path to: C:\Users\sebas\objetivo-15\objetivo-15
C:/Users/sebas/objetivo-15/objetivo-15
[UnityMemory] Configuration Parameters - Can be set up in boot.config
    "memorysetup-bucket-allocator-granularity=16"
    "memorysetup-bucket-allocator-bucket-count=8"
    "memorysetup-bucket-allocator-block-size=33554432"
    "memorysetup-bucket-allocator-block-count=8"
    "memorysetup-main-allocator-block-size=16777216"
    "memorysetup-thread-allocator-block-size=16777216"
    "memorysetup-gfx-main-allocator-block-size=16777216"
    "memorysetup-gfx-thread-allocator-block-size=16777216"
    "memorysetup-cache-allocator-block-size=4194304"
    "memorysetup-typetree-allocator-block-size=2097152"
    "memorysetup-profiler-bucket-allocator-granularity=16"
    "memorysetup-profiler-bucket-allocator-bucket-count=8"
    "memorysetup-profiler-bucket-allocator-block-size=33554432"
    "memorysetup-profiler-bucket-allocator-block-count=8"
    "memorysetup-profiler-allocator-block-size=16777216"
    "memorysetup-profiler-editor-allocator-block-size=1048576"
    "memorysetup-temp-allocator-size-main=16777216"
    "memorysetup-job-temp-allocator-block-size=2097152"
    "memorysetup-job-temp-allocator-block-size-background=1048576"
    "memorysetup-job-temp-allocator-reduction-small-platforms=262144"
    "memorysetup-allocator-temp-initial-block-size-main=262144"
    "memorysetup-allocator-temp-initial-block-size-worker=262144"
    "memorysetup-temp-allocator-size-background-worker=32768"
    "memorysetup-temp-allocator-size-job-worker=262144"
    "memorysetup-temp-allocator-size-preload-manager=33554432"
    "memorysetup-temp-allocator-size-nav-mesh-worker=65536"
    "memorysetup-temp-allocator-size-audio-worker=65536"
    "memorysetup-temp-allocator-size-cloud-worker=32768"
    "memorysetup-temp-allocator-size-gi-baking-worker=262144"
    "memorysetup-temp-allocator-size-gfx=262144"
Player connection [10656]  Target information:

Player connection [10656]  * "[IP] 192.168.80.31 [Port] 55504 [Flags] 2 [Guid] 258323079 [EditorId] 258323079 [Version] 1048832 [Id] WindowsEditor(7,d4vid) [Debug] 1 [PackageName] WindowsEditor [ProjectName] Editor" 

Player connection [10656] Host joined multi-casting on [225.0.0.222:54997]...
Player connection [10656] Host joined alternative multi-casting on [225.0.0.222:34997]...
Input System module state changed to: Initialized.
[PhysX] Initialized MultithreadedTaskDispatcher with 18 workers.
[Package Manager] UpmClient::Connect -- Connected to IPC stream "Upm-5088" after 0.3 seconds.
[Package Manager] Restoring resolved packages state from cache
[Licensing::Client] Successfully resolved entitlement details
[Package Manager] Registered 60 packages:
  Packages from [https://packages.unity.com]:
    com.unity.cinemachine@2.10.7 (location: C:\Users\sebas\objetivo-15\objetivo-15\Library\PackageCache\com.unity.cinemachine@2.10.7)
    com.unity.collab-proxy@2.12.4 (location: C:\Users\sebas\objetivo-15\objetivo-15\Library\PackageCache\com.unity.collab-proxy@2.12.4)
    com.unity.ide.rider@3.0.36 (location: C:\Users\sebas\objetivo-15\objetivo-15\Library\PackageCache\com.unity.ide.rider@3.0.36)
    com.unity.ide.visualstudio@2.0.22 (location: C:\Users\sebas\objetivo-15\objetivo-15\Library\PackageCache\com.unity.ide.visualstudio@2.0.22)
    com.unity.test-framework@1.1.33 (location: C:\Users\sebas\objetivo-15\objetivo-15\Library\PackageCache\com.unity.test-framework@1.1.33)
    com.unity.textmeshpro@3.0.7 (location: C:\Users\sebas\objetivo-15\objetivo-15\Library\PackageCache\com.unity.textmeshpro@3.0.7)
    com.unity.timeline@1.7.7 (location: C:\Users\sebas\objetivo-15\objetivo-15\Library\PackageCache\com.unity.timeline@1.7.7)
    com.unity.visualscripting@1.9.4 (location: C:\Users\sebas\objetivo-15\objetivo-15\Library\PackageCache\com.unity.visualscripting@1.9.4)
    com.unity.ext.nunit@1.0.6 (location: C:\Users\sebas\objetivo-15\objetivo-15\Library\PackageCache\com.unity.ext.nunit@1.0.6)
    com.unity.mathematics@1.2.6 (location: C:\Users\sebas\objetivo-15\objetivo-15\Library\PackageCache\com.unity.mathematics@1.2.6)
    com.unity.burst@1.8.21 (location: C:\Users\sebas\objetivo-15\objetivo-15\Library\PackageCache\com.unity.burst@1.8.21)
    com.unity.2d.animation@9.2.0 (location: C:\Users\sebas\objetivo-15\objetivo-15\Library\PackageCache\com.unity.2d.animation@9.2.0)
    com.unity.2d.pixel-perfect@5.1.0 (location: C:\Users\sebas\objetivo-15\objetivo-15\Library\PackageCache\com.unity.2d.pixel-perfect@5.1.0)
    com.unity.2d.psdimporter@8.1.0 (location: C:\Users\sebas\objetivo-15\objetivo-15\Library\PackageCache\com.unity.2d.psdimporter@8.1.0)
    com.unity.2d.spriteshape@9.1.0 (location: C:\Users\sebas\objetivo-15\objetivo-15\Library\PackageCache\com.unity.2d.spriteshape@9.1.0)
    com.unity.2d.tilemap.extras@3.1.3 (location: C:\Users\sebas\objetivo-15\objetivo-15\Library\PackageCache\com.unity.2d.tilemap.extras@3.1.3)
    com.unity.2d.aseprite@1.1.9 (location: C:\Users\sebas\objetivo-15\objetivo-15\Library\PackageCache\com.unity.2d.aseprite@1.1.9)
    com.unity.searcher@4.9.2 (location: C:\Users\sebas\objetivo-15\objetivo-15\Library\PackageCache\com.unity.searcher@4.9.2)
    com.unity.2d.common@8.1.0 (location: C:\Users\sebas\objetivo-15\objetivo-15\Library\PackageCache\com.unity.2d.common@8.1.0)
    com.unity.collections@1.2.4 (location: C:\Users\sebas\objetivo-15\objetivo-15\Library\PackageCache\com.unity.collections@1.2.4)
  Built-in packages:
    com.unity.feature.2d@2.0.1 (location: C:\Users\sebas\objetivo-15\objetivo-15\Library\PackageCache\com.unity.feature.2d@2.0.1)
    com.unity.render-pipelines.universal@14.0.12 (location: C:\Users\sebas\objetivo-15\objetivo-15\Library\PackageCache\com.unity.render-pipelines.universal@14.0.12)
    com.unity.ugui@1.0.0 (location: C:\Users\sebas\objetivo-15\objetivo-15\Library\PackageCache\com.unity.ugui@1.0.0)
    com.unity.modules.ai@1.0.0 (location: C:\Users\sebas\objetivo-15\objetivo-15\Library\PackageCache\com.unity.modules.ai@1.0.0)
    com.unity.modules.androidjni@1.0.0 (location: C:\Users\sebas\objetivo-15\objetivo-15\Library\PackageCache\com.unity.modules.androidjni@1.0.0)
    com.unity.modules.animation@1.0.0 (location: C:\Users\sebas\objetivo-15\objetivo-15\Library\PackageCache\com.unity.modules.animation@1.0.0)
    com.unity.modules.assetbundle@1.0.0 (location: C:\Users\sebas\objetivo-15\objetivo-15\Library\PackageCache\com.unity.modules.assetbundle@1.0.0)
    com.unity.modules.audio@1.0.0 (location: C:\Users\sebas\objetivo-15\objetivo-15\Library\PackageCache\com.unity.modules.audio@1.0.0)
    com.unity.modules.cloth@1.0.0 (location: C:\Users\sebas\objetivo-15\objetivo-15\Library\PackageCache\com.unity.modules.cloth@1.0.0)
    com.unity.modules.director@1.0.0 (location: C:\Users\sebas\objetivo-15\objetivo-15\Library\PackageCache\com.unity.modules.director@1.0.0)
    com.unity.modules.imageconversion@1.0.0 (location: C:\Users\sebas\objetivo-15\objetivo-15\Library\PackageCache\com.unity.modules.imageconversion@1.0.0)
    com.unity.modules.imgui@1.0.0 (location: C:\Users\sebas\objetivo-15\objetivo-15\Library\PackageCache\com.unity.modules.imgui@1.0.0)
    com.unity.modules.jsonserialize@1.0.0 (location: C:\Users\sebas\objetivo-15\objetivo-15\Library\PackageCache\com.unity.modules.jsonserialize@1.0.0)
    com.unity.modules.particlesystem@1.0.0 (location: C:\Users\sebas\objetivo-15\objetivo-15\Library\PackageCache\com.unity.modules.particlesystem@1.0.0)
    com.unity.modules.physics@1.0.0 (location: C:\Users\sebas\objetivo-15\objetivo-15\Library\PackageCache\com.unity.modules.physics@1.0.0)
    com.unity.modules.physics2d@1.0.0 (location: C:\Users\sebas\objetivo-15\objetivo-15\Library\PackageCache\com.unity.modules.physics2d@1.0.0)
    com.unity.modules.screencapture@1.0.0 (location: C:\Users\sebas\objetivo-15\objetivo-15\Library\PackageCache\com.unity.modules.screencapture@1.0.0)
    com.unity.modules.terrain@1.0.0 (location: C:\Users\sebas\objetivo-15\objetivo-15\Library\PackageCache\com.unity.modules.terrain@1.0.0)
    com.unity.modules.terrainphysics@1.0.0 (location: C:\Users\sebas\objetivo-15\objetivo-15\Library\PackageCache\com.unity.modules.terrainphysics@1.0.0)
    com.unity.modules.tilemap@1.0.0 (location: C:\Users\sebas\objetivo-15\objetivo-15\Library\PackageCache\com.unity.modules.tilemap@1.0.0)
    com.unity.modules.ui@1.0.0 (location: C:\Users\sebas\objetivo-15\objetivo-15\Library\PackageCache\com.unity.modules.ui@1.0.0)
    com.unity.modules.uielements@1.0.0 (location: C:\Users\sebas\objetivo-15\objetivo-15\Library\PackageCache\com.unity.modules.uielements@1.0.0)
    com.unity.modules.umbra@1.0.0 (location: C:\Users\sebas\objetivo-15\objetivo-15\Library\PackageCache\com.unity.modules.umbra@1.0.0)
    com.unity.modules.unityanalytics@1.0.0 (location: C:\Users\sebas\objetivo-15\objetivo-15\Library\PackageCache\com.unity.modules.unityanalytics@1.0.0)
    com.unity.modules.unitywebrequest@1.0.0 (location: C:\Users\sebas\objetivo-15\objetivo-15\Library\PackageCache\com.unity.modules.unitywebrequest@1.0.0)
    com.unity.modules.unitywebrequestassetbundle@1.0.0 (location: C:\Users\sebas\objetivo-15\objetivo-15\Library\PackageCache\com.unity.modules.unitywebrequestassetbundle@1.0.0)
    com.unity.modules.unitywebrequestaudio@1.0.0 (location: C:\Users\sebas\objetivo-15\objetivo-15\Library\PackageCache\com.unity.modules.unitywebrequestaudio@1.0.0)
    com.unity.modules.unitywebrequesttexture@1.0.0 (location: C:\Users\sebas\objetivo-15\objetivo-15\Library\PackageCache\com.unity.modules.unitywebrequesttexture@1.0.0)
    com.unity.modules.unitywebrequestwww@1.0.0 (location: C:\Users\sebas\objetivo-15\objetivo-15\Library\PackageCache\com.unity.modules.unitywebrequestwww@1.0.0)
    com.unity.modules.vehicles@1.0.0 (location: C:\Users\sebas\objetivo-15\objetivo-15\Library\PackageCache\com.unity.modules.vehicles@1.0.0)
    com.unity.modules.video@1.0.0 (location: C:\Users\sebas\objetivo-15\objetivo-15\Library\PackageCache\com.unity.modules.video@1.0.0)
    com.unity.modules.vr@1.0.0 (location: C:\Users\sebas\objetivo-15\objetivo-15\Library\PackageCache\com.unity.modules.vr@1.0.0)
    com.unity.modules.wind@1.0.0 (location: C:\Users\sebas\objetivo-15\objetivo-15\Library\PackageCache\com.unity.modules.wind@1.0.0)
    com.unity.modules.xr@1.0.0 (location: C:\Users\sebas\objetivo-15\objetivo-15\Library\PackageCache\com.unity.modules.xr@1.0.0)
    com.unity.modules.subsystems@1.0.0 (location: C:\Users\sebas\objetivo-15\objetivo-15\Library\PackageCache\com.unity.modules.subsystems@1.0.0)
    com.unity.render-pipelines.core@14.0.12 (location: C:\Users\sebas\objetivo-15\objetivo-15\Library\PackageCache\com.unity.render-pipelines.core@14.0.12)
    com.unity.shadergraph@14.0.12 (location: C:\Users\sebas\objetivo-15\objetivo-15\Library\PackageCache\com.unity.shadergraph@14.0.12)
    com.unity.render-pipelines.universal-config@14.0.10 (location: C:\Users\sebas\objetivo-15\objetivo-15\Library\PackageCache\com.unity.render-pipelines.universal-config@14.0.10)
    com.unity.2d.sprite@1.0.0 (location: C:\Users\sebas\objetivo-15\objetivo-15\Library\PackageCache\com.unity.2d.sprite@1.0.0)
    com.unity.2d.tilemap@1.0.0 (location: C:\Users\sebas\objetivo-15\objetivo-15\Library\PackageCache\com.unity.2d.tilemap@1.0.0)
[Subsystems] No new subsystems found in resolved package list.
Package Manager log level set to [2]
[Package Manager] Done registering packages in 1.13 seconds
Refreshing native plugins compatible for Editor in 11.13 ms, found 5 plugins.
Preloading 0 native plugins for Editor in 0.00 ms.
Initialize engine version: 2022.3.62f3 (96770f904ca7)
[Subsystems] Discovering subsystems at path C:/Program Files/Unity/Hub/Editor/2022.3.62f3/Editor/Data/Resources/UnitySubsystems
[Subsystems] Discovering subsystems at path C:/Users/sebas/objetivo-15/objetivo-15/Assets
GfxDevice: creating device client; threaded=0; jobified=0
Direct3D:
    Version:  Direct3D 11.0 [level 11.1]
    Renderer: Intel(R) Graphics (ID=0x7dd5)
    Vendor:   Intel
    VRAM:     13675 MB
    Driver:   32.0.101.8132
[Licensing::Client] Successfully resolved entitlement details
Initialize mono
Mono path[0] = 'C:/Program Files/Unity/Hub/Editor/2022.3.62f3/Editor/Data/Managed'
Mono path[1] = 'C:/Program Files/Unity/Hub/Editor/2022.3.62f3/Editor/Data/MonoBleedingEdge/lib/mono/unityjit-win32'
Mono config path = 'C:/Program Files/Unity/Hub/Editor/2022.3.62f3/Editor/Data/MonoBleedingEdge/etc'
Using monoOptions --debugger-agent=transport=dt_socket,embedding=1,server=y,suspend=n,address=127.0.0.1:56088
Using cacheserver namespaces - metadata:defaultmetadata, artifacts:defaultartifacts
Using cacheserver namespaces - metadata:defaultmetadata, artifacts:defaultartifacts
ImportWorker Server TCP listen port: 0
Begin MonoManager ReloadAssembly
Registering precompiled unity dll's ...
Register platform support module: C:/Program Files/Unity/Hub/Editor/2022.3.62f3/Editor/Data/PlaybackEngines/WindowsStandaloneSupport/UnityEditor.WindowsStandalone.Extensions.dll
Registered in 0.008105 seconds.
- Loaded All Assemblies, in  0.333 seconds
Native extension for WindowsStandalone target not found
Mono: successfully reloaded assembly
- Finished resetting the current domain, in  0.231 seconds
Domain Reload Profiling: 563ms
	BeginReloadAssembly (109ms)
		ExecutionOrderSort (0ms)
		DisableScriptedObjects (0ms)
		BackupInstance (0ms)
		ReleaseScriptingObjects (0ms)
		CreateAndSetChildDomain (1ms)
	RebuildCommonClasses (36ms)
	RebuildNativeTypeToScriptingClass (13ms)
	initialDomainReloadingComplete (71ms)
	LoadAllAssembliesAndSetupDomain (102ms)
		LoadAssemblies (107ms)
		RebuildTransferFunctionScriptingTraits (0ms)
		AnalyzeDomain (101ms)
			TypeCache.Refresh (99ms)
				TypeCache.ScanAssembly (87ms)
			ScanForSourceGeneratedMonoScriptInfo (0ms)
			ResolveRequiredComponents (0ms)
	FinalizeReload (231ms)
		ReleaseScriptCaches (0ms)
		RebuildScriptCaches (0ms)
		SetupLoadedEditorAssemblies (192ms)
			LogAssemblyErrors (0ms)
			InitializePlatformSupportModulesInManaged (8ms)
			SetLoadedEditorAssemblies (7ms)
			RefreshPlugins (0ms)
			BeforeProcessingInitializeOnLoad (2ms)
			ProcessInitializeOnLoadAttributes (131ms)
			ProcessInitializeOnLoadMethodAttributes (43ms)
			AfterProcessingInitializeOnLoad (0ms)
			EditorAssembliesLoaded (0ms)
		ExecutionOrderSort2 (0ms)
		AwakeInstancesAfterBackupRestoration (0ms)
[Licensing::Client] Successfully resolved entitlement details
Application.AssetDatabase Initial Refresh Start
The GUID inside 'Assets/prefabs/RockHead.prefab.meta' cannot be extracted by the YAML Parser. Attempting to extract it via string matching instead. Please verify the file does not contain unexpected data.
The GUID inside 'Assets/Resources.meta' cannot be extracted by the YAML Parser. Attempting to extract it via string matching instead. Please verify the file does not contain unexpected data.
The GUID inside 'Assets/Resources/Transicion.meta' cannot be extracted by the YAML Parser. Attempting to extract it via string matching instead. Please verify the file does not contain unexpected data.
The GUID inside 'Assets/RockHead.cs.meta' cannot be extracted by the YAML Parser. Attempting to extract it via string matching instead. Please verify the file does not contain unexpected data.
info: Microsoft.Hosting.Lifetime[14]
      Now listening on: http://localhost:80
info: Microsoft.Hosting.Lifetime[0]
      Application started. Press Ctrl+C to shut down.
info: Microsoft.Hosting.Lifetime[0]
      Hosting environment: Production
info: Microsoft.Hosting.Lifetime[0]
      Content root path: C:\Users\sebas\objetivo-15\objetivo-15\
info: Microsoft.AspNetCore.Hosting.Diagnostics[1]
      Request starting HTTP/2 POST http://ilpp/UnityILPP.PostProcessing/Ping application/grpc -
info: Microsoft.AspNetCore.Routing.EndpointMiddleware[0]
      Executing endpoint 'gRPC - /UnityILPP.PostProcessing/Ping'
info: Microsoft.AspNetCore.Routing.EndpointMiddleware[1]
      Executed endpoint 'gRPC - /UnityILPP.PostProcessing/Ping'
info: Microsoft.AspNetCore.Hosting.Diagnostics[2]
      Request finished HTTP/2 POST http://ilpp/UnityILPP.PostProcessing/Ping application/grpc - - 200 - application/grpc 37.4853ms
Starting: C:\Program Files\Unity\Hub\Editor\2022.3.62f3\Editor\Data\bee_backend.exe --ipc --defer-dag-verification --dagfile="Library/Bee/1900b0aE.dag" --continue-on-failure --profile="Library/Bee/backend1.traceevents" ScriptAssemblies
WorkingDir: C:/Users/sebas/objetivo-15/objetivo-15
DisplayProgressbar: Compiling Scripts
ExitCode: 4 Duration: 0s254ms
Rebuilding DAG because FileSignature timestamp changed: Library/Bee/1900b0aE-inputdata.json
*** Tundra requires additional run (0.21 seconds), 0 items updated, 453 evaluated
Starting: C:\Program Files\Unity\Hub\Editor\2022.3.62f3\Editor\Data\Tools\netcorerun\netcorerun.exe "C:\Program Files\Unity\Hub\Editor\2022.3.62f3\Editor\Data\Tools\BuildPipeline\ScriptCompilationBuildProgram.exe" "Library/Bee/1900b0aE.dag.json" "Library/Bee/1900b0aE-inputdata.json" "Library\Bee\buildprogram0.traceevents"
WorkingDir: C:/Users/sebas/objetivo-15/objetivo-15
ExitCode: 0 Duration: 0s686ms
Starting: C:\Program Files\Unity\Hub\Editor\2022.3.62f3\Editor\Data\bee_backend.exe --ipc --defer-dag-verification --dagfile="Library/Bee/1900b0aE.dag" --continue-on-failure --dagfilejson="Library\Bee\1900b0aE.dag.json" --profile="Library/Bee/backend2.traceevents" ScriptAssemblies
WorkingDir: C:/Users/sebas/objetivo-15/objetivo-15
info: Microsoft.AspNetCore.Hosting.Diagnostics[1]
      Request starting HTTP/2 POST http://ilpp/UnityILPP.PostProcessing/ConfigurePostProcessors application/grpc -
info: Microsoft.AspNetCore.Routing.EndpointMiddleware[0]
      Executing endpoint 'gRPC - /UnityILPP.PostProcessing/ConfigurePostProcessors'
warn: Unity.ILPP.Runner.PostProcessingAssemblyLoadContext[0]
      Assembly system.runtime.interopservices.windowsruntime has duplicate hint path. Ignoring "C:\Program Files\Unity\Hub\Editor\2022.3.62f3\Editor\Data\UnityReferenceAssemblies\unity-4.8-api\Facades\System.Runtime.InteropServices.WindowsRuntime.dll" in favor of "C:\Program Files\Unity\Hub\Editor\2022.3.62f3\Editor\Data\NetStandard\Extensions\2.0.0\System.Runtime.InteropServices.WindowsRuntime.dll"
warn: Unity.ILPP.Runner.PostProcessingAssemblyLoadContext[0]
      Assembly system.componentmodel.composition has duplicate hint path. Ignoring "C:\Program Files\Unity\Hub\Editor\2022.3.62f3\Editor\Data\UnityReferenceAssemblies\unity-4.8-api\System.ComponentModel.Composition.dll" in favor of "C:\Program Files\Unity\Hub\Editor\2022.3.62f3\Editor\Data\NetStandard\compat\2.1.0\shims\netfx\System.ComponentModel.Composition.dll"
info: Unity.ILPP.Runner.PostProcessingAssemblyLoadContext[0]
      Resolved Unity.Burst.Cecil, Version=0.11.4.0, Culture=neutral, PublicKeyToken=50cebf1cceb9d05e with Library\PackageCache\com.unity.burst@1.8.21\Unity.Burst.CodeGen\Unity.Burst.Cecil.dll
info: Microsoft.AspNetCore.Routing.EndpointMiddleware[1]
      Executed endpoint 'gRPC - /UnityILPP.PostProcessing/ConfigurePostProcessors'
info: Microsoft.AspNetCore.Hosting.Diagnostics[2]
      Request finished HTTP/2 POST http://ilpp/UnityILPP.PostProcessing/ConfigurePostProcessors application/grpc - - 200 - application/grpc 296.5411ms
info: Microsoft.AspNetCore.Hosting.Diagnostics[1]
      Request starting HTTP/2 POST http://ilpp/UnityILPP.PostProcessing/PostProcessAssembly application/grpc -
info: Microsoft.AspNetCore.Routing.EndpointMiddleware[0]
      Executing endpoint 'gRPC - /UnityILPP.PostProcessing/PostProcessAssembly'
info: Microsoft.AspNetCore.Hosting.Diagnostics[1]
      Request starting HTTP/2 POST http://ilpp/UnityILPP.PostProcessing/PostProcessAssembly application/grpc -
info: Microsoft.AspNetCore.Routing.EndpointMiddleware[0]
      Executing endpoint 'gRPC - /UnityILPP.PostProcessing/PostProcessAssembly'
info: Microsoft.AspNetCore.Hosting.Diagnostics[1]
      Request starting HTTP/2 POST http://ilpp/UnityILPP.PostProcessing/PostProcessAssembly application/grpc -
info: Microsoft.AspNetCore.Routing.EndpointMiddleware[0]
      Executing endpoint 'gRPC - /UnityILPP.PostProcessing/PostProcessAssembly'
info: Microsoft.AspNetCore.Hosting.Diagnostics[1]
      Request starting HTTP/2 POST http://ilpp/UnityILPP.PostProcessing/PostProcessAssembly application/grpc -
info: Microsoft.AspNetCore.Routing.EndpointMiddleware[0]
      Executing endpoint 'gRPC - /UnityILPP.PostProcessing/PostProcessAssembly'
info: Unity.ILPP.Runner.PostProcessingPipeline[0]
      Processing assembly Library/Bee/artifacts/1900b0aE.dag/Unity.Timeline.dll, with 120 defines and 221 references
info: Unity.ILPP.Runner.PostProcessingPipeline[0]
      Processing assembly Library/Bee/artifacts/1900b0aE.dag/Unity.RenderPipeline.Universal.ShaderLibrary.dll, with 119 defines and 222 references
info: Unity.ILPP.Runner.PostProcessingPipeline[0]
      Processing assembly Library/Bee/artifacts/1900b0aE.dag/Unity.2D.Common.Runtime.dll, with 119 defines and 222 references
info: Microsoft.AspNetCore.Hosting.Diagnostics[1]
      Request starting HTTP/2 POST http://ilpp/UnityILPP.PostProcessing/PostProcessAssembly application/grpc -
info: Microsoft.AspNetCore.Routing.EndpointMiddleware[0]
      Executing endpoint 'gRPC - /UnityILPP.PostProcessing/PostProcessAssembly'
info: Microsoft.AspNetCore.Hosting.Diagnostics[1]
      Request starting HTTP/2 POST http://ilpp/UnityILPP.PostProcessing/PostProcessAssembly application/grpc -
info: Microsoft.AspNetCore.Hosting.Diagnostics[1]
      Request starting HTTP/2 POST http://ilpp/UnityILPP.PostProcessing/PostProcessAssembly application/grpc -
info: Microsoft.AspNetCore.Routing.EndpointMiddleware[0]
      Executing endpoint 'gRPC - /UnityILPP.PostProcessing/PostProcessAssembly'
info: Microsoft.AspNetCore.Routing.EndpointMiddleware[0]
      Executing endpoint 'gRPC - /UnityILPP.PostProcessing/PostProcessAssembly'
info: Unity.ILPP.Runner.PostProcessingPipeline[0]
      Processing assembly Library/Bee/artifacts/1900b0aE.dag/Unity.InternalAPIEngineBridge.001.dll, with 119 defines and 221 references
info: Unity.ILPP.Runner.PostProcessingPipeline[0]
      processors: zzzUnity.Burst.CodeGen.BurstILPostProcessor
info: Unity.ILPP.Runner.PostProcessingPipeline[0]
      processors: zzzUnity.Burst.CodeGen.BurstILPostProcessor
info: Unity.ILPP.Runner.PostProcessingPipeline[0]
      processors: zzzUnity.Burst.CodeGen.BurstILPostProcessor
info: Unity.ILPP.Runner.PostProcessingPipeline[0]
      processors: zzzUnity.Burst.CodeGen.BurstILPostProcessor
info: Unity.ILPP.Runner.PostProcessingPipeline[0]
      Processing assembly Library/Bee/artifacts/1900b0aE.dag/Unity.VisualScripting.Flow.dll, with 124 defines and 222 references
info: Unity.ILPP.Runner.PostProcessingPipeline[0]
      processors: zzzUnity.Burst.CodeGen.BurstILPostProcessor
info: Unity.ILPP.Runner.PostProcessingPipeline[0]
      running zzzUnity.Burst.CodeGen.BurstILPostProcessor
info: Unity.ILPP.Runner.PostProcessingPipeline[0]
      running zzzUnity.Burst.CodeGen.BurstILPostProcessor
info: Unity.ILPP.Runner.PostProcessingPipeline[0]
      running zzzUnity.Burst.CodeGen.BurstILPostProcessor
info: Unity.ILPP.Runner.PostProcessingPipeline[0]
      Processing assembly Library/Bee/artifacts/1900b0aE.dag/UnityEngine.UI.dll, with 124 defines and 219 references
info: Unity.ILPP.Runner.PostProcessingPipeline[0]
      processors: zzzUnity.Burst.CodeGen.BurstILPostProcessor
info: Unity.ILPP.Runner.PostProcessingPipeline[0]
      running zzzUnity.Burst.CodeGen.BurstILPostProcessor
info: Unity.ILPP.Runner.PostProcessingPipeline[0]
      Processing assembly Library/Bee/artifacts/1900b0aE.dag/Unity.2D.IK.Runtime.dll, with 119 defines and 222 references
info: Unity.ILPP.Runner.PostProcessingPipeline[0]
      processors: zzzUnity.Burst.CodeGen.BurstILPostProcessor
info: Unity.ILPP.Runner.PostProcessingPipeline[0]
      running zzzUnity.Burst.CodeGen.BurstILPostProcessor
info: Unity.ILPP.Runner.PostProcessingPipeline[0]
      running zzzUnity.Burst.CodeGen.BurstILPostProcessor
info: Unity.ILPP.Runner.PostProcessingPipeline[0]
      running zzzUnity.Burst.CodeGen.BurstILPostProcessor
info: Microsoft.AspNetCore.Hosting.Diagnostics[1]
      Request starting HTTP/2 POST http://ilpp/UnityILPP.PostProcessing/PostProcessAssembly application/grpc -
info: Microsoft.AspNetCore.Routing.EndpointMiddleware[0]
      Executing endpoint 'gRPC - /UnityILPP.PostProcessing/PostProcessAssembly'
info: Unity.ILPP.Runner.PostProcessingPipeline[0]
      Processing assembly Library/Bee/artifacts/1900b0aE.dag/Unity.VisualScripting.Core.dll, with 122 defines and 221 references
info: Unity.ILPP.Runner.PostProcessingPipeline[0]
      processors: zzzUnity.Burst.CodeGen.BurstILPostProcessor
info: Microsoft.AspNetCore.Routing.EndpointMiddleware[1]
      Executed endpoint 'gRPC - /UnityILPP.PostProcessing/PostProcessAssembly'
info: Microsoft.AspNetCore.Routing.EndpointMiddleware[1]
      Executed endpoint 'gRPC - /UnityILPP.PostProcessing/PostProcessAssembly'
info: Microsoft.AspNetCore.Routing.EndpointMiddleware[1]
      Executed endpoint 'gRPC - /UnityILPP.PostProcessing/PostProcessAssembly'
info: Microsoft.AspNetCore.Routing.EndpointMiddleware[1]
      Executed endpoint 'gRPC - /UnityILPP.PostProcessing/PostProcessAssembly'
info: Microsoft.AspNetCore.Routing.EndpointMiddleware[1]
      Executed endpoint 'gRPC - /UnityILPP.PostProcessing/PostProcessAssembly'
info: Unity.ILPP.Runner.PostProcessingPipeline[0]
      running zzzUnity.Burst.CodeGen.BurstILPostProcessor
info: Microsoft.AspNetCore.Hosting.Diagnostics[2]
      Request finished HTTP/2 POST http://ilpp/UnityILPP.PostProcessing/PostProcessAssembly application/grpc - - 200 - application/grpc 34.7442ms
info: Microsoft.AspNetCore.Hosting.Diagnostics[2]
      Request finished HTTP/2 POST http://ilpp/UnityILPP.PostProcessing/PostProcessAssembly application/grpc - - 200 - application/grpc 31.4471ms
info: Microsoft.AspNetCore.Routing.EndpointMiddleware[1]
      Executed endpoint 'gRPC - /UnityILPP.PostProcessing/PostProcessAssembly'
info: Microsoft.AspNetCore.Hosting.Diagnostics[2]
      Request finished HTTP/2 POST http://ilpp/UnityILPP.PostProcessing/PostProcessAssembly application/grpc - - 200 - application/grpc 38.5340ms
info: Microsoft.AspNetCore.Routing.EndpointMiddleware[1]
      Executed endpoint 'gRPC - /UnityILPP.PostProcessing/PostProcessAssembly'
info: Microsoft.AspNetCore.Hosting.Diagnostics[2]
      Request finished HTTP/2 POST http://ilpp/UnityILPP.PostProcessing/PostProcessAssembly application/grpc - - 200 - application/grpc 39.7623ms
info: Microsoft.AspNetCore.Hosting.Diagnostics[2]
      Request finished HTTP/2 POST http://ilpp/UnityILPP.PostProcessing/PostProcessAssembly application/grpc - - 200 - application/grpc 34.9201ms
info: Microsoft.AspNetCore.Hosting.Diagnostics[2]
      Request finished HTTP/2 POST http://ilpp/UnityILPP.PostProcessing/PostProcessAssembly application/grpc - - 200 - application/grpc 34.6339ms
info: Microsoft.AspNetCore.Hosting.Diagnostics[2]
      Request finished HTTP/2 POST http://ilpp/UnityILPP.PostProcessing/PostProcessAssembly application/grpc - - 200 - application/grpc 41.1319ms
info: Microsoft.AspNetCore.Routing.EndpointMiddleware[1]
      Executed endpoint 'gRPC - /UnityILPP.PostProcessing/PostProcessAssembly'
info: Microsoft.AspNetCore.Hosting.Diagnostics[2]
      Request finished HTTP/2 POST http://ilpp/UnityILPP.PostProcessing/PostProcessAssembly application/grpc - - 200 - application/grpc 18.4539ms
info: Microsoft.AspNetCore.Hosting.Diagnostics[1]
      Request starting HTTP/2 POST http://ilpp/UnityILPP.PostProcessing/PostProcessAssembly application/grpc -
info: Microsoft.AspNetCore.Routing.EndpointMiddleware[0]
      Executing endpoint 'gRPC - /UnityILPP.PostProcessing/PostProcessAssembly'
info: Unity.ILPP.Runner.PostProcessingPipeline[0]
      Processing assembly Library/Bee/artifacts/1900b0aE.dag/Unity.RenderPipelines.Universal.2D.Internal.dll, with 119 defines and 221 references
info: Unity.ILPP.Runner.PostProcessingPipeline[0]
      processors: zzzUnity.Burst.CodeGen.BurstILPostProcessor
info: Unity.ILPP.Runner.PostProcessingPipeline[0]
      running zzzUnity.Burst.CodeGen.BurstILPostProcessor
info: Microsoft.AspNetCore.Hosting.Diagnostics[1]
      Request starting HTTP/2 POST http://ilpp/UnityILPP.PostProcessing/PostProcessAssembly application/grpc -
info: Microsoft.AspNetCore.Routing.EndpointMiddleware[0]
      Executing endpoint 'gRPC - /UnityILPP.PostProcessing/PostProcessAssembly'
info: Unity.ILPP.Runner.PostProcessingPipeline[0]
      Processing assembly Library/Bee/artifacts/1900b0aE.dag/Unity.Burst.dll, with 119 defines and 210 references
info: Unity.ILPP.Runner.PostProcessingPipeline[0]
      processors: zzzUnity.Burst.CodeGen.BurstILPostProcessor
info: Unity.ILPP.Runner.PostProcessingPipeline[0]
      running zzzUnity.Burst.CodeGen.BurstILPostProcessor
info: Microsoft.AspNetCore.Hosting.Diagnostics[1]
      Request starting HTTP/2 POST http://ilpp/UnityILPP.PostProcessing/PostProcessAssembly application/grpc -
info: Microsoft.AspNetCore.Routing.EndpointMiddleware[0]
      Executing endpoint 'gRPC - /UnityILPP.PostProcessing/PostProcessAssembly'
info: Unity.ILPP.Runner.PostProcessingPipeline[0]
      Processing assembly Library/Bee/artifacts/1900b0aE.dag/Unity.RenderPipelines.Core.Runtime.dll, with 121 defines and 221 references
info: Unity.ILPP.Runner.PostProcessingPipeline[0]
      processors: zzzUnity.Burst.CodeGen.BurstILPostProcessor
info: Microsoft.AspNetCore.Routing.EndpointMiddleware[1]
      Executed endpoint 'gRPC - /UnityILPP.PostProcessing/PostProcessAssembly'
info: Microsoft.AspNetCore.Hosting.Diagnostics[2]
      Request finished HTTP/2 POST http://ilpp/UnityILPP.PostProcessing/PostProcessAssembly application/grpc - - 200 - application/grpc 14.1658ms
info: Microsoft.AspNetCore.Routing.EndpointMiddleware[1]
      Executed endpoint 'gRPC - /UnityILPP.PostProcessing/PostProcessAssembly'
info: Microsoft.AspNetCore.Hosting.Diagnostics[2]
      Request finished HTTP/2 POST http://ilpp/UnityILPP.PostProcessing/PostProcessAssembly application/grpc - - 200 - application/grpc 13.3397ms
info: Unity.ILPP.Runner.PostProcessingPipeline[0]
      running zzzUnity.Burst.CodeGen.BurstILPostProcessor
info: Microsoft.AspNetCore.Hosting.Diagnostics[1]
      Request starting HTTP/2 POST http://ilpp/UnityILPP.PostProcessing/PostProcessAssembly application/grpc -
info: Microsoft.AspNetCore.Hosting.Diagnostics[1]
      Request starting HTTP/2 POST http://ilpp/UnityILPP.PostProcessing/PostProcessAssembly application/grpc -
info: Microsoft.AspNetCore.Routing.EndpointMiddleware[0]
      Executing endpoint 'gRPC - /UnityILPP.PostProcessing/PostProcessAssembly'
info: Microsoft.AspNetCore.Routing.EndpointMiddleware[0]
      Executing endpoint 'gRPC - /UnityILPP.PostProcessing/PostProcessAssembly'
info: Microsoft.AspNetCore.Hosting.Diagnostics[1]
      Request starting HTTP/2 POST http://ilpp/UnityILPP.PostProcessing/PostProcessAssembly application/grpc -
info: Microsoft.AspNetCore.Routing.EndpointMiddleware[0]
      Executing endpoint 'gRPC - /UnityILPP.PostProcessing/PostProcessAssembly'
info: Unity.ILPP.Runner.PostProcessingPipeline[0]
      Processing assembly Library/Bee/artifacts/1900b0aE.dag/Unity.TextMeshPro.dll, with 120 defines and 221 references
info: Unity.ILPP.Runner.PostProcessingPipeline[0]
      Processing assembly Library/Bee/artifacts/1900b0aE.dag/Unity.Mathematics.dll, with 119 defines and 221 references
info: Unity.ILPP.Runner.PostProcessingPipeline[0]
      processors: zzzUnity.Burst.CodeGen.BurstILPostProcessor
info: Unity.ILPP.Runner.PostProcessingPipeline[0]
      processors: zzzUnity.Burst.CodeGen.BurstILPostProcessor
info: Unity.ILPP.Runner.PostProcessingPipeline[0]
      Processing assembly Library/Bee/artifacts/1900b0aE.dag/Unity.RenderPipelines.Universal.Runtime.dll, with 124 defines and 227 references
info: Unity.ILPP.Runner.PostProcessingPipeline[0]
      processors: zzzUnity.Burst.CodeGen.BurstILPostProcessor
info: Unity.ILPP.Runner.PostProcessingPipeline[0]
      running zzzUnity.Burst.CodeGen.BurstILPostProcessor
info: Unity.ILPP.Runner.PostProcessingPipeline[0]
      running zzzUnity.Burst.CodeGen.BurstILPostProcessor
info: Microsoft.AspNetCore.Routing.EndpointMiddleware[1]
      Executed endpoint 'gRPC - /UnityILPP.PostProcessing/PostProcessAssembly'
info: Microsoft.AspNetCore.Hosting.Diagnostics[2]
      Request finished HTTP/2 POST http://ilpp/UnityILPP.PostProcessing/PostProcessAssembly application/grpc - - 200 - application/grpc 13.4670ms
info: Microsoft.AspNetCore.Routing.EndpointMiddleware[1]
      Executed endpoint 'gRPC - /UnityILPP.PostProcessing/PostProcessAssembly'
info: Microsoft.AspNetCore.Hosting.Diagnostics[2]
      Request finished HTTP/2 POST http://ilpp/UnityILPP.PostProcessing/PostProcessAssembly application/grpc - - 200 - application/grpc 13.5778ms
info: Microsoft.AspNetCore.Routing.EndpointMiddleware[1]
      Executed endpoint 'gRPC - /UnityILPP.PostProcessing/PostProcessAssembly'
info: Microsoft.AspNetCore.Hosting.Diagnostics[2]
      Request finished HTTP/2 POST http://ilpp/UnityILPP.PostProcessing/PostProcessAssembly application/grpc - - 200 - application/grpc 17.5484ms
info: Microsoft.AspNetCore.Hosting.Diagnostics[1]
      Request starting HTTP/2 POST http://ilpp/UnityILPP.PostProcessing/PostProcessAssembly application/grpc -
info: Microsoft.AspNetCore.Routing.EndpointMiddleware[0]
      Executing endpoint 'gRPC - /UnityILPP.PostProcessing/PostProcessAssembly'
info: Unity.ILPP.Runner.PostProcessingPipeline[0]
      Processing assembly Library/Bee/artifacts/1900b0aE.dag/Unity.RenderPipelines.Core.ShaderLibrary.dll, with 119 defines and 221 references
info: Unity.ILPP.Runner.PostProcessingPipeline[0]
      processors: zzzUnity.Burst.CodeGen.BurstILPostProcessor
info: Microsoft.AspNetCore.Hosting.Diagnostics[1]
      Request starting HTTP/2 POST http://ilpp/UnityILPP.PostProcessing/PostProcessAssembly application/grpc -
info: Microsoft.AspNetCore.Routing.EndpointMiddleware[0]
      Executing endpoint 'gRPC - /UnityILPP.PostProcessing/PostProcessAssembly'
info: Unity.ILPP.Runner.PostProcessingPipeline[0]
      running zzzUnity.Burst.CodeGen.BurstILPostProcessor
info: Unity.ILPP.Runner.PostProcessingPipeline[0]
      running zzzUnity.Burst.CodeGen.BurstILPostProcessor
info: Unity.ILPP.Runner.PostProcessingPipeline[0]
      Processing assembly Library/Bee/artifacts/1900b0aE.dag/Unity.Collections.dll, with 119 defines and 223 references
info: Unity.ILPP.Runner.PostProcessingPipeline[0]
      processors: zzzUnity.Burst.CodeGen.BurstILPostProcessor
info: Unity.ILPP.Runner.PostProcessingPipeline[0]
      running zzzUnity.Burst.CodeGen.BurstILPostProcessor
info: Microsoft.AspNetCore.Hosting.Diagnostics[1]
      Request starting HTTP/2 POST http://ilpp/UnityILPP.PostProcessing/PostProcessAssembly application/grpc -
info: Microsoft.AspNetCore.Routing.EndpointMiddleware[0]
      Executing endpoint 'gRPC - /UnityILPP.PostProcessing/PostProcessAssembly'
info: Unity.ILPP.Runner.PostProcessingPipeline[0]
      Processing assembly Library/Bee/artifacts/1900b0aE.dag/Unity.2D.Tilemap.Extras.dll, with 119 defines and 221 references
info: Unity.ILPP.Runner.PostProcessingPipeline[0]
      processors: zzzUnity.Burst.CodeGen.BurstILPostProcessor
info: Microsoft.AspNetCore.Routing.EndpointMiddleware[1]
      Executed endpoint 'gRPC - /UnityILPP.PostProcessing/PostProcessAssembly'
info: Microsoft.AspNetCore.Hosting.Diagnostics[2]
      Request finished HTTP/2 POST http://ilpp/UnityILPP.PostProcessing/PostProcessAssembly application/grpc - - 200 - application/grpc 86.0865ms
info: Unity.ILPP.Runner.PostProcessingPipeline[0]
      running zzzUnity.Burst.CodeGen.BurstILPostProcessor
info: Microsoft.AspNetCore.Hosting.Diagnostics[1]
      Request starting HTTP/2 POST http://ilpp/UnityILPP.PostProcessing/PostProcessAssembly application/grpc -
info: Microsoft.AspNetCore.Routing.EndpointMiddleware[0]
      Executing endpoint 'gRPC - /UnityILPP.PostProcessing/PostProcessAssembly'
info: Unity.ILPP.Runner.PostProcessingPipeline[0]
      Processing assembly Library/Bee/artifacts/1900b0aE.dag/Unity.RenderPipelines.Universal.Shaders.dll, with 119 defines and 221 references
info: Unity.ILPP.Runner.PostProcessingPipeline[0]
      processors: zzzUnity.Burst.CodeGen.BurstILPostProcessor
info: Unity.ILPP.Runner.PostProcessingPipeline[0]
      running zzzUnity.Burst.CodeGen.BurstILPostProcessor
info: Microsoft.AspNetCore.Routing.EndpointMiddleware[1]
      Executed endpoint 'gRPC - /UnityILPP.PostProcessing/PostProcessAssembly'
info: Microsoft.AspNetCore.Hosting.Diagnostics[2]
      Request finished HTTP/2 POST http://ilpp/UnityILPP.PostProcessing/PostProcessAssembly application/grpc - - 200 - application/grpc 11.0896ms
info: Microsoft.AspNetCore.Hosting.Diagnostics[1]
      Request starting HTTP/2 POST http://ilpp/UnityILPP.PostProcessing/PostProcessAssembly application/grpc -
info: Microsoft.AspNetCore.Routing.EndpointMiddleware[0]
      Executing endpoint 'gRPC - /UnityILPP.PostProcessing/PostProcessAssembly'
info: Unity.ILPP.Runner.PostProcessingPipeline[0]
      Processing assembly Library/Bee/artifacts/1900b0aE.dag/Unity.RenderPipelines.ShaderGraph.ShaderGraphLibrary.dll, with 119 defines and 221 references
info: Unity.ILPP.Runner.PostProcessingPipeline[0]
      processors: zzzUnity.Burst.CodeGen.BurstILPostProcessor
info: Unity.ILPP.Runner.PostProcessingPipeline[0]
      running zzzUnity.Burst.CodeGen.BurstILPostProcessor
info: Microsoft.AspNetCore.Hosting.Diagnostics[1]
      Request starting HTTP/2 POST http://ilpp/UnityILPP.PostProcessing/PostProcessAssembly application/grpc -
info: Microsoft.AspNetCore.Routing.EndpointMiddleware[0]
      Executing endpoint 'gRPC - /UnityILPP.PostProcessing/PostProcessAssembly'
info: Microsoft.AspNetCore.Hosting.Diagnostics[1]
      Request starting HTTP/2 POST http://ilpp/UnityILPP.PostProcessing/PostProcessAssembly application/grpc -
info: Microsoft.AspNetCore.Routing.EndpointMiddleware[0]
      Executing endpoint 'gRPC - /UnityILPP.PostProcessing/PostProcessAssembly'
info: Microsoft.AspNetCore.Hosting.Diagnostics[1]
      Request starting HTTP/2 POST http://ilpp/UnityILPP.PostProcessing/PostProcessAssembly application/grpc -
info: Microsoft.AspNetCore.Routing.EndpointMiddleware[0]
      Executing endpoint 'gRPC - /UnityILPP.PostProcessing/PostProcessAssembly'
info: Microsoft.AspNetCore.Routing.EndpointMiddleware[1]
      Executed endpoint 'gRPC - /UnityILPP.PostProcessing/PostProcessAssembly'
info: Microsoft.AspNetCore.Hosting.Diagnostics[2]
      Request finished HTTP/2 POST http://ilpp/UnityILPP.PostProcessing/PostProcessAssembly application/grpc - - 200 - application/grpc 115.2104ms
info: Unity.ILPP.Runner.PostProcessingPipeline[0]
      Processing assembly Library/Bee/artifacts/1900b0aE.dag/Unity.2D.PixelPerfect.dll, with 120 defines and 221 references
info: Unity.ILPP.Runner.PostProcessingPipeline[0]
      processors: zzzUnity.Burst.CodeGen.BurstILPostProcessor
info: Unity.ILPP.Runner.PostProcessingPipeline[0]
      running zzzUnity.Burst.CodeGen.BurstILPostProcessor
info: Microsoft.AspNetCore.Routing.EndpointMiddleware[1]
      Executed endpoint 'gRPC - /UnityILPP.PostProcessing/PostProcessAssembly'
info: Microsoft.AspNetCore.Hosting.Diagnostics[2]
      Request finished HTTP/2 POST http://ilpp/UnityILPP.PostProcessing/PostProcessAssembly application/grpc - - 200 - application/grpc 8.7317ms
info: Microsoft.AspNetCore.Routing.EndpointMiddleware[1]
      Executed endpoint 'gRPC - /UnityILPP.PostProcessing/PostProcessAssembly'
info: Microsoft.AspNetCore.Hosting.Diagnostics[2]
      Request finished HTTP/2 POST http://ilpp/UnityILPP.PostProcessing/PostProcessAssembly application/grpc - - 200 - application/grpc 25.3723ms
info: Unity.ILPP.Runner.PostProcessingPipeline[0]
      Processing assembly Library/Bee/artifacts/1900b0aE.dag/Unity.RenderPipelines.Universal.Config.Runtime.dll, with 119 defines and 222 references
info: Unity.ILPP.Runner.PostProcessingPipeline[0]
      processors: zzzUnity.Burst.CodeGen.BurstILPostProcessor
info: Unity.ILPP.Runner.PostProcessingPipeline[0]
      Processing assembly Library/Bee/artifacts/1900b0aE.dag/Unity.VisualScripting.State.dll, with 119 defines and 223 references
info: Unity.ILPP.Runner.PostProcessingPipeline[0]
      processors: zzzUnity.Burst.CodeGen.BurstILPostProcessor
info: Microsoft.AspNetCore.Hosting.Diagnostics[1]
      Request starting HTTP/2 POST http://ilpp/UnityILPP.PostProcessing/PostProcessAssembly application/grpc -
info: Microsoft.AspNetCore.Routing.EndpointMiddleware[0]
      Executing endpoint 'gRPC - /UnityILPP.PostProcessing/PostProcessAssembly'
info: Unity.ILPP.Runner.PostProcessingPipeline[0]
      Processing assembly Library/Bee/artifacts/1900b0aE.dag/Unity.2D.SpriteShape.Runtime.dll, with 120 defines and 224 references
info: Unity.ILPP.Runner.PostProcessingPipeline[0]
      processors: zzzUnity.Burst.CodeGen.BurstILPostProcessor
info: Unity.ILPP.Runner.PostProcessingPipeline[0]
      running zzzUnity.Burst.CodeGen.BurstILPostProcessor
info: Unity.ILPP.Runner.PostProcessingPipeline[0]
      running zzzUnity.Burst.CodeGen.BurstILPostProcessor
info: Microsoft.AspNetCore.Routing.EndpointMiddleware[1]
      Executed endpoint 'gRPC - /UnityILPP.PostProcessing/PostProcessAssembly'
info: Microsoft.AspNetCore.Hosting.Diagnostics[2]
      Request finished HTTP/2 POST http://ilpp/UnityILPP.PostProcessing/PostProcessAssembly application/grpc - - 200 - application/grpc 30.9870ms
info: Unity.ILPP.Runner.PostProcessingPipeline[0]
      running zzzUnity.Burst.CodeGen.BurstILPostProcessor
info: Microsoft.AspNetCore.Hosting.Diagnostics[1]
      Request starting HTTP/2 POST http://ilpp/UnityILPP.PostProcessing/PostProcessAssembly application/grpc -
info: Microsoft.AspNetCore.Routing.EndpointMiddleware[0]
      Executing endpoint 'gRPC - /UnityILPP.PostProcessing/PostProcessAssembly'
info: Unity.ILPP.Runner.PostProcessingPipeline[0]
      Processing assembly Library/Bee/artifacts/1900b0aE.dag/Unity.2D.Animation.Runtime.dll, with 119 defines and 226 references
info: Unity.ILPP.Runner.PostProcessingPipeline[0]
      processors: zzzUnity.Burst.CodeGen.BurstILPostProcessor
info: Unity.ILPP.Runner.PostProcessingPipeline[0]
      running zzzUnity.Burst.CodeGen.BurstILPostProcessor
info: Microsoft.AspNetCore.Hosting.Diagnostics[1]
      Request starting HTTP/2 POST http://ilpp/UnityILPP.PostProcessing/PostProcessAssembly application/grpc -
info: Microsoft.AspNetCore.Routing.EndpointMiddleware[0]
      Executing endpoint 'gRPC - /UnityILPP.PostProcessing/PostProcessAssembly'
info: Unity.ILPP.Runner.PostProcessingPipeline[0]
      Processing assembly Library/Bee/artifacts/1900b0aE.dag/Unity.InternalAPIEditorBridge.001.dll, with 117 defines and 229 references
info: Unity.ILPP.Runner.PostProcessingPipeline[0]
      processors: zzzUnity.Burst.CodeGen.BurstILPostProcessor
info: Microsoft.AspNetCore.Routing.EndpointMiddleware[1]
      Executed endpoint 'gRPC - /UnityILPP.PostProcessing/PostProcessAssembly'
info: Microsoft.AspNetCore.Hosting.Diagnostics[2]
      Request finished HTTP/2 POST http://ilpp/UnityILPP.PostProcessing/PostProcessAssembly application/grpc - - 200 - application/grpc 78.2968ms
info: Unity.ILPP.Runner.PostProcessingPipeline[0]
      running zzzUnity.Burst.CodeGen.BurstILPostProcessor
info: Unity.ILPP.Runner.PostProcessingAssemblyLoadContext[0]
      Resolved Unity.Burst.Cecil.Rocks, Version=0.11.4.0, Culture=neutral, PublicKeyToken=50cebf1cceb9d05e with Library\PackageCache\com.unity.burst@1.8.21\Unity.Burst.CodeGen\Unity.Burst.Cecil.Rocks.dll
info: Microsoft.AspNetCore.Hosting.Diagnostics[1]
      Request starting HTTP/2 POST http://ilpp/UnityILPP.PostProcessing/PostProcessAssembly application/grpc -
info: Microsoft.AspNetCore.Routing.EndpointMiddleware[0]
      Executing endpoint 'gRPC - /UnityILPP.PostProcessing/PostProcessAssembly'
info: Microsoft.AspNetCore.Hosting.Diagnostics[1]
      Request starting HTTP/2 POST http://ilpp/UnityILPP.PostProcessing/PostProcessAssembly application/grpc -
info: Microsoft.AspNetCore.Routing.EndpointMiddleware[0]
      Executing endpoint 'gRPC - /UnityILPP.PostProcessing/PostProcessAssembly'
info: Unity.ILPP.Runner.PostProcessingPipeline[0]
      Processing assembly Library/Bee/artifacts/1900b0aE.dag/Unity.Burst.Editor.dll, with 117 defines and 229 references
info: Unity.ILPP.Runner.PostProcessingPipeline[0]
      processors: zzzUnity.Burst.CodeGen.BurstILPostProcessor
info: Microsoft.AspNetCore.Routing.EndpointMiddleware[1]
      Executed endpoint 'gRPC - /UnityILPP.PostProcessing/PostProcessAssembly'
info: Microsoft.AspNetCore.Hosting.Diagnostics[2]
      Request finished HTTP/2 POST http://ilpp/UnityILPP.PostProcessing/PostProcessAssembly application/grpc - - 200 - application/grpc 116.4990ms
info: Microsoft.AspNetCore.Hosting.Diagnostics[1]
      Request starting HTTP/2 POST http://ilpp/UnityILPP.PostProcessing/PostProcessAssembly application/grpc -
info: Microsoft.AspNetCore.Routing.EndpointMiddleware[0]
      Executing endpoint 'gRPC - /UnityILPP.PostProcessing/PostProcessAssembly'
info: Unity.ILPP.Runner.PostProcessingPipeline[0]
      Processing assembly Library/Bee/artifacts/1900b0aE.dag/PsdPlugin.dll, with 117 defines and 229 references
info: Unity.ILPP.Runner.PostProcessingPipeline[0]
      processors: zzzUnity.Burst.CodeGen.BurstILPostProcessor
info: Unity.ILPP.Runner.PostProcessingPipeline[0]
      running zzzUnity.Burst.CodeGen.BurstILPostProcessor
info: Unity.ILPP.Runner.PostProcessingPipeline[0]
      running zzzUnity.Burst.CodeGen.BurstILPostProcessor
info: Microsoft.AspNetCore.Hosting.Diagnostics[1]
      Request starting HTTP/2 POST http://ilpp/UnityILPP.PostProcessing/PostProcessAssembly application/grpc -
info: Microsoft.AspNetCore.Routing.EndpointMiddleware[0]
      Executing endpoint 'gRPC - /UnityILPP.PostProcessing/PostProcessAssembly'
info: Unity.ILPP.Runner.PostProcessingPipeline[0]
      Processing assembly Library/Bee/artifacts/1900b0aE.dag/Unity.ShaderGraph.Utilities.dll, with 117 defines and 228 references
info: Unity.ILPP.Runner.PostProcessingPipeline[0]
      processors: zzzUnity.Burst.CodeGen.BurstILPostProcessor
info: Unity.ILPP.Runner.PostProcessingPipeline[0]
      running zzzUnity.Burst.CodeGen.BurstILPostProcessor
info: Unity.ILPP.Runner.PostProcessingPipeline[0]
      Processing assembly Library/Bee/artifacts/1900b0aE.dag/Unity.TextMeshPro.Editor.dll, with 117 defines and 229 references
info: Unity.ILPP.Runner.PostProcessingPipeline[0]
      processors: zzzUnity.Burst.CodeGen.BurstILPostProcessor
info: Unity.ILPP.Runner.PostProcessingPipeline[0]
      running zzzUnity.Burst.CodeGen.BurstILPostProcessor
info: Microsoft.AspNetCore.Hosting.Diagnostics[1]
      Request starting HTTP/2 POST http://ilpp/UnityILPP.PostProcessing/PostProcessAssembly application/grpc -
info: Microsoft.AspNetCore.Routing.EndpointMiddleware[1]
      Executed endpoint 'gRPC - /UnityILPP.PostProcessing/PostProcessAssembly'
info: Microsoft.AspNetCore.Hosting.Diagnostics[2]
      Request finished HTTP/2 POST http://ilpp/UnityILPP.PostProcessing/PostProcessAssembly application/grpc - - 200 - application/grpc 19.7099ms
info: Microsoft.AspNetCore.Routing.EndpointMiddleware[1]
      Executed endpoint 'gRPC - /UnityILPP.PostProcessing/PostProcessAssembly'
info: Microsoft.AspNetCore.Hosting.Diagnostics[2]
      Request finished HTTP/2 POST http://ilpp/UnityILPP.PostProcessing/PostProcessAssembly application/grpc - - 200 - application/grpc 33.4706ms
info: Microsoft.AspNetCore.Hosting.Diagnostics[1]
      Request starting HTTP/2 POST http://ilpp/UnityILPP.PostProcessing/PostProcessAssembly application/grpc -
info: Microsoft.AspNetCore.Routing.EndpointMiddleware[0]
      Executing endpoint 'gRPC - /UnityILPP.PostProcessing/PostProcessAssembly'
info: Microsoft.AspNetCore.Routing.EndpointMiddleware[0]
      Executing endpoint 'gRPC - /UnityILPP.PostProcessing/PostProcessAssembly'
info: Unity.ILPP.Runner.PostProcessingPipeline[0]
      Processing assembly Library/Bee/artifacts/1900b0aE.dag/Unity.RenderPipelines.Core.Editor.dll, with 118 defines and 230 references
info: Unity.ILPP.Runner.PostProcessingPipeline[0]
      processors: zzzUnity.Burst.CodeGen.BurstILPostProcessor
info: Unity.ILPP.Runner.PostProcessingPipeline[0]
      Processing assembly Library/Bee/artifacts/1900b0aE.dag/UnityEditor.UI.dll, with 120 defines and 227 references
info: Unity.ILPP.Runner.PostProcessingPipeline[0]
      processors: zzzUnity.Burst.CodeGen.BurstILPostProcessor
info: Unity.ILPP.Runner.PostProcessingPipeline[0]
      running zzzUnity.Burst.CodeGen.BurstILPostProcessor
info: Microsoft.AspNetCore.Routing.EndpointMiddleware[1]
      Executed endpoint 'gRPC - /UnityILPP.PostProcessing/PostProcessAssembly'
info: Microsoft.AspNetCore.Hosting.Diagnostics[2]
      Request finished HTTP/2 POST http://ilpp/UnityILPP.PostProcessing/PostProcessAssembly application/grpc - - 200 - application/grpc 13.3749ms
info: Microsoft.AspNetCore.Routing.EndpointMiddleware[1]
      Executed endpoint 'gRPC - /UnityILPP.PostProcessing/PostProcessAssembly'
info: Microsoft.AspNetCore.Hosting.Diagnostics[2]
      Request finished HTTP/2 POST http://ilpp/UnityILPP.PostProcessing/PostProcessAssembly application/grpc - - 200 - application/grpc 103.0999ms
info: Unity.ILPP.Runner.PostProcessingPipeline[0]
      running zzzUnity.Burst.CodeGen.BurstILPostProcessor
info: Microsoft.AspNetCore.Hosting.Diagnostics[1]
      Request starting HTTP/2 POST http://ilpp/UnityILPP.PostProcessing/PostProcessAssembly application/grpc -
info: Microsoft.AspNetCore.Routing.EndpointMiddleware[0]
      Executing endpoint 'gRPC - /UnityILPP.PostProcessing/PostProcessAssembly'
info: Unity.ILPP.Runner.PostProcessingPipeline[0]
      Processing assembly Library/Bee/artifacts/1900b0aE.dag/Cinemachine.dll, with 127 defines and 225 references
info: Unity.ILPP.Runner.PostProcessingPipeline[0]
      processors: zzzUnity.Burst.CodeGen.BurstILPostProcessor
info: Unity.ILPP.Runner.PostProcessingPipeline[0]
      running zzzUnity.Burst.CodeGen.BurstILPostProcessor
info: Microsoft.AspNetCore.Hosting.Diagnostics[1]
      Request starting HTTP/2 POST http://ilpp/UnityILPP.PostProcessing/PostProcessAssembly application/grpc -
info: Microsoft.AspNetCore.Routing.EndpointMiddleware[1]
      Executed endpoint 'gRPC - /UnityILPP.PostProcessing/PostProcessAssembly'
info: Microsoft.AspNetCore.Routing.EndpointMiddleware[0]
      Executing endpoint 'gRPC - /UnityILPP.PostProcessing/PostProcessAssembly'
info: Microsoft.AspNetCore.Hosting.Diagnostics[2]
      Request finished HTTP/2 POST http://ilpp/UnityILPP.PostProcessing/PostProcessAssembly application/grpc - - 200 - application/grpc 36.1396ms
info: Unity.ILPP.Runner.PostProcessingPipeline[0]
      Processing assembly Library/Bee/artifacts/1900b0aE.dag/Unity.Searcher.Editor.dll, with 117 defines and 228 references
info: Unity.ILPP.Runner.PostProcessingPipeline[0]
      processors: zzzUnity.Burst.CodeGen.BurstILPostProcessor
info: Unity.ILPP.Runner.PostProcessingPipeline[0]
      running zzzUnity.Burst.CodeGen.BurstILPostProcessor
info: Microsoft.AspNetCore.Hosting.Diagnostics[1]
      Request starting HTTP/2 POST http://ilpp/UnityILPP.PostProcessing/PostProcessAssembly application/grpc -
info: Microsoft.AspNetCore.Routing.EndpointMiddleware[0]
      Executing endpoint 'gRPC - /UnityILPP.PostProcessing/PostProcessAssembly'
info: Unity.ILPP.Runner.PostProcessingPipeline[0]
      Processing assembly Library/Bee/artifacts/1900b0aE.dag/Unity.CollabProxy.Editor.dll, with 117 defines and 229 references
info: Unity.ILPP.Runner.PostProcessingPipeline[0]
      processors: zzzUnity.Burst.CodeGen.BurstILPostProcessor
info: Unity.ILPP.Runner.PostProcessingPipeline[0]
      running zzzUnity.Burst.CodeGen.BurstILPostProcessor
info: Microsoft.AspNetCore.Hosting.Diagnostics[1]
      Request starting HTTP/2 POST http://ilpp/UnityILPP.PostProcessing/PostProcessAssembly application/grpc -
info: Microsoft.AspNetCore.Routing.EndpointMiddleware[0]
      Executing endpoint 'gRPC - /UnityILPP.PostProcessing/PostProcessAssembly'
info: Unity.ILPP.Runner.PostProcessingPipeline[0]
      Processing assembly Library/Bee/artifacts/1900b0aE.dag/Unity.2D.Sprite.Editor.dll, with 117 defines and 228 references
info: Unity.ILPP.Runner.PostProcessingPipeline[0]
      processors: zzzUnity.Burst.CodeGen.BurstILPostProcessor
info: Unity.ILPP.Runner.PostProcessingPipeline[0]
      running zzzUnity.Burst.CodeGen.BurstILPostProcessor
info: Microsoft.AspNetCore.Hosting.Diagnostics[1]
      Request starting HTTP/2 POST http://ilpp/UnityILPP.PostProcessing/PostProcessAssembly application/grpc -
info: Microsoft.AspNetCore.Routing.EndpointMiddleware[0]
      Executing endpoint 'gRPC - /UnityILPP.PostProcessing/PostProcessAssembly'
info: Unity.ILPP.Runner.PostProcessingPipeline[0]
      Processing assembly Library/Bee/artifacts/1900b0aE.dag/Unity.PlasticSCM.Editor.dll, with 117 defines and 220 references
info: Unity.ILPP.Runner.PostProcessingPipeline[0]
      processors: zzzUnity.Burst.CodeGen.BurstILPostProcessor
info: Microsoft.AspNetCore.Routing.EndpointMiddleware[1]
      Executed endpoint 'gRPC - /UnityILPP.PostProcessing/PostProcessAssembly'
info: Microsoft.AspNetCore.Hosting.Diagnostics[2]
      Request finished HTTP/2 POST http://ilpp/UnityILPP.PostProcessing/PostProcessAssembly application/grpc - - 200 - application/grpc 20.4270ms
info: Unity.ILPP.Runner.PostProcessingPipeline[0]
      running zzzUnity.Burst.CodeGen.BurstILPostProcessor
info: Microsoft.AspNetCore.Routing.EndpointMiddleware[1]
      Executed endpoint 'gRPC - /UnityILPP.PostProcessing/PostProcessAssembly'
info: Microsoft.AspNetCore.Hosting.Diagnostics[2]
      Request finished HTTP/2 POST http://ilpp/UnityILPP.PostProcessing/PostProcessAssembly application/grpc - - 200 - application/grpc 18.7075ms
info: Microsoft.AspNetCore.Hosting.Diagnostics[1]
      Request starting HTTP/2 POST http://ilpp/UnityILPP.PostProcessing/PostProcessAssembly application/grpc -
info: Microsoft.AspNetCore.Routing.EndpointMiddleware[0]
      Executing endpoint 'gRPC - /UnityILPP.PostProcessing/PostProcessAssembly'
info: Unity.ILPP.Runner.PostProcessingPipeline[0]
      Processing assembly Library/Bee/artifacts/1900b0aE.dag/Unity.PlasticSCM.Editor.Entities.dll, with 117 defines and 229 references
info: Unity.ILPP.Runner.PostProcessingPipeline[0]
      processors: zzzUnity.Burst.CodeGen.BurstILPostProcessor
info: Microsoft.AspNetCore.Routing.EndpointMiddleware[1]
      Executed endpoint 'gRPC - /UnityILPP.PostProcessing/PostProcessAssembly'
info: Microsoft.AspNetCore.Hosting.Diagnostics[2]
      Request finished HTTP/2 POST http://ilpp/UnityILPP.PostProcessing/PostProcessAssembly application/grpc - - 200 - application/grpc 19.5557ms
info: Unity.ILPP.Runner.PostProcessingPipeline[0]
      running zzzUnity.Burst.CodeGen.BurstILPostProcessor
info: Microsoft.AspNetCore.Routing.EndpointMiddleware[1]
      Executed endpoint 'gRPC - /UnityILPP.PostProcessing/PostProcessAssembly'
info: Microsoft.AspNetCore.Hosting.Diagnostics[2]
      Request finished HTTP/2 POST http://ilpp/UnityILPP.PostProcessing/PostProcessAssembly application/grpc - - 200 - application/grpc 8.0838ms
info: Microsoft.AspNetCore.Routing.EndpointMiddleware[1]
      Executed endpoint 'gRPC - /UnityILPP.PostProcessing/PostProcessAssembly'
info: Microsoft.AspNetCore.Hosting.Diagnostics[2]
      Request finished HTTP/2 POST http://ilpp/UnityILPP.PostProcessing/PostProcessAssembly application/grpc - - 200 - application/grpc 648.9529ms
info: Microsoft.AspNetCore.Routing.EndpointMiddleware[1]
      Executed endpoint 'gRPC - /UnityILPP.PostProcessing/PostProcessAssembly'
info: Microsoft.AspNetCore.Hosting.Diagnostics[2]
      Request finished HTTP/2 POST http://ilpp/UnityILPP.PostProcessing/PostProcessAssembly application/grpc - - 200 - application/grpc 377.5574ms
info: Microsoft.AspNetCore.Routing.EndpointMiddleware[1]
      Executed endpoint 'gRPC - /UnityILPP.PostProcessing/PostProcessAssembly'
info: Microsoft.AspNetCore.Hosting.Diagnostics[2]
      Request finished HTTP/2 POST http://ilpp/UnityILPP.PostProcessing/PostProcessAssembly application/grpc - - 200 - application/grpc 132.5574ms
info: Microsoft.AspNetCore.Hosting.Diagnostics[1]
      Request starting HTTP/2 POST http://ilpp/UnityILPP.PostProcessing/PostProcessAssembly application/grpc -
info: Microsoft.AspNetCore.Routing.EndpointMiddleware[0]
      Executing endpoint 'gRPC - /UnityILPP.PostProcessing/PostProcessAssembly'
info: Unity.ILPP.Runner.PostProcessingPipeline[0]
      Processing assembly Library/Bee/artifacts/1900b0aE.dag/Unity.RenderPipelines.Universal.Editor.dll, with 118 defines and 234 references
info: Unity.ILPP.Runner.PostProcessingPipeline[0]
      processors: zzzUnity.Burst.CodeGen.BurstILPostProcessor
info: Unity.ILPP.Runner.PostProcessingPipeline[0]
      running zzzUnity.Burst.CodeGen.BurstILPostProcessor
info: Microsoft.AspNetCore.Hosting.Diagnostics[1]
      Request starting HTTP/2 POST http://ilpp/UnityILPP.PostProcessing/PostProcessAssembly application/grpc -
info: Microsoft.AspNetCore.Hosting.Diagnostics[1]
      Request starting HTTP/2 POST http://ilpp/UnityILPP.PostProcessing/PostProcessAssembly application/grpc -
info: Microsoft.AspNetCore.Routing.EndpointMiddleware[0]
      Executing endpoint 'gRPC - /UnityILPP.PostProcessing/PostProcessAssembly'
info: Microsoft.AspNetCore.Routing.EndpointMiddleware[0]
      Executing endpoint 'gRPC - /UnityILPP.PostProcessing/PostProcessAssembly'
info: Unity.ILPP.Runner.PostProcessingPipeline[0]
      Processing assembly Library/Bee/artifacts/1900b0aE.dag/Unity.Collections.BurstCompatibilityGen.dll, with 117 defines and 230 references
info: Unity.ILPP.Runner.PostProcessingPipeline[0]
      processors: zzzUnity.Burst.CodeGen.BurstILPostProcessor
info: Unity.ILPP.Runner.PostProcessingPipeline[0]
      Processing assembly Library/Bee/artifacts/1900b0aE.dag/Unity.VisualScripting.Core.Editor.dll, with 117 defines and 229 references
info: Unity.ILPP.Runner.PostProcessingPipeline[0]
      processors: zzzUnity.Burst.CodeGen.BurstILPostProcessor
info: Microsoft.AspNetCore.Hosting.Diagnostics[1]
      Request starting HTTP/2 POST http://ilpp/UnityILPP.PostProcessing/PostProcessAssembly application/grpc -
info: Microsoft.AspNetCore.Routing.EndpointMiddleware[0]
      Executing endpoint 'gRPC - /UnityILPP.PostProcessing/PostProcessAssembly'
info: Microsoft.AspNetCore.Hosting.Diagnostics[1]
      Request starting HTTP/2 POST http://ilpp/UnityILPP.PostProcessing/PostProcessAssembly application/grpc -
info: Microsoft.AspNetCore.Routing.EndpointMiddleware[0]
      Executing endpoint 'gRPC - /UnityILPP.PostProcessing/PostProcessAssembly'
info: Unity.ILPP.Runner.PostProcessingPipeline[0]
      running zzzUnity.Burst.CodeGen.BurstILPostProcessor
info: Unity.ILPP.Runner.PostProcessingPipeline[0]
      Processing assembly Library/Bee/artifacts/1900b0aE.dag/Unity.2D.Common.Editor.dll, with 117 defines and 232 references
info: Unity.ILPP.Runner.PostProcessingPipeline[0]
      Processing assembly Library/Bee/artifacts/1900b0aE.dag/Unity.2D.Tilemap.Extras.Editor.dll, with 117 defines and 230 references
info: Unity.ILPP.Runner.PostProcessingPipeline[0]
      processors: zzzUnity.Burst.CodeGen.BurstILPostProcessor
info: Unity.ILPP.Runner.PostProcessingPipeline[0]
      processors: zzzUnity.Burst.CodeGen.BurstILPostProcessor
info: Microsoft.AspNetCore.Hosting.Diagnostics[1]
      Request starting HTTP/2 POST http://ilpp/UnityILPP.PostProcessing/PostProcessAssembly application/grpc -
info: Microsoft.AspNetCore.Routing.EndpointMiddleware[0]
      Executing endpoint 'gRPC - /UnityILPP.PostProcessing/PostProcessAssembly'
info: Unity.ILPP.Runner.PostProcessingPipeline[0]
      Processing assembly Library/Bee/artifacts/1900b0aE.dag/Unity.ShaderGraph.Editor.dll, with 117 defines and 232 references
info: Unity.ILPP.Runner.PostProcessingPipeline[0]
      processors: zzzUnity.Burst.CodeGen.BurstILPostProcessor
info: Unity.ILPP.Runner.PostProcessingPipeline[0]
      running zzzUnity.Burst.CodeGen.BurstILPostProcessor
info: Unity.ILPP.Runner.PostProcessingPipeline[0]
      running zzzUnity.Burst.CodeGen.BurstILPostProcessor
info: Microsoft.AspNetCore.Hosting.Diagnostics[1]
      Request starting HTTP/2 POST http://ilpp/UnityILPP.PostProcessing/PostProcessAssembly application/grpc -
info: Microsoft.AspNetCore.Routing.EndpointMiddleware[0]
      Executing endpoint 'gRPC - /UnityILPP.PostProcessing/PostProcessAssembly'
info: Unity.ILPP.Runner.PostProcessingPipeline[0]
      running zzzUnity.Burst.CodeGen.BurstILPostProcessor
info: Unity.ILPP.Runner.PostProcessingPipeline[0]
      Processing assembly Library/Bee/artifacts/1900b0aE.dag/Unity.2D.Animation.Editor.dll, with 117 defines and 237 references
info: Unity.ILPP.Runner.PostProcessingPipeline[0]
      processors: zzzUnity.Burst.CodeGen.BurstILPostProcessor
info: Unity.ILPP.Runner.PostProcessingPipeline[0]
      running zzzUnity.Burst.CodeGen.BurstILPostProcessor
info: Unity.ILPP.Runner.PostProcessingPipeline[0]
      running zzzUnity.Burst.CodeGen.BurstILPostProcessor
info: Microsoft.AspNetCore.Routing.EndpointMiddleware[1]
      Executed endpoint 'gRPC - /UnityILPP.PostProcessing/PostProcessAssembly'
info: Microsoft.AspNetCore.Hosting.Diagnostics[2]
      Request finished HTTP/2 POST http://ilpp/UnityILPP.PostProcessing/PostProcessAssembly application/grpc - - 200 - application/grpc 21.2730ms
info: Microsoft.AspNetCore.Routing.EndpointMiddleware[1]
      Executed endpoint 'gRPC - /UnityILPP.PostProcessing/PostProcessAssembly'
info: Microsoft.AspNetCore.Hosting.Diagnostics[2]
      Request finished HTTP/2 POST http://ilpp/UnityILPP.PostProcessing/PostProcessAssembly application/grpc - - 200 - application/grpc 30.7084ms
info: Microsoft.AspNetCore.Routing.EndpointMiddleware[1]
      Executed endpoint 'gRPC - /UnityILPP.PostProcessing/PostProcessAssembly'
info: Microsoft.AspNetCore.Hosting.Diagnostics[2]
      Request finished HTTP/2 POST http://ilpp/UnityILPP.PostProcessing/PostProcessAssembly application/grpc - - 200 - application/grpc 10.9748ms
info: Microsoft.AspNetCore.Hosting.Diagnostics[1]
      Request starting HTTP/2 POST http://ilpp/UnityILPP.PostProcessing/PostProcessAssembly application/grpc -
info: Microsoft.AspNetCore.Routing.EndpointMiddleware[0]
      Executing endpoint 'gRPC - /UnityILPP.PostProcessing/PostProcessAssembly'
info: Microsoft.AspNetCore.Routing.EndpointMiddleware[1]
      Executed endpoint 'gRPC - /UnityILPP.PostProcessing/PostProcessAssembly'
info: Microsoft.AspNetCore.Hosting.Diagnostics[2]
      Request finished HTTP/2 POST http://ilpp/UnityILPP.PostProcessing/PostProcessAssembly application/grpc - - 200 - application/grpc 12.9292ms
info: Unity.ILPP.Runner.PostProcessingPipeline[0]
      Processing assembly Library/Bee/artifacts/1900b0aE.dag/Unity.2D.SpriteShape.Editor.dll, with 117 defines and 233 references
info: Unity.ILPP.Runner.PostProcessingPipeline[0]
      processors: zzzUnity.Burst.CodeGen.BurstILPostProcessor
info: Unity.ILPP.Runner.PostProcessingPipeline[0]
      running zzzUnity.Burst.CodeGen.BurstILPostProcessor
info: Microsoft.AspNetCore.Routing.EndpointMiddleware[1]
      Executed endpoint 'gRPC - /UnityILPP.PostProcessing/PostProcessAssembly'
info: Microsoft.AspNetCore.Hosting.Diagnostics[2]
      Request finished HTTP/2 POST http://ilpp/UnityILPP.PostProcessing/PostProcessAssembly application/grpc - - 200 - application/grpc 97.1974ms
info: Microsoft.AspNetCore.Routing.EndpointMiddleware[1]
      Executed endpoint 'gRPC - /UnityILPP.PostProcessing/PostProcessAssembly'
info: Microsoft.AspNetCore.Hosting.Diagnostics[2]
      Request finished HTTP/2 POST http://ilpp/UnityILPP.PostProcessing/PostProcessAssembly application/grpc - - 200 - application/grpc 176.7278ms
info: Microsoft.AspNetCore.Hosting.Diagnostics[1]
      Request starting HTTP/2 POST http://ilpp/UnityILPP.PostProcessing/PostProcessAssembly application/grpc -
info: Microsoft.AspNetCore.Routing.EndpointMiddleware[0]
      Executing endpoint 'gRPC - /UnityILPP.PostProcessing/PostProcessAssembly'
info: Microsoft.AspNetCore.Hosting.Diagnostics[1]
      Request starting HTTP/2 POST http://ilpp/UnityILPP.PostProcessing/PostProcessAssembly application/grpc -
info: Microsoft.AspNetCore.Routing.EndpointMiddleware[0]
      Executing endpoint 'gRPC - /UnityILPP.PostProcessing/PostProcessAssembly'
info: Unity.ILPP.Runner.PostProcessingPipeline[0]
      Processing assembly Library/Bee/artifacts/1900b0aE.dag/Unity.VisualScripting.Flow.Editor.dll, with 117 defines and 231 references
info: Unity.ILPP.Runner.PostProcessingPipeline[0]
      processors: zzzUnity.Burst.CodeGen.BurstILPostProcessor
info: Unity.ILPP.Runner.PostProcessingPipeline[0]
      Processing assembly Library/Bee/artifacts/1900b0aE.dag/Unity.2D.Tilemap.Editor.dll, with 117 defines and 228 references
info: Unity.ILPP.Runner.PostProcessingPipeline[0]
      processors: zzzUnity.Burst.CodeGen.BurstILPostProcessor
info: Unity.ILPP.Runner.PostProcessingPipeline[0]
      running zzzUnity.Burst.CodeGen.BurstILPostProcessor
info: Microsoft.AspNetCore.Hosting.Diagnostics[1]
      Request starting HTTP/2 POST http://ilpp/UnityILPP.PostProcessing/PostProcessAssembly application/grpc -
info: Microsoft.AspNetCore.Routing.EndpointMiddleware[0]
      Executing endpoint 'gRPC - /UnityILPP.PostProcessing/PostProcessAssembly'
info: Unity.ILPP.Runner.PostProcessingPipeline[0]
      Processing assembly Library/Bee/artifacts/1900b0aE.dag/Unity.VisualScripting.SettingsProvider.Editor.dll, with 117 defines and 233 references
info: Unity.ILPP.Runner.PostProcessingPipeline[0]
      running zzzUnity.Burst.CodeGen.BurstILPostProcessor
info: Unity.ILPP.Runner.PostProcessingPipeline[0]
      processors: zzzUnity.Burst.CodeGen.BurstILPostProcessor
info: Unity.ILPP.Runner.PostProcessingPipeline[0]
      running zzzUnity.Burst.CodeGen.BurstILPostProcessor
info: Microsoft.AspNetCore.Routing.EndpointMiddleware[1]
      Executed endpoint 'gRPC - /UnityILPP.PostProcessing/PostProcessAssembly'
info: Microsoft.AspNetCore.Hosting.Diagnostics[2]
      Request finished HTTP/2 POST http://ilpp/UnityILPP.PostProcessing/PostProcessAssembly application/grpc - - 200 - application/grpc 617.6702ms
info: Microsoft.AspNetCore.Routing.EndpointMiddleware[1]
      Executed endpoint 'gRPC - /UnityILPP.PostProcessing/PostProcessAssembly'
info: Microsoft.AspNetCore.Hosting.Diagnostics[2]
      Request finished HTTP/2 POST http://ilpp/UnityILPP.PostProcessing/PostProcessAssembly application/grpc - - 200 - application/grpc 13.6136ms
info: Microsoft.AspNetCore.Routing.EndpointMiddleware[1]
      Executed endpoint 'gRPC - /UnityILPP.PostProcessing/PostProcessAssembly'
info: Microsoft.AspNetCore.Routing.EndpointMiddleware[1]
      Executed endpoint 'gRPC - /UnityILPP.PostProcessing/PostProcessAssembly'
info: Microsoft.AspNetCore.Hosting.Diagnostics[2]
      Request finished HTTP/2 POST http://ilpp/UnityILPP.PostProcessing/PostProcessAssembly application/grpc - - 200 - application/grpc 35.2195ms
info: Microsoft.AspNetCore.Hosting.Diagnostics[2]
      Request finished HTTP/2 POST http://ilpp/UnityILPP.PostProcessing/PostProcessAssembly application/grpc - - 200 - application/grpc 26.5111ms
info: Microsoft.AspNetCore.Hosting.Diagnostics[1]
      Request starting HTTP/2 POST http://ilpp/UnityILPP.PostProcessing/PostProcessAssembly application/grpc -
info: Microsoft.AspNetCore.Routing.EndpointMiddleware[0]
      Executing endpoint 'gRPC - /UnityILPP.PostProcessing/PostProcessAssembly'
info: Unity.ILPP.Runner.PostProcessingPipeline[0]
      Processing assembly Library/Bee/artifacts/1900b0aE.dag/Unity.2D.Aseprite.Editor.dll, with 118 defines and 234 references
info: Unity.ILPP.Runner.PostProcessingPipeline[0]
      processors: zzzUnity.Burst.CodeGen.BurstILPostProcessor
info: Unity.ILPP.Runner.PostProcessingPipeline[0]
      running zzzUnity.Burst.CodeGen.BurstILPostProcessor
info: Microsoft.AspNetCore.Hosting.Diagnostics[1]
      Request starting HTTP/2 POST http://ilpp/UnityILPP.PostProcessing/PostProcessAssembly application/grpc -
info: Microsoft.AspNetCore.Routing.EndpointMiddleware[0]
      Executing endpoint 'gRPC - /UnityILPP.PostProcessing/PostProcessAssembly'
info: Unity.ILPP.Runner.PostProcessingPipeline[0]
      Processing assembly Library/Bee/artifacts/1900b0aE.dag/Unity.VisualScripting.State.Editor.dll, with 117 defines and 233 references
info: Unity.ILPP.Runner.PostProcessingPipeline[0]
      processors: zzzUnity.Burst.CodeGen.BurstILPostProcessor
info: Unity.ILPP.Runner.PostProcessingPipeline[0]
      running zzzUnity.Burst.CodeGen.BurstILPostProcessor
info: Microsoft.AspNetCore.Routing.EndpointMiddleware[1]
      Executed endpoint 'gRPC - /UnityILPP.PostProcessing/PostProcessAssembly'
info: Microsoft.AspNetCore.Hosting.Diagnostics[2]
      Request finished HTTP/2 POST http://ilpp/UnityILPP.PostProcessing/PostProcessAssembly application/grpc - - 200 - application/grpc 23.2443ms
info: Microsoft.AspNetCore.Hosting.Diagnostics[1]
      Request starting HTTP/2 POST http://ilpp/UnityILPP.PostProcessing/PostProcessAssembly application/grpc -
info: Microsoft.AspNetCore.Routing.EndpointMiddleware[0]
      Executing endpoint 'gRPC - /UnityILPP.PostProcessing/PostProcessAssembly'
info: Microsoft.AspNetCore.Hosting.Diagnostics[1]
      Request starting HTTP/2 POST http://ilpp/UnityILPP.PostProcessing/PostProcessAssembly application/grpc -
info: Microsoft.AspNetCore.Routing.EndpointMiddleware[0]
      Executing endpoint 'gRPC - /UnityILPP.PostProcessing/PostProcessAssembly'
info: Unity.ILPP.Runner.PostProcessingPipeline[0]
      Processing assembly Library/Bee/artifacts/1900b0aE.dag/com.unity.cinemachine.editor.dll, with 125 defines and 235 references
info: Unity.ILPP.Runner.PostProcessingPipeline[0]
      processors: zzzUnity.Burst.CodeGen.BurstILPostProcessor
info: Unity.ILPP.Runner.PostProcessingPipeline[0]
      running zzzUnity.Burst.CodeGen.BurstILPostProcessor
info: Microsoft.AspNetCore.Hosting.Diagnostics[1]
      Request starting HTTP/2 POST http://ilpp/UnityILPP.PostProcessing/PostProcessAssembly application/grpc -
info: Microsoft.AspNetCore.Routing.EndpointMiddleware[0]
      Executing endpoint 'gRPC - /UnityILPP.PostProcessing/PostProcessAssembly'
info: Microsoft.AspNetCore.Hosting.Diagnostics[1]
      Request starting HTTP/2 POST http://ilpp/UnityILPP.PostProcessing/PostProcessAssembly application/grpc -
info: Microsoft.AspNetCore.Routing.EndpointMiddleware[0]
      Executing endpoint 'gRPC - /UnityILPP.PostProcessing/PostProcessAssembly'
info: Unity.ILPP.Runner.PostProcessingPipeline[0]
      Processing assembly Library/Bee/artifacts/1900b0aE.dag/Unity.2D.Common.Path.Editor.dll, with 117 defines and 228 references
info: Unity.ILPP.Runner.PostProcessingPipeline[0]
      Processing assembly Library/Bee/artifacts/1900b0aE.dag/Unity.2D.Psdimporter.Editor.dll, with 117 defines and 237 references
info: Unity.ILPP.Runner.PostProcessingPipeline[0]
      processors: zzzUnity.Burst.CodeGen.BurstILPostProcessor
info: Unity.ILPP.Runner.PostProcessingPipeline[0]
      processors: zzzUnity.Burst.CodeGen.BurstILPostProcessor
info: Microsoft.AspNetCore.Hosting.Diagnostics[1]
      Request starting HTTP/2 POST http://ilpp/UnityILPP.PostProcessing/PostProcessAssembly application/grpc -
info: Microsoft.AspNetCore.Routing.EndpointMiddleware[0]
      Executing endpoint 'gRPC - /UnityILPP.PostProcessing/PostProcessAssembly'
info: Unity.ILPP.Runner.PostProcessingPipeline[0]
      running zzzUnity.Burst.CodeGen.BurstILPostProcessor
info: Unity.ILPP.Runner.PostProcessingPipeline[0]
      Processing assembly Library/Bee/artifacts/1900b0aE.dag/Unity.2D.PixelPerfect.Editor.dll, with 119 defines and 231 references
info: Unity.ILPP.Runner.PostProcessingPipeline[0]
      processors: zzzUnity.Burst.CodeGen.BurstILPostProcessor
info: Unity.ILPP.Runner.PostProcessingPipeline[0]
      running zzzUnity.Burst.CodeGen.BurstILPostProcessor
info: Unity.ILPP.Runner.PostProcessingPipeline[0]
      running zzzUnity.Burst.CodeGen.BurstILPostProcessor
info: Unity.ILPP.Runner.PostProcessingPipeline[0]
      Processing assembly Library/Bee/artifacts/1900b0aE.dag/PPv2URPConverters.dll, with 117 defines and 232 references
info: Unity.ILPP.Runner.PostProcessingPipeline[0]
      processors: zzzUnity.Burst.CodeGen.BurstILPostProcessor
info: Unity.ILPP.Runner.PostProcessingPipeline[0]
      running zzzUnity.Burst.CodeGen.BurstILPostProcessor
info: Microsoft.AspNetCore.Hosting.Diagnostics[1]
      Request starting HTTP/2 POST http://ilpp/UnityILPP.PostProcessing/PostProcessAssembly application/grpc -
info: Microsoft.AspNetCore.Routing.EndpointMiddleware[0]
      Executing endpoint 'gRPC - /UnityILPP.PostProcessing/PostProcessAssembly'
info: Microsoft.AspNetCore.Routing.EndpointMiddleware[1]
      Executed endpoint 'gRPC - /UnityILPP.PostProcessing/PostProcessAssembly'
info: Microsoft.AspNetCore.Hosting.Diagnostics[2]
      Request finished HTTP/2 POST http://ilpp/UnityILPP.PostProcessing/PostProcessAssembly application/grpc - - 200 - application/grpc 9.1104ms
info: Unity.ILPP.Runner.PostProcessingPipeline[0]
      Processing assembly Library/Bee/artifacts/1900b0aE.dag/Unity.VisualScripting.Shared.Editor.dll, with 117 defines and 234 references
info: Unity.ILPP.Runner.PostProcessingPipeline[0]
      processors: zzzUnity.Burst.CodeGen.BurstILPostProcessor
info: Unity.ILPP.Runner.PostProcessingPipeline[0]
      running zzzUnity.Burst.CodeGen.BurstILPostProcessor
info: Microsoft.AspNetCore.Hosting.Diagnostics[1]
      Request starting HTTP/2 POST http://ilpp/UnityILPP.PostProcessing/PostProcessAssembly application/grpc -
info: Microsoft.AspNetCore.Routing.EndpointMiddleware[0]
      Executing endpoint 'gRPC - /UnityILPP.PostProcessing/PostProcessAssembly'
info: Microsoft.AspNetCore.Routing.EndpointMiddleware[1]
      Executed endpoint 'gRPC - /UnityILPP.PostProcessing/PostProcessAssembly'
info: Microsoft.AspNetCore.Hosting.Diagnostics[2]
      Request finished HTTP/2 POST http://ilpp/UnityILPP.PostProcessing/PostProcessAssembly application/grpc - - 200 - application/grpc 4.3518ms
info: Unity.ILPP.Runner.PostProcessingPipeline[0]
      Processing assembly Library/Bee/artifacts/1900b0aE.dag/Unity.2D.IK.Editor.dll, with 117 defines and 234 references
info: Unity.ILPP.Runner.PostProcessingPipeline[0]
      processors: zzzUnity.Burst.CodeGen.BurstILPostProcessor
info: Microsoft.AspNetCore.Routing.EndpointMiddleware[1]
      Executed endpoint 'gRPC - /UnityILPP.PostProcessing/PostProcessAssembly'
info: Microsoft.AspNetCore.Hosting.Diagnostics[2]
      Request finished HTTP/2 POST http://ilpp/UnityILPP.PostProcessing/PostProcessAssembly application/grpc - - 200 - application/grpc 10.5092ms
info: Unity.ILPP.Runner.PostProcessingPipeline[0]
      running zzzUnity.Burst.CodeGen.BurstILPostProcessor
info: Microsoft.AspNetCore.Routing.EndpointMiddleware[1]
      Executed endpoint 'gRPC - /UnityILPP.PostProcessing/PostProcessAssembly'
info: Microsoft.AspNetCore.Hosting.Diagnostics[2]
      Request finished HTTP/2 POST http://ilpp/UnityILPP.PostProcessing/PostProcessAssembly application/grpc - - 200 - application/grpc 83.0345ms
info: Microsoft.AspNetCore.Routing.EndpointMiddleware[1]
      Executed endpoint 'gRPC - /UnityILPP.PostProcessing/PostProcessAssembly'
info: Microsoft.AspNetCore.Hosting.Diagnostics[2]
      Request finished HTTP/2 POST http://ilpp/UnityILPP.PostProcessing/PostProcessAssembly application/grpc - - 200 - application/grpc 172.1576ms
info: Microsoft.AspNetCore.Routing.EndpointMiddleware[1]
      Executed endpoint 'gRPC - /UnityILPP.PostProcessing/PostProcessAssembly'
info: Microsoft.AspNetCore.Hosting.Diagnostics[2]
      Request finished HTTP/2 POST http://ilpp/UnityILPP.PostProcessing/PostProcessAssembly application/grpc - - 200 - application/grpc 100.9216ms
info: Microsoft.AspNetCore.Hosting.Diagnostics[1]
      Request starting HTTP/2 POST http://ilpp/UnityILPP.PostProcessing/PostProcessAssembly application/grpc -
info: Microsoft.AspNetCore.Routing.EndpointMiddleware[0]
      Executing endpoint 'gRPC - /UnityILPP.PostProcessing/PostProcessAssembly'
info: Microsoft.AspNetCore.Hosting.Diagnostics[1]
      Request starting HTTP/2 POST http://ilpp/UnityILPP.PostProcessing/PostProcessAssembly application/grpc -
info: Microsoft.AspNetCore.Routing.EndpointMiddleware[0]
      Executing endpoint 'gRPC - /UnityILPP.PostProcessing/PostProcessAssembly'
info: Unity.ILPP.Runner.PostProcessingPipeline[0]
      Processing assembly Library/Bee/artifacts/1900b0aE.dag/Unity.Collections.DocCodeSamples.dll, with 117 defines and 229 references
info: Unity.ILPP.Runner.PostProcessingPipeline[0]
      processors: zzzUnity.Burst.CodeGen.BurstILPostProcessor
info: Microsoft.AspNetCore.Routing.EndpointMiddleware[1]
      Executed endpoint 'gRPC - /UnityILPP.PostProcessing/PostProcessAssembly'
info: Microsoft.AspNetCore.Hosting.Diagnostics[2]
      Request finished HTTP/2 POST http://ilpp/UnityILPP.PostProcessing/PostProcessAssembly application/grpc - - 200 - application/grpc 176.0908ms
info: Unity.ILPP.Runner.PostProcessingPipeline[0]
      running zzzUnity.Burst.CodeGen.BurstILPostProcessor
info: Microsoft.AspNetCore.Hosting.Diagnostics[1]
      Request starting HTTP/2 POST http://ilpp/UnityILPP.PostProcessing/PostProcessAssembly application/grpc -
info: Microsoft.AspNetCore.Routing.EndpointMiddleware[0]
      Executing endpoint 'gRPC - /UnityILPP.PostProcessing/PostProcessAssembly'
info: Unity.ILPP.Runner.PostProcessingPipeline[0]
      Processing assembly Library/Bee/artifacts/1900b0aE.dag/Unity.2D.Aseprite.Common.dll, with 117 defines and 231 references
info: Unity.ILPP.Runner.PostProcessingPipeline[0]
      processors: zzzUnity.Burst.CodeGen.BurstILPostProcessor
info: Unity.ILPP.Runner.PostProcessingPipeline[0]
      running zzzUnity.Burst.CodeGen.BurstILPostProcessor
info: Unity.ILPP.Runner.PostProcessingPipeline[0]
      Processing assembly Library/Bee/artifacts/1900b0aE.dag/Unity.Mathematics.Editor.dll, with 117 defines and 229 references
info: Unity.ILPP.Runner.PostProcessingPipeline[0]
      processors: zzzUnity.Burst.CodeGen.BurstILPostProcessor
info: Unity.ILPP.Runner.PostProcessingPipeline[0]
      running zzzUnity.Burst.CodeGen.BurstILPostProcessor
info: Microsoft.AspNetCore.Hosting.Diagnostics[1]
      Request starting HTTP/2 POST http://ilpp/UnityILPP.PostProcessing/PostProcessAssembly application/grpc -
info: Microsoft.AspNetCore.Routing.EndpointMiddleware[0]
      Executing endpoint 'gRPC - /UnityILPP.PostProcessing/PostProcessAssembly'
info: Unity.ILPP.Runner.PostProcessingPipeline[0]
      Processing assembly Library/Bee/artifacts/1900b0aE.dag/Unity.Timeline.Editor.dll, with 118 defines and 229 references
info: Unity.ILPP.Runner.PostProcessingPipeline[0]
      processors: zzzUnity.Burst.CodeGen.BurstILPostProcessor
info: Microsoft.AspNetCore.Routing.EndpointMiddleware[1]
      Executed endpoint 'gRPC - /UnityILPP.PostProcessing/PostProcessAssembly'
info: Microsoft.AspNetCore.Routing.EndpointMiddleware[1]
      Executed endpoint 'gRPC - /UnityILPP.PostProcessing/PostProcessAssembly'
info: Microsoft.AspNetCore.Hosting.Diagnostics[2]
      Request finished HTTP/2 POST http://ilpp/UnityILPP.PostProcessing/PostProcessAssembly application/grpc - - 200 - application/grpc 604.1641ms
info: Microsoft.AspNetCore.Hosting.Diagnostics[2]
      Request finished HTTP/2 POST http://ilpp/UnityILPP.PostProcessing/PostProcessAssembly application/grpc - - 200 - application/grpc 1229.7354ms
info: Microsoft.AspNetCore.Routing.EndpointMiddleware[1]
      Executed endpoint 'gRPC - /UnityILPP.PostProcessing/PostProcessAssembly'
info: Microsoft.AspNetCore.Hosting.Diagnostics[2]
      Request finished HTTP/2 POST http://ilpp/UnityILPP.PostProcessing/PostProcessAssembly application/grpc - - 200 - application/grpc 36.3628ms
info: Unity.ILPP.Runner.PostProcessingPipeline[0]
      running zzzUnity.Burst.CodeGen.BurstILPostProcessor
info: Microsoft.AspNetCore.Routing.EndpointMiddleware[1]
      Executed endpoint 'gRPC - /UnityILPP.PostProcessing/PostProcessAssembly'
info: Microsoft.AspNetCore.Routing.EndpointMiddleware[1]
      Executed endpoint 'gRPC - /UnityILPP.PostProcessing/PostProcessAssembly'
info: Microsoft.AspNetCore.Hosting.Diagnostics[2]
      Request finished HTTP/2 POST http://ilpp/UnityILPP.PostProcessing/PostProcessAssembly application/grpc - - 200 - application/grpc 40.0118ms
info: Microsoft.AspNetCore.Hosting.Diagnostics[2]
      Request finished HTTP/2 POST http://ilpp/UnityILPP.PostProcessing/PostProcessAssembly application/grpc - - 200 - application/grpc 1203.5534ms
info: Microsoft.AspNetCore.Routing.EndpointMiddleware[1]
      Executed endpoint 'gRPC - /UnityILPP.PostProcessing/PostProcessAssembly'
info: Microsoft.AspNetCore.Hosting.Diagnostics[2]
      Request finished HTTP/2 POST http://ilpp/UnityILPP.PostProcessing/PostProcessAssembly application/grpc - - 200 - application/grpc 402.4007ms
info: Microsoft.AspNetCore.Routing.EndpointMiddleware[1]
      Executed endpoint 'gRPC - /UnityILPP.PostProcessing/PostProcessAssembly'
info: Microsoft.AspNetCore.Hosting.Diagnostics[2]
      Request finished HTTP/2 POST http://ilpp/UnityILPP.PostProcessing/PostProcessAssembly application/grpc - - 200 - application/grpc 57.4372ms
info: Microsoft.AspNetCore.Routing.EndpointMiddleware[1]
      Executed endpoint 'gRPC - /UnityILPP.PostProcessing/PostProcessAssembly'
info: Microsoft.AspNetCore.Hosting.Diagnostics[2]
      Request finished HTTP/2 POST http://ilpp/UnityILPP.PostProcessing/PostProcessAssembly application/grpc - - 200 - application/grpc 1494.2496ms
info: Microsoft.AspNetCore.Routing.EndpointMiddleware[1]
      Executed endpoint 'gRPC - /UnityILPP.PostProcessing/PostProcessAssembly'
info: Microsoft.AspNetCore.Hosting.Diagnostics[2]
      Request finished HTTP/2 POST http://ilpp/UnityILPP.PostProcessing/PostProcessAssembly application/grpc - - 200 - application/grpc 95.3227ms
info: Microsoft.AspNetCore.Routing.EndpointMiddleware[1]
      Executed endpoint 'gRPC - /UnityILPP.PostProcessing/PostProcessAssembly'
info: Microsoft.AspNetCore.Hosting.Diagnostics[2]
      Request finished HTTP/2 POST http://ilpp/UnityILPP.PostProcessing/PostProcessAssembly application/grpc - - 200 - application/grpc 673.8332ms
info: Microsoft.AspNetCore.Hosting.Diagnostics[1]
      Request starting HTTP/2 POST http://ilpp/UnityILPP.PostProcessing/PostProcessAssembly application/grpc -
info: Microsoft.AspNetCore.Routing.EndpointMiddleware[0]
      Executing endpoint 'gRPC - /UnityILPP.PostProcessing/PostProcessAssembly'
info: Unity.ILPP.Runner.PostProcessingPipeline[0]
      Processing assembly Library/Bee/artifacts/1900b0aE.dag/Assembly-CSharp.dll, with 119 defines and 265 references
info: Unity.ILPP.Runner.PostProcessingPipeline[0]
      processors: zzzUnity.Burst.CodeGen.BurstILPostProcessor
info: Unity.ILPP.Runner.PostProcessingPipeline[0]
      running zzzUnity.Burst.CodeGen.BurstILPostProcessor
info: Microsoft.AspNetCore.Routing.EndpointMiddleware[1]
      Executed endpoint 'gRPC - /UnityILPP.PostProcessing/PostProcessAssembly'
info: Microsoft.AspNetCore.Hosting.Diagnostics[2]
      Request finished HTTP/2 POST http://ilpp/UnityILPP.PostProcessing/PostProcessAssembly application/grpc - - 200 - application/grpc 24.6756ms
info: Microsoft.AspNetCore.Hosting.Diagnostics[1]
      Request starting HTTP/2 POST http://ilpp/UnityILPP.PostProcessing/PostProcessAssembly application/grpc -
info: Microsoft.AspNetCore.Routing.EndpointMiddleware[0]
      Executing endpoint 'gRPC - /UnityILPP.PostProcessing/PostProcessAssembly'
info: Unity.ILPP.Runner.PostProcessingPipeline[0]
      Processing assembly Library/Bee/artifacts/1900b0aE.dag/Assembly-CSharp-Editor.dll, with 117 defines and 285 references
info: Unity.ILPP.Runner.PostProcessingPipeline[0]
      processors: zzzUnity.Burst.CodeGen.BurstILPostProcessor
info: Unity.ILPP.Runner.PostProcessingPipeline[0]
      running zzzUnity.Burst.CodeGen.BurstILPostProcessor
info: Microsoft.AspNetCore.Routing.EndpointMiddleware[1]
      Executed endpoint 'gRPC - /UnityILPP.PostProcessing/PostProcessAssembly'
info: Microsoft.AspNetCore.Hosting.Diagnostics[2]
      Request finished HTTP/2 POST http://ilpp/UnityILPP.PostProcessing/PostProcessAssembly application/grpc - - 200 - application/grpc 9.4086ms
ExitCode: 0 Duration: 8s777ms
Finished compiling graph: 832 nodes, 12153 flattened edges (9671 ToBuild, 136 ToUse), maximum node priority 849
[           0s] Delete 95 artifact files that are no longer in use. (like Library\Bee\artifacts\mvdfrm\UnityEngine.RuntimeInitializeOnLoadManagerInitializerModule.dll_D12EA0AA45947105.mvfrm)
[  3/829    0s] MovedFromExtractor Library/Bee/artifacts/mvdfrm/UnityEngine.UnityWebRequestAudioModule.dll_51928CEBC7723927.mvfrm
[  4/829    0s] MovedFromExtractor Library/Bee/artifacts/mvdfrm/UnityEngine.WindModule.dll_511121F08E888839.mvfrm
[  5/829    0s] MovedFromExtractor Library/Bee/artifacts/mvdfrm/UnityEngine.UnityWebRequestModule.dll_C00D2175C14AF323.mvfrm
[  6/829    0s] MovedFromExtractor Library/Bee/artifacts/mvdfrm/UnityEngine.VideoModule.dll_E040970016DABE8E.mvfrm
[  7/829    0s] MovedFromExtractor Library/Bee/artifacts/mvdfrm/UnityEngine.XRModule.dll_D84E72D41EEB62DB.mvfrm
[  8/829    0s] MovedFromExtractor Library/Bee/artifacts/mvdfrm/UnityEngine.VehiclesModule.dll_2B49F7EC561A1B88.mvfrm
[  9/829    0s] MovedFromExtractor Library/Bee/artifacts/mvdfrm/UnityEngine.VRModule.dll_A58FAFCF95B1157D.mvfrm
[ 10/829    0s] MovedFromExtractor Library/Bee/artifacts/mvdfrm/UnityEngine.UnityWebRequestAssetBundleModule.dll_1476367436BD4543.mvfrm
[ 11/829    0s] MovedFromExtractor Library/Bee/artifacts/mvdfrm/UnityEngine.UnityWebRequestTextureModule.dll_29B1E2CEDA4789DC.mvfrm
[ 12/829    0s] MovedFromExtractor Library/Bee/artifacts/mvdfrm/UnityEngine.UnityTestProtocolModule.dll_A93CC1394C5F6012.mvfrm
[ 13/829    0s] MovedFromExtractor Library/Bee/artifacts/mvdfrm/UnityEngine.UnityWebRequestWWWModule.dll_ACF0AB618FB486D8.mvfrm
[ 14/829    0s] MovedFromExtractor Library/Bee/artifacts/mvdfrm/UnityEngine.RuntimeInitializeOnLoadManagerInitializerModule.dll_7C16D61D56818815.mvfrm
[ 15/829    0s] MovedFromExtractor Library/Bee/artifacts/mvdfrm/UnityEngine.VFXModule.dll_FEEF9C059DB8A89B.mvfrm
[ 16/829    0s] MovedFromExtractor Library/Bee/artifacts/mvdfrm/UnityEngine.VirtualTexturingModule.dll_6C893B021039B06E.mvfrm
[ 17/829    0s] MovedFromExtractor Library/Bee/artifacts/mvdfrm/UnityEditor.PresetsUIModule.dll_4DDA86605BEA0B16.mvfrm
[ 18/829    0s] MovedFromExtractor Library/Bee/artifacts/mvdfrm/UnityEngine.PropertiesModule.dll_B1C51F5097CED1C4.mvfrm
[ 19/829    0s] MovedFromExtractor Library/Bee/artifacts/mvdfrm/UnityEngine.UnityAnalyticsModule.dll_1247DC34E0A5BCF2.mvfrm
[ 20/829    0s] MovedFromExtractor Library/Bee/artifacts/mvdfrm/UnityEngine.ProfilerModule.dll_E5CD37A37549D2FA.mvfrm
[ 21/829    0s] MovedFromExtractor Library/Bee/artifacts/mvdfrm/UnityEngine.UIModule.dll_52BD8949F3F69005.mvfrm
[ 22/829    0s] MovedFromExtractor Library/Bee/artifacts/mvdfrm/UnityEngine.UnityConnectModule.dll_AE95229E6A4BA086.mvfrm
[ 23/829    0s] MovedFromExtractor Library/Bee/artifacts/mvdfrm/UnityEngine.TLSModule.dll_7E110396C74B3F2E.mvfrm
[ 24/829    0s] MovedFromExtractor Library/Bee/artifacts/mvdfrm/UnityEngine.UmbraModule.dll_360BBEADE16F4E5C.mvfrm
[ 25/829    0s] MovedFromExtractor Library/Bee/artifacts/mvdfrm/UnityEngine.UnityCurlModule.dll_94166AD8A40279A4.mvfrm
[ 26/829    0s] MovedFromExtractor Library/Bee/artifacts/mvdfrm/UnityEngine.SharedInternalsModule.dll_327F58A12D8453F4.mvfrm
[ 27/829    0s] MovedFromExtractor Library/Bee/artifacts/mvdfrm/UnityEngine.UIElementsModule.dll_DCA21A6C17C7270C.mvfrm
[ 28/829    0s] MovedFromExtractor Library/Bee/artifacts/mvdfrm/UnityEngine.UnityAnalyticsCommonModule.dll_74D4F6515AF00CED.mvfrm
[ 29/829    0s] MovedFromExtractor Library/Bee/artifacts/mvdfrm/UnityEngine.TextCoreTextEngineModule.dll_E22E66059FF4CA6C.mvfrm
[ 30/829    0s] MovedFromExtractor Library/Bee/artifacts/mvdfrm/UnityEngine.ScreenCaptureModule.dll_C7424FA68FA0723D.mvfrm
[ 31/829    0s] MovedFromExtractor Library/Bee/artifacts/mvdfrm/UnityEngine.TilemapModule.dll_99A74C14B7E3DED1.mvfrm
[ 32/829    0s] MovedFromExtractor Library/Bee/artifacts/mvdfrm/UnityEngine.StreamingModule.dll_158EB6F783763EF5.mvfrm
[ 33/829    0s] MovedFromExtractor Library/Bee/artifacts/mvdfrm/UnityEngine.TextRenderingModule.dll_F081C1B146D7F232.mvfrm
[ 34/829    0s] MovedFromExtractor Library/Bee/artifacts/mvdfrm/UnityEngine.TextCoreFontEngineModule.dll_9A462F941071114E.mvfrm
[ 35/829    0s] MovedFromExtractor Library/Bee/artifacts/mvdfrm/UnityEngine.SubstanceModule.dll_F239CB40CEC93D03.mvfrm
[ 36/829    0s] MovedFromExtractor Library/Bee/artifacts/mvdfrm/UnityEngine.TerrainModule.dll_FAAAE493A026FDC8.mvfrm
[ 37/829    0s] MovedFromExtractor Library/Bee/artifacts/mvdfrm/UnityEngine.TerrainPhysicsModule.dll_F323143E4DC16583.mvfrm
[ 38/829    0s] MovedFromExtractor Library/Bee/artifacts/mvdfrm/UnityEngine.SubsystemsModule.dll_D863B904149AEB15.mvfrm
[ 39/829    0s] MovedFromExtractor Library/Bee/artifacts/mvdfrm/UnityEditor.DeviceSimulatorModule.dll_3CCF59A9C476932C.mvfrm
[ 40/829    0s] MovedFromExtractor Library/Bee/artifacts/mvdfrm/UnityEngine.SpriteShapeModule.dll_0F451026A3DC03CF.mvfrm
[ 41/829    0s] MovedFromExtractor Library/Bee/artifacts/mvdfrm/UnityEditor.dll_5FA2B8CAC2D2E9E0.mvfrm
[ 42/829    0s] MovedFromExtractor Library/Bee/artifacts/mvdfrm/UnityEditor.EditorToolbarModule.dll_F6FE3C907C96137C.mvfrm
[ 43/829    0s] MovedFromExtractor Library/Bee/artifacts/mvdfrm/UnityEditor.CoreModule.dll_B7A17375554C9EA5.mvfrm
[ 44/829    0s] MovedFromExtractor Library/Bee/artifacts/mvdfrm/UnityEngine.SpriteMaskModule.dll_6DB652A246530302.mvfrm
[ 45/829    0s] MovedFromExtractor Library/Bee/artifacts/mvdfrm/UnityEditor.DiagnosticsModule.dll_26EB2ECD32FC1A7A.mvfrm
[ 46/829    0s] MovedFromExtractor Library/Bee/artifacts/mvdfrm/UnityEditor.SceneTemplateModule.dll_1A9DAD4E7B82BDB4.mvfrm
[ 47/829    0s] MovedFromExtractor Library/Bee/artifacts/mvdfrm/UnityEditor.QuickSearchModule.dll_B1FAAFDA8BD316D3.mvfrm
[ 48/829    0s] MovedFromExtractor Library/Bee/artifacts/mvdfrm/UnityEditor.GraphViewModule.dll_92744D7E5991B311.mvfrm
[ 49/829    0s] MovedFromExtractor Library/Bee/artifacts/mvdfrm/UnityEditor.SceneViewModule.dll_D12430864EB4801F.mvfrm
[ 50/829    0s] MovedFromExtractor Library/Bee/artifacts/mvdfrm/UnityEditor.TextCoreTextEngineModule.dll_63CEEAB28CF70BA1.mvfrm
[ 51/829    0s] MovedFromExtractor Library/Bee/artifacts/mvdfrm/UnityEditor.TextCoreFontEngineModule.dll_1BE6B440FD735283.mvfrm
[ 52/829    0s] MovedFromExtractor Library/Bee/artifacts/mvdfrm/UnityEditor.UIElementsModule.dll_DBF3AD2415830DC1.mvfrm
[ 53/829    0s] MovedFromExtractor Library/Bee/artifacts/mvdfrm/UnityEditor.UIElementsSamplesModule.dll_ED7A0B46F2640ABC.mvfrm
[ 54/829    0s] MovedFromExtractor Library/Bee/artifacts/mvdfrm/UnityEditor.UnityConnectModule.dll_C1359E8F6FC39FDB.mvfrm
[ 55/829    0s] MovedFromExtractor Library/Bee/artifacts/mvdfrm/UnityEditor.UIBuilderModule.dll_E6FCFA9ACC4A2C45.mvfrm
[ 56/829    0s] MovedFromExtractor Library/Bee/artifacts/mvdfrm/UnityEngine.AccessibilityModule.dll_4D4318E57BF8E551.mvfrm
[ 57/829    0s] MovedFromExtractor Library/Bee/artifacts/mvdfrm/UnityEngine.AnimationModule.dll_60F9C9A733EE87B7.mvfrm
[ 58/829    0s] MovedFromExtractor Library/Bee/artifacts/mvdfrm/UnityEngine.AssetBundleModule.dll_F5E3E2CBEE39CBC5.mvfrm
[ 59/829    0s] MovedFromExtractor Library/Bee/artifacts/mvdfrm/UnityEngine.AudioModule.dll_BB3712955448A2E9.mvfrm
[ 60/829    0s] MovedFromExtractor Library/Bee/artifacts/mvdfrm/UnityEngine.AIModule.dll_5749EB1C97AF8A59.mvfrm
[ 61/829    0s] MovedFromExtractor Library/Bee/artifacts/mvdfrm/UnityEngine.AndroidJNIModule.dll_5A3C95F75EA27C97.mvfrm
[ 62/829    0s] MovedFromExtractor Library/Bee/artifacts/mvdfrm/UnityEngine.ClusterInputModule.dll_40D213A5214B72A1.mvfrm
[ 63/829    0s] MovedFromExtractor Library/Bee/artifacts/mvdfrm/UnityEngine.ClothModule.dll_221F6F902E6581CD.mvfrm
[ 64/829    0s] MovedFromExtractor Library/Bee/artifacts/mvdfrm/UnityEngine.ARModule.dll_10BCB01FF4CCE922.mvfrm
[ 65/829    0s] MovedFromExtractor Library/Bee/artifacts/mvdfrm/UnityEngine.ContentLoadModule.dll_8EFA3C0CBCBC73B2.mvfrm
[ 66/829    0s] MovedFromExtractor Library/Bee/artifacts/mvdfrm/UnityEngine.DirectorModule.dll_B386FE6CDBF04BED.mvfrm
[ 67/829    0s] MovedFromExtractor Library/Bee/artifacts/mvdfrm/UnityEngine.ClusterRendererModule.dll_427C1C1B3431A0B0.mvfrm
[ 68/829    0s] MovedFromExtractor Library/Bee/artifacts/mvdfrm/UnityEngine.dll_9246FFA3214676C5.mvfrm
[ 69/829    0s] MovedFromExtractor Library/Bee/artifacts/mvdfrm/UnityEngine.CrashReportingModule.dll_9F96221EC66CDF68.mvfrm
[ 70/829    0s] MovedFromExtractor Library/Bee/artifacts/mvdfrm/UnityEngine.GIModule.dll_EF86342A335E7273.mvfrm
[ 73/829    0s] WriteText Library/Bee/artifacts/1900b0aE.dag/UnityEngine.TestRunner.dll.mvfrm.rsp
[ 74/829    0s] WriteText Library/Bee/artifacts/1900b0aE.dag/UnityEngine.TestRunner.rsp
[ 75/829    0s] MovedFromExtractor Library/Bee/artifacts/mvdfrm/UnityEngine.CoreModule.dll_DAC246C7FD5209D0.mvfrm
[ 76/829    0s] MovedFromExtractor Library/Bee/artifacts/mvdfrm/UnityEngine.DSPGraphModule.dll_B8D85FD64E511D0E.mvfrm
[ 77/829    0s] MovedFromExtractor Library/Bee/artifacts/mvdfrm/UnityEngine.GridModule.dll_B83362B615A69FC7.mvfrm
[ 78/829    0s] MovedFromExtractor Library/Bee/artifacts/mvdfrm/UnityEngine.InputModule.dll_21ACDA45CA80C78D.mvfrm
[ 79/829    0s] MovedFromExtractor Library/Bee/artifacts/mvdfrm/UnityEngine.GameCenterModule.dll_8489E01224E36D88.mvfrm
[ 80/829    0s] MovedFromExtractor Library/Bee/artifacts/mvdfrm/UnityEngine.IMGUIModule.dll_F396B1FC1A7A36CA.mvfrm
[ 81/829    0s] MovedFromExtractor Library/Bee/artifacts/mvdfrm/UnityEngine.HotReloadModule.dll_E24287AD0F21A339.mvfrm
[ 84/829    0s] WriteText Library/Bee/artifacts/1900b0aE.dag/UnityEngine.UI.dll.mvfrm.rsp
[ 85/829    0s] WriteText Library/Bee/artifacts/1900b0aE.dag/UnityEngine.UI.rsp
[ 86/829    0s] MovedFromExtractor Library/Bee/artifacts/mvdfrm/UnityEngine.ImageConversionModule.dll_AE6E19CBB65658A4.mvfrm
[ 87/829    0s] WriteText Library/Bee/artifacts/1900b0aE.dag/UnityEditor.TestRunner.dll.mvfrm.rsp
[ 88/829    0s] WriteText Library/Bee/artifacts/1900b0aE.dag/UnityEditor.TestRunner.rsp
[ 91/829    0s] WriteText Library/Bee/artifacts/1900b0aE.dag/UnityEditor.UI.dll.mvfrm.rsp
[ 92/829    0s] WriteText Library/Bee/artifacts/1900b0aE.dag/UnityEditor.UI.rsp
[ 95/829    0s] MovedFromExtractor Library/Bee/artifacts/mvdfrm/UnityEngine.InputLegacyModule.dll_8728FDEA862B81B6.mvfrm
[ 96/829    0s] WriteText Library/Bee/artifacts/1900b0aE.dag/Unity.Burst.dll.mvfrm.rsp
[ 97/829    0s] WriteText Library/Bee/artifacts/1900b0aE.dag/Unity.Burst.rsp
[104/829    0s] WriteText Library/Bee/artifacts/1900b0aE.dag/Unity.Mathematics.dll.mvfrm.rsp
[105/829    0s] WriteText Library/Bee/artifacts/1900b0aE.dag/Unity.Mathematics.rsp
[108/829    0s] WriteText Library/Bee/artifacts/1900b0aE.dag/Unity.RenderPipelines.Core.Runtime.dll.mvfrm.rsp
[109/829    0s] WriteText Library/Bee/artifacts/1900b0aE.dag/Unity.RenderPipelines.Core.Runtime.rsp
[110/829    0s] MovedFromExtractor Library/Bee/artifacts/mvdfrm/UnityEngine.ParticleSystemModule.dll_F2A86B6B347E6AF6.mvfrm
[111/829    0s] MovedFromExtractor Library/Bee/artifacts/mvdfrm/UnityEngine.JSONSerializeModule.dll_AD5AA2217B3445DB.mvfrm
[112/829    0s] MovedFromExtractor Library/Bee/artifacts/mvdfrm/UnityEngine.PerformanceReportingModule.dll_D996390D41076E8F.mvfrm
[113/829    0s] MovedFromExtractor Library/Bee/artifacts/mvdfrm/UnityEngine.LocalizationModule.dll_7F1EDDF7B8C7659A.mvfrm
[114/829    0s] MovedFromExtractor Library/Bee/artifacts/mvdfrm/UnityEngine.Physics2DModule.dll_AD9FB997D4EB7F4C.mvfrm
[115/829    0s] WriteText Library/Bee/artifacts/1900b0aE.dag/Unity.Burst.CodeGen.dll.mvfrm.rsp
[116/829    0s] WriteText Library/Bee/artifacts/1900b0aE.dag/Unity.Burst.CodeGen.rsp
[117/829    0s] WriteText Library/Bee/artifacts/1900b0aE.dag/Unity.VisualScripting.Core.dll.mvfrm.rsp
[120/829    0s] WriteText Library/Bee/artifacts/1900b0aE.dag/Unity.VisualScripting.Core.rsp
[135/829    0s] WriteText Library/Bee/artifacts/1900b0aE.dag/Unity.2D.Sprite.Editor.dll.mvfrm.rsp
[136/829    0s] MovedFromExtractor Library/Bee/artifacts/mvdfrm/UnityEditor.WindowsStandalone.Extensions.dll_05605AE3083EBA4B.mvfrm
[139/829    0s] WriteText Library/Bee/artifacts/1900b0aE.dag/Unity.2D.Common.Runtime.dll.mvfrm.rsp
[140/829    0s] WriteText Library/Bee/artifacts/1900b0aE.dag/Unity.2D.Sprite.Editor.rsp
[143/829    0s] WriteText Library/Bee/artifacts/1900b0aE.dag/Unity.RenderPipeline.Universal.ShaderLibrary.dll.mvfrm.rsp
[144/829    0s] WriteText Library/Bee/artifacts/1900b0aE.dag/Unity.RenderPipelines.Universal.2D.Internal.dll.mvfrm.rsp
[145/829    0s] WriteText Library/Bee/artifacts/1900b0aE.dag/Unity.RenderPipelines.Universal.Config.Runtime.dll.mvfrm.rsp
[146/829    0s] WriteText Library/Bee/artifacts/1900b0aE.dag/Unity.2D.Common.Runtime.rsp
[147/829    0s] WriteText Library/Bee/artifacts/1900b0aE.dag/Unity.RenderPipelines.Universal.Config.Runtime.rsp
[148/829    0s] WriteText Library/Bee/artifacts/1900b0aE.dag/Unity.RenderPipeline.Universal.ShaderLibrary.rsp
[153/829    0s] WriteText Library/Bee/artifacts/1900b0aE.dag/Unity.RenderPipelines.Universal.2D.Internal.rsp
[154/829    0s] WriteText Library/Bee/artifacts/1900b0aE.dag/Unity.RenderPipelines.Core.Editor.dll.mvfrm.rsp
[155/829    0s] WriteText Library/Bee/artifacts/1900b0aE.dag/Unity.InternalAPIEngineBridge.001.dll.mvfrm.rsp
[156/829    0s] WriteText Library/Bee/artifacts/1900b0aE.dag/Unity.VisualScripting.Flow.dll.mvfrm.rsp
[158/829    0s] WriteText Library/Bee/artifacts/1900b0aE.dag/Unity.Collections.dll.mvfrm.rsp
[160/829    0s] WriteText Library/Bee/artifacts/1900b0aE.dag/Unity.RenderPipelines.Core.Editor.rsp
[161/829    0s] WriteText Library/Bee/artifacts/1900b0aE.dag/Unity.InternalAPIEngineBridge.001.rsp
[162/829    0s] WriteText Library/Bee/artifacts/1900b0aE.dag/Unity.VisualScripting.Flow.rsp
[163/829    0s] WriteText Library/Bee/artifacts/1900b0aE.dag/Unity.Collections.rsp
[164/829    0s] WriteText Library/Bee/artifacts/1900b0aE.dag/Unity.VisualScripting.Core.Editor.dll.mvfrm.rsp
[167/829    0s] WriteText Library/Bee/artifacts/1900b0aE.dag/Unity.Searcher.Editor.dll.mvfrm.rsp
[168/829    0s] WriteText Library/Bee/artifacts/1900b0aE.dag/Unity.VisualScripting.Core.Editor.rsp
[169/829    0s] WriteText Library/Bee/artifacts/1900b0aE.dag/Unity.Searcher.Editor.rsp
[170/829    0s] WriteText Library/Bee/artifacts/1900b0aE.dag/Unity.ShaderGraph.Utilities.dll.mvfrm.rsp
[173/829    0s] WriteText Library/Bee/artifacts/1900b0aE.dag/Unity.RenderPipelines.Universal.Runtime.dll.mvfrm.rsp
[174/829    0s] WriteText Library/Bee/artifacts/1900b0aE.dag/Unity.ShaderGraph.Utilities.rsp
[187/829    0s] WriteText Library/Bee/artifacts/1900b0aE.dag/Unity.InternalAPIEditorBridge.001.dll.mvfrm.rsp
[188/829    0s] WriteText Library/Bee/artifacts/1900b0aE.dag/Unity.RenderPipelines.Universal.Runtime.rsp
[189/829    0s] WriteText Library/Bee/artifacts/1900b0aE.dag/Unity.InternalAPIEditorBridge.001.rsp
[190/829    0s] WriteText Library/Bee/artifacts/1900b0aE.dag/Unity.2D.Common.Editor.dll.mvfrm.rsp
[191/829    0s] WriteResponseFile Library/Bee/artifacts/rsp/4747638433968585886.rsp
[192/829    0s] WriteText Library/Bee/artifacts/1900b0aE.dag/Unity.Burst.Editor.dll.mvfrm.rsp
[193/829    0s] WriteText Library/Bee/artifacts/1900b0aE.dag/Unity.2D.Common.Editor.rsp
[195/829    0s] WriteText Library/Bee/artifacts/1900b0aE.dag/Unity.Mathematics.Editor.dll.mvfrm.rsp
[197/829    0s] WriteText Library/Bee/artifacts/1900b0aE.dag/Unity.ShaderGraph.Editor.dll.mvfrm.rsp
[198/829    0s] WriteText Library/Bee/artifacts/1900b0aE.dag/Unity.ShaderGraph.Editor.rsp
[199/829    0s] WriteText Library/Bee/artifacts/1900b0aE.dag/Unity.Burst.Editor.rsp
[200/829    0s] WriteText Library/Bee/artifacts/1900b0aE.dag/Unity.Mathematics.Editor.rsp
[201/829    0s] WriteText Library/Bee/artifacts/1900b0aE.dag/Unity.2D.Animation.Runtime.dll.mvfrm.rsp
[202/829    0s] WriteText Library/Bee/artifacts/1900b0aE.dag/Unity.VisualScripting.Flow.Editor.dll.mvfrm.rsp
[203/829    0s] WriteText Library/Bee/artifacts/1900b0aE.dag/Unity.VisualScripting.State.dll.mvfrm.rsp
[204/829    0s] WriteText Library/Bee/artifacts/1900b0aE.dag/Unity.2D.Animation.Runtime.rsp
[205/829    0s] WriteText Library/Bee/artifacts/1900b0aE.dag/Unity.VisualScripting.State.rsp
[206/829    0s] WriteText Library/Bee/artifacts/1900b0aE.dag/Unity.VisualScripting.Flow.Editor.rsp
[211/829    0s] WriteText Library/Bee/artifacts/1900b0aE.dag/Unity.Timeline.dll.mvfrm.rsp
[214/829    0s] WriteText Library/Bee/artifacts/1900b0aE.dag/Unity.Timeline.rsp
[221/829    0s] WriteText Library/Bee/artifacts/1900b0aE.dag/Unity.RenderPipelines.Universal.Editor.dll.mvfrm.rsp
[232/829    0s] WriteText Library/Bee/artifacts/1900b0aE.dag/Unity.2D.PixelPerfect.dll.mvfrm.rsp
[233/829    0s] WriteText Library/Bee/artifacts/1900b0aE.dag/Unity.2D.PixelPerfect.rsp
[234/829    0s] WriteText Library/Bee/artifacts/1900b0aE.dag/Unity.RenderPipelines.Universal.Editor.rsp
[235/829    0s] WriteText Library/Bee/artifacts/1900b0aE.dag/Unity.2D.Animation.Editor.dll.mvfrm.rsp
[236/829    0s] WriteText Library/Bee/artifacts/1900b0aE.dag/Unity.TextMeshPro.dll.mvfrm.rsp
[237/829    0s] WriteText Library/Bee/artifacts/1900b0aE.dag/Unity.2D.Animation.Editor.rsp
[238/829    0s] WriteText Library/Bee/artifacts/1900b0aE.dag/Unity.2D.Tilemap.Editor.dll.mvfrm.rsp
[239/829    0s] WriteText Library/Bee/artifacts/1900b0aE.dag/Unity.VisualScripting.State.Editor.dll.mvfrm.rsp
[240/829    0s] WriteText Library/Bee/artifacts/1900b0aE.dag/Unity.2D.Tilemap.Extras.dll.mvfrm.rsp
[241/829    0s] WriteText Library/Bee/artifacts/1900b0aE.dag/Unity.2D.IK.Runtime.dll.mvfrm.rsp
[242/829    0s] WriteText Library/Bee/artifacts/1900b0aE.dag/Unity.2D.SpriteShape.Runtime.dll.mvfrm.rsp
[243/829    0s] WriteText Library/Bee/artifacts/1900b0aE.dag/Unity.2D.Aseprite.Common.dll.mvfrm.rsp
[246/829    0s] WriteText Library/Bee/artifacts/1900b0aE.dag/Unity.2D.Common.Path.Editor.dll.mvfrm.rsp
[248/829    0s] WriteText Library/Bee/artifacts/1900b0aE.dag/Unity.2D.IK.Runtime.rsp
[249/829    0s] WriteText Library/Bee/artifacts/1900b0aE.dag/Unity.2D.Aseprite.Common.rsp
[250/829    0s] WriteText Library/Bee/artifacts/1900b0aE.dag/Unity.2D.Tilemap.Extras.rsp
[251/829    0s] WriteText Library/Bee/artifacts/1900b0aE.dag/Unity.VisualScripting.State.Editor.rsp
[253/829    0s] WriteText Library/Bee/artifacts/1900b0aE.dag/Unity.2D.Tilemap.Editor.rsp
[254/829    0s] WriteText Library/Bee/artifacts/1900b0aE.dag/Unity.2D.SpriteShape.Runtime.rsp
[255/829    0s] WriteText Library/Bee/artifacts/1900b0aE.dag/Unity.TextMeshPro.rsp
[258/829    0s] MovedFromExtractor Library/Bee/artifacts/mvdfrm/UnityEngine.PhysicsModule.dll_E0646924CA68B4DA.mvfrm
[259/829    0s] WriteText Library/Bee/artifacts/1900b0aE.dag/Unity.Timeline.Editor.dll.mvfrm.rsp
[260/829    0s] WriteText Library/Bee/artifacts/1900b0aE.dag/Unity.2D.Common.Path.Editor.rsp
[263/829    0s] WriteText Library/Bee/artifacts/1900b0aE.dag/PsdPlugin.dll.mvfrm.rsp
[266/829    0s] WriteText Library/Bee/artifacts/1900b0aE.dag/Unity.Timeline.Editor.rsp
[267/829    0s] WriteText Library/Bee/artifacts/1900b0aE.dag/Unity.PlasticSCM.Editor.dll.mvfrm.rsp
[282/829    0s] WriteText Library/Bee/artifacts/1900b0aE.dag/PsdPlugin.rsp
[295/829    0s] WriteText Library/Bee/artifacts/1900b0aE.dag/Unity.Rider.Editor.dll.mvfrm.rsp
[296/829    0s] WriteText Library/Bee/artifacts/1900b0aE.dag/Unity.VisualStudio.Editor.dll.mvfrm.rsp
[297/829    0s] WriteText Library/Bee/artifacts/1900b0aE.dag/Unity.PlasticSCM.Editor.rsp
[298/829    0s] WriteText Library/Bee/artifacts/1900b0aE.dag/Cinemachine.dll.mvfrm.rsp
[299/829    0s] WriteText Library/Bee/artifacts/1900b0aE.dag/Unity.RenderPipelines.Core.ShaderLibrary.dll.mvfrm.rsp
[300/829    0s] WriteText Library/Bee/artifacts/1900b0aE.dag/Unity.2D.Aseprite.Editor.dll.mvfrm.rsp
[301/829    0s] WriteText Library/Bee/artifacts/1900b0aE.dag/Unity.2D.IK.Editor.dll.mvfrm.rsp
[302/829    0s] WriteText Library/Bee/artifacts/1900b0aE.dag/Unity.VisualScripting.SettingsProvider.Editor.dll.mvfrm.rsp
[303/829    0s] WriteText Library/Bee/artifacts/1900b0aE.dag/Unity.2D.PixelPerfect.Editor.dll.mvfrm.rsp
[304/829    0s] WriteText Library/Bee/artifacts/1900b0aE.dag/Unity.TextMeshPro.Editor.dll.mvfrm.rsp
[305/829    0s] WriteText Library/Bee/artifacts/1900b0aE.dag/Unity.2D.Psdimporter.Editor.dll.mvfrm.rsp
[306/829    0s] WriteText Library/Bee/artifacts/1900b0aE.dag/Unity.2D.SpriteShape.Editor.dll.mvfrm.rsp
[307/829    0s] WriteText Library/Bee/artifacts/1900b0aE.dag/Unity.VisualScripting.Shared.Editor.dll.mvfrm.rsp
[308/829    0s] WriteText Library/Bee/artifacts/1900b0aE.dag/Unity.RenderPipelines.Universal.Shaders.dll.mvfrm.rsp
[309/829    0s] WriteText Library/Bee/artifacts/1900b0aE.dag/Unity.RenderPipelines.ShaderGraph.ShaderGraphLibrary.dll.mvfrm.rsp
[310/829    0s] WriteText Library/Bee/artifacts/1900b0aE.dag/Unity.2D.Tilemap.Extras.Editor.dll.mvfrm.rsp
[311/829    0s] WriteText Library/Bee/artifacts/1900b0aE.dag/Cinemachine.rsp
[312/829    0s] WriteText Library/Bee/artifacts/1900b0aE.dag/Unity.VisualStudio.Editor.rsp
[313/829    0s] WriteText Library/Bee/artifacts/1900b0aE.dag/Unity.Rider.Editor.rsp
[314/829    0s] WriteText Library/Bee/artifacts/1900b0aE.dag/Unity.RenderPipelines.ShaderGraph.ShaderGraphLibrary.rsp
[315/829    0s] WriteText Library/Bee/artifacts/1900b0aE.dag/Unity.2D.IK.Editor.rsp
[316/829    0s] WriteText Library/Bee/artifacts/1900b0aE.dag/Unity.RenderPipelines.Universal.Shaders.rsp
[317/829    0s] WriteText Library/Bee/artifacts/1900b0aE.dag/Unity.2D.PixelPerfect.Editor.rsp
[318/829    0s] WriteText Library/Bee/artifacts/1900b0aE.dag/Unity.VisualScripting.Shared.Editor.rsp
[319/829    0s] WriteText Library/Bee/artifacts/1900b0aE.dag/Unity.2D.Aseprite.Editor.rsp
[320/829    0s] WriteText Library/Bee/artifacts/1900b0aE.dag/Unity.TextMeshPro.Editor.rsp
[321/829    0s] WriteText Library/Bee/artifacts/1900b0aE.dag/Unity.VisualScripting.SettingsProvider.Editor.rsp
[322/829    0s] WriteText Library/Bee/artifacts/1900b0aE.dag/Unity.2D.Psdimporter.Editor.rsp
[323/829    0s] WriteText Library/Bee/artifacts/1900b0aE.dag/Unity.RenderPipelines.Core.ShaderLibrary.rsp
[328/829    0s] WriteText Library/Bee/artifacts/1900b0aE.dag/Unity.2D.Tilemap.Extras.Editor.rsp
[329/829    0s] WriteText Library/Bee/artifacts/1900b0aE.dag/Unity.2D.SpriteShape.Editor.rsp
[330/829    0s] WriteText Library/Bee/artifacts/1900b0aE.dag/com.unity.cinemachine.editor.dll.mvfrm.rsp
[331/829    0s] WriteText Library/Bee/artifacts/1900b0aE.dag/PPv2URPConverters.dll.mvfrm.rsp
[333/829    0s] MovedFromExtractor Library/Bee/artifacts/mvdfrm/Unity.Collections.LowLevel.ILSupport.dll_2E40CE80E145E521.mvfrm
[335/829    0s] MovedFromExtractor Library/Bee/artifacts/mvdfrm/Unity.VisualScripting.Antlr3.Runtime.dll_FBC62C826EB2B4B0.mvfrm
[336/829    0s] WriteText Library/Bee/artifacts/1900b0aE.dag/com.unity.cinemachine.editor.rsp
[337/829    0s] WriteText Library/Bee/artifacts/1900b0aE.dag/Assembly-CSharp.dll.mvfrm.rsp
[338/829    0s] WriteText Library/Bee/artifacts/1900b0aE.dag/PPv2URPConverters.rsp
[339/829    0s] WriteText Library/Bee/artifacts/1900b0aE.dag/Assembly-CSharp.rsp
[340/829    0s] WriteText Library/Bee/artifacts/1900b0aE.dag/Unity.PlasticSCM.Editor.Entities.dll.mvfrm.rsp
[341/829    0s] WriteText Library/Bee/artifacts/1900b0aE.dag/Unity.CollabProxy.Editor.dll.mvfrm.rsp
[344/829    0s] WriteText Library/Bee/artifacts/1900b0aE.dag/Assembly-CSharp-Editor.dll.mvfrm.rsp
[353/829    0s] WriteText Library/Bee/artifacts/1900b0aE.dag/Unity.Collections.DocCodeSamples.dll.mvfrm.rsp
[354/829    0s] WriteText Library/Bee/artifacts/1900b0aE.dag/Unity.Collections.BurstCompatibilityGen.dll.mvfrm.rsp
[355/829    0s] WriteText Library/Bee/artifacts/1900b0aE.dag/Assembly-CSharp-Editor.rsp
[356/829    0s] WriteText Library/Bee/artifacts/1900b0aE.dag/Unity.Collections.BurstCompatibilityGen.rsp
[357/829    0s] WriteText Library/Bee/artifacts/1900b0aE.dag/Unity.CollabProxy.Editor.rsp
[358/829    0s] WriteResponseFile Library/Bee/artifacts/rsp/4691676790321305727.rsp
[359/829    0s] WriteText Library/Bee/artifacts/1900b0aE.dag/Unity.Collections.DocCodeSamples.rsp
[360/829    0s] WriteResponseFile Library/Bee/artifacts/rsp/13686715218353603589.rsp
[361/829    0s] WriteText Library/Bee/artifacts/1900b0aE.dag/Unity.PlasticSCM.Editor.Entities.rsp
[362/829    0s] WriteResponseFile Library/Bee/artifacts/rsp/3410860103080533286.rsp
[363/829    0s] WriteResponseFile Library/Bee/artifacts/rsp/10654656162358534522.rsp
[364/829    0s] WriteResponseFile Library/Bee/artifacts/rsp/11344994280883157806.rsp
[365/829    0s] WriteResponseFile Library/Bee/artifacts/rsp/5916180605834378387.rsp
[366/829    0s] WriteResponseFile Library/Bee/artifacts/rsp/4014436084419441659.rsp
[367/829    0s] WriteResponseFile Library/Bee/artifacts/rsp/1418726328684876121.rsp
[368/829    0s] WriteResponseFile Library/Bee/artifacts/rsp/9870516708743257357.rsp
[369/829    0s] WriteResponseFile Library/Bee/artifacts/rsp/18218310762646611085.rsp
[370/829    0s] WriteResponseFile Library/Bee/artifacts/rsp/5803490648119114145.rsp
[371/829    0s] WriteResponseFile Library/Bee/artifacts/rsp/3961525668064847622.rsp
[372/829    0s] WriteResponseFile Library/Bee/artifacts/rsp/10571807241835812913.rsp
[373/829    0s] WriteResponseFile Library/Bee/artifacts/rsp/8899139255040401798.rsp
[374/829    0s] WriteResponseFile Library/Bee/artifacts/rsp/5546506141355401238.rsp
[375/829    0s] WriteResponseFile Library/Bee/artifacts/rsp/3258459190130463912.rsp
[376/829    0s] WriteResponseFile Library/Bee/artifacts/rsp/2157608619508796868.rsp
[377/829    0s] WriteResponseFile Library/Bee/artifacts/rsp/7038082120299526273.rsp
[378/829    0s] WriteResponseFile Library/Bee/artifacts/rsp/17525389461119239690.rsp
[379/829    0s] WriteResponseFile Library/Bee/artifacts/rsp/5249134988916615986.rsp
[380/829    0s] WriteResponseFile Library/Bee/artifacts/rsp/15085861467720516389.rsp
[381/829    0s] WriteResponseFile Library/Bee/artifacts/rsp/11932646040550446581.rsp
[382/829    0s] WriteResponseFile Library/Bee/artifacts/rsp/8654950501350094070.rsp
[383/829    0s] WriteResponseFile Library/Bee/artifacts/rsp/1410676725171572189.rsp
[384/829    0s] WriteResponseFile Library/Bee/artifacts/rsp/10678863128556690338.rsp
[385/829    0s] WriteResponseFile Library/Bee/artifacts/rsp/3648465134513896125.rsp
[386/829    0s] WriteResponseFile Library/Bee/artifacts/rsp/10010842633742469623.rsp
[387/829    0s] WriteResponseFile Library/Bee/artifacts/rsp/16942202937359522267.rsp
[388/829    0s] WriteResponseFile Library/Bee/artifacts/rsp/15312589170787849123.rsp
[389/829    0s] WriteResponseFile Library/Bee/artifacts/rsp/12248871281822510316.rsp
[390/829    0s] WriteResponseFile Library/Bee/artifacts/rsp/4772145154433932943.rsp
[391/829    0s] WriteResponseFile Library/Bee/artifacts/rsp/2240406767038398906.rsp
[392/829    0s] WriteResponseFile Library/Bee/artifacts/rsp/9321109326917711913.rsp
[393/829    0s] WriteResponseFile Library/Bee/artifacts/rsp/3938377011463375229.rsp
[394/829    0s] WriteResponseFile Library/Bee/artifacts/rsp/11295897478892413411.rsp
[395/829    0s] WriteResponseFile Library/Bee/artifacts/rsp/5806762800881712256.rsp
[396/829    0s] WriteResponseFile Library/Bee/artifacts/rsp/14814235663552238418.rsp
[397/829    0s] WriteResponseFile Library/Bee/artifacts/rsp/7634377931854478575.rsp
[398/829    0s] WriteResponseFile Library/Bee/artifacts/rsp/13445476680238899994.rsp
[399/829    0s] WriteResponseFile Library/Bee/artifacts/rsp/3043913547040211301.rsp
[400/829    0s] WriteResponseFile Library/Bee/artifacts/rsp/15394042617203071315.rsp
[401/829    0s] WriteResponseFile Library/Bee/artifacts/rsp/6413563044966999158.rsp
[402/829    0s] WriteResponseFile Library/Bee/artifacts/rsp/6947401630772442630.rsp
[403/829    0s] WriteResponseFile Library/Bee/artifacts/rsp/9703144790800738880.rsp
[404/829    0s] WriteResponseFile Library/Bee/artifacts/rsp/9675442845102135732.rsp
[405/829    0s] WriteResponseFile Library/Bee/artifacts/rsp/10292501669419677951.rsp
[406/829    0s] WriteResponseFile Library/Bee/artifacts/rsp/3388064732626934676.rsp
[407/829    0s] WriteResponseFile Library/Bee/artifacts/rsp/12697856024727907050.rsp
[408/829    0s] WriteResponseFile Library/Bee/artifacts/rsp/9111662996337956171.rsp
[409/829    0s] WriteResponseFile Library/Bee/artifacts/rsp/8336928665352126947.rsp
[410/829    0s] WriteResponseFile Library/Bee/artifacts/rsp/2781082588993088484.rsp
[411/829    0s] WriteResponseFile Library/Bee/artifacts/rsp/7759033573704817190.rsp
[412/829    0s] WriteResponseFile Library/Bee/artifacts/rsp/1723042715960067801.rsp
[413/829    0s] WriteResponseFile Library/Bee/artifacts/rsp/17738801749825545598.rsp
[414/829    0s] WriteResponseFile Library/Bee/artifacts/rsp/6210570011482043853.rsp
[415/829    0s] WriteResponseFile Library/Bee/artifacts/rsp/17766336155681823506.rsp
[416/829    0s] WriteResponseFile Library/Bee/artifacts/rsp/15183149355271759364.rsp
[417/829    0s] WriteResponseFile Library/Bee/artifacts/rsp/13439087796855272166.rsp
[418/829    0s] WriteResponseFile Library/Bee/artifacts/rsp/2499735490941455596.rsp
[419/829    0s] WriteResponseFile Library/Bee/artifacts/rsp/5521740788080646575.rsp
[420/829    0s] WriteResponseFile Library/Bee/artifacts/rsp/3818794330681902346.rsp
[421/829    0s] WriteResponseFile Library/Bee/artifacts/rsp/6841316898876630997.rsp
[422/829    0s] WriteResponseFile Library/Bee/artifacts/rsp/12812556936427222528.rsp
[423/829    0s] MovedFromExtractor Library/Bee/artifacts/mvdfrm/UnityEditor.Graphs.dll_67842BF8639E43D7.mvfrm
[424/829    0s] MovedFromExtractor Library/Bee/artifacts/mvdfrm/Unity.Plastic.Antlr3.Runtime.dll_1CA22262BA8948B6.mvfrm
[425/829    0s] MovedFromExtractor Library/Bee/artifacts/mvdfrm/Unity.Plastic.Newtonsoft.Json.dll_1963981EAB24D61F.mvfrm
[426/829    0s] MovedFromExtractor Library/Bee/artifacts/mvdfrm/UnityEngine.NVIDIAModule.dll_E6E66A6F609F983C.mvfrm
[427/829    0s] MovedFromExtractor Library/Bee/artifacts/mvdfrm/Unity.VisualScripting.TextureAssets.dll_E1772EF4FEB70289.mvfrm
[428/829    0s] MovedFromExtractor Library/Bee/artifacts/mvdfrm/Unity.VisualScripting.IonicZip.dll_840FAE5C8A141D5B.mvfrm
[429/829    0s] MovedFromExtractor Library/Bee/artifacts/mvdfrm/Unity.Burst.Unsafe.dll_9114B60CAAEDAE3B.mvfrm
[430/829    0s] MovedFromExtractor Library/Bee/artifacts/mvdfrm/Unity.VisualScripting.YamlDotNet.dll_4A5905A13DE9A491.mvfrm
[431/829    0s] MovedFromExtractor Library/Bee/artifacts/mvdfrm/Unity.Burst.Cecil.Pdb.dll_C14F24AAE6C06398.mvfrm
[432/829    0s] MovedFromExtractor Library/Bee/artifacts/mvdfrm/Unity.Burst.Cecil.Mdb.dll_A9FCAC3B680B6215.mvfrm
[433/829    0s] MovedFromExtractor Library/Bee/artifacts/mvdfrm/Unity.Burst.Cecil.dll_42E116EB0234A8D8.mvfrm
[434/829    0s] MovedFromExtractorCombine Library/Bee/artifacts/1900b0aE.dag/UnityEngine.TestRunner.dll.mvfrm
[435/829    0s] MovedFromExtractor Library/Bee/artifacts/mvdfrm/Unity.Burst.Cecil.Rocks.dll_757AC0409981C6B8.mvfrm
[436/829    0s] MovedFromExtractor Library/Bee/artifacts/mvdfrm/Unity.CompilationPipeline.Common.dll_FC6B2BC965F778B3.mvfrm
[437/829    0s] MovedFromExtractorCombine Library/Bee/artifacts/1900b0aE.dag/UnityEngine.UI.dll.mvfrm
[437/829    0s] Csc Library/Bee/artifacts/1900b0aE.dag/UnityEngine.TestRunner.dll (+2 others) [CacheHit 893f2ad4d679dfa1531f6a0e1d07031800000000000000000000000000000003]
[438/829   1790397802s] Csc Library/Bee/artifacts/1900b0aE.dag/UnityEngine.TestRunner.dll (+2 others)
[440/829    0s] CopyFiles Library/ScriptAssemblies/UnityEngine.TestRunner.dll
[441/829    0s] CopyFiles Library/ScriptAssemblies/UnityEngine.TestRunner.pdb
[440/829    0s] Csc Library/Bee/artifacts/1900b0aE.dag/UnityEngine.UI.dll (+2 others) [CacheHit 550676ea1499f96111f5c53ee32f28a700000000000000000000000000000003]
[442/829   1790397802s] Csc Library/Bee/artifacts/1900b0aE.dag/UnityEngine.UI.dll (+2 others)
[444/829    0s] MovedFromExtractor Library/Bee/artifacts/mvdfrm/UnityEngine.TestRunner.ref.dll_E55D0F7C63F01D9E.mvfrm
[445/829    0s] MovedFromExtractor Library/Bee/artifacts/mvdfrm/UnityEngine.UI.ref.dll_08FEAA520A2EFD60.mvfrm
[446/829    0s] MovedFromExtractorCombine Library/Bee/artifacts/1900b0aE.dag/UnityEditor.TestRunner.dll.mvfrm
[444/829    0s] Csc Library/Bee/artifacts/1900b0aE.dag/UnityEditor.TestRunner.dll (+2 others) [CacheHit 8e25ef8cf7a5468c4a7ceab9e167401000000000000000000000000000000003]
[447/829   1790397803s] Csc Library/Bee/artifacts/1900b0aE.dag/UnityEditor.TestRunner.dll (+2 others)
[449/829    0s] CopyFiles Library/ScriptAssemblies/UnityEditor.TestRunner.pdb
[450/829    0s] CopyFiles Library/ScriptAssemblies/UnityEditor.TestRunner.dll
[451/829    0s] MovedFromExtractor Library/Bee/artifacts/mvdfrm/UnityEditor.TestRunner.ref.dll_193EC4CE382CBFB3.mvfrm
[452/829    0s] MovedFromExtractorCombine Library/Bee/artifacts/1900b0aE.dag/UnityEditor.UI.dll.mvfrm
[449/829    0s] Csc Library/Bee/artifacts/1900b0aE.dag/UnityEditor.UI.dll (+2 others) [CacheHit 36bbb87d355e7033e2023578f8ec448e00000000000000000000000000000003]
[453/829   1790397803s] Csc Library/Bee/artifacts/1900b0aE.dag/UnityEditor.UI.dll (+2 others)
[455/829    0s] MovedFromExtractor Library/Bee/artifacts/mvdfrm/UnityEditor.UI.ref.dll_4C98D3F7040CD4F5.mvfrm
[456/829    0s] MovedFromExtractorCombine Library/Bee/artifacts/1900b0aE.dag/Unity.RenderPipelines.Universal.2D.Internal.dll.mvfrm
[457/829    0s] MovedFromExtractorCombine Library/Bee/artifacts/1900b0aE.dag/Unity.ShaderGraph.Utilities.dll.mvfrm
[458/829    0s] MovedFromExtractorCombine Library/Bee/artifacts/1900b0aE.dag/Unity.2D.Common.Path.Editor.dll.mvfrm
[459/829    0s] MovedFromExtractorCombine Library/Bee/artifacts/1900b0aE.dag/Unity.2D.Tilemap.Editor.dll.mvfrm
[460/829    0s] MovedFromExtractorCombine Library/Bee/artifacts/1900b0aE.dag/Unity.InternalAPIEngineBridge.001.dll.mvfrm
[461/829    0s] MovedFromExtractorCombine Library/Bee/artifacts/1900b0aE.dag/Unity.VisualStudio.Editor.dll.mvfrm
[462/829    0s] MovedFromExtractorCombine Library/Bee/artifacts/1900b0aE.dag/Unity.Searcher.Editor.dll.mvfrm
[463/829    0s] MovedFromExtractorCombine Library/Bee/artifacts/1900b0aE.dag/Unity.2D.Tilemap.Extras.dll.mvfrm
[464/829    0s] MovedFromExtractorCombine Library/Bee/artifacts/1900b0aE.dag/Unity.Burst.dll.mvfrm
[460/829    0s] Csc Library/Bee/artifacts/1900b0aE.dag/Unity.2D.Common.Path.Editor.dll (+2 others) [CacheHit 0e61a74be8e5b0c471a572c4d08d6b8400000000000000000000000000000003]
[465/829   1790397804s] Csc Library/Bee/artifacts/1900b0aE.dag/Unity.2D.Common.Path.Editor.dll (+2 others)
[461/829    0s] Csc Library/Bee/artifacts/1900b0aE.dag/Unity.Searcher.Editor.dll (+2 others) [CacheHit d2a9cedffac2bacdad3095950e20ca5000000000000000000000000000000003]
[467/829   1790397804s] Csc Library/Bee/artifacts/1900b0aE.dag/Unity.Searcher.Editor.dll (+2 others)
[462/829    0s] Csc Library/Bee/artifacts/1900b0aE.dag/Unity.RenderPipelines.Universal.2D.Internal.dll (+2 others) [CacheHit dafdf1b84eff0f59234d324a26d085c000000000000000000000000000000003]
[469/829   1790397804s] Csc Library/Bee/artifacts/1900b0aE.dag/Unity.RenderPipelines.Universal.2D.Internal.dll (+2 others)
[463/829    0s] Csc Library/Bee/artifacts/1900b0aE.dag/Unity.InternalAPIEngineBridge.001.dll (+2 others) [CacheHit f706e04ea71a079359affcae590ac39e00000000000000000000000000000003]
[471/829   1790397804s] Csc Library/Bee/artifacts/1900b0aE.dag/Unity.InternalAPIEngineBridge.001.dll (+2 others)
[464/829    0s] Csc Library/Bee/artifacts/1900b0aE.dag/Unity.2D.Tilemap.Extras.dll (+2 others) [CacheHit ca53faaed9ae62b390357d7953f6564500000000000000000000000000000003]
[473/829   1790397804s] Csc Library/Bee/artifacts/1900b0aE.dag/Unity.2D.Tilemap.Extras.dll (+2 others)
[475/829    0s] MovedFromExtractorCombine Library/Bee/artifacts/1900b0aE.dag/Unity.Mathematics.dll.mvfrm
[476/829    0s] MovedFromExtractorCombine Library/Bee/artifacts/1900b0aE.dag/Unity.RenderPipelines.Core.Runtime.dll.mvfrm
[467/829    0s] Csc Library/Bee/artifacts/1900b0aE.dag/Unity.ShaderGraph.Utilities.dll (+2 others) [CacheHit 8cc1eb27f601456de6c5bf30b5ca56e400000000000000000000000000000003]
[477/829   1790397804s] Csc Library/Bee/artifacts/1900b0aE.dag/Unity.ShaderGraph.Utilities.dll (+2 others)
[479/829    0s] MovedFromExtractorCombine Library/Bee/artifacts/1900b0aE.dag/Unity.TextMeshPro.dll.mvfrm
[480/829    0s] MovedFromExtractorCombine Library/Bee/artifacts/1900b0aE.dag/Unity.2D.Sprite.Editor.dll.mvfrm
[470/829    0s] Csc Library/Bee/artifacts/1900b0aE.dag/Unity.2D.Tilemap.Editor.dll (+2 others) [CacheHit 659ad916fe608eeb1580d977f6f448be00000000000000000000000000000003]
[481/829   1790397804s] Csc Library/Bee/artifacts/1900b0aE.dag/Unity.2D.Tilemap.Editor.dll (+2 others)
[483/829    0s] MovedFromExtractorCombine Library/Bee/artifacts/1900b0aE.dag/Unity.Rider.Editor.dll.mvfrm
[484/829    0s] MovedFromExtractorCombine Library/Bee/artifacts/1900b0aE.dag/Unity.VisualScripting.Core.dll.mvfrm
[473/829    0s] Csc Library/Bee/artifacts/1900b0aE.dag/Unity.Burst.dll (+2 others) [CacheHit 87a915fd22f8071a774fd7d95cb7ed8900000000000000000000000000000003]
[485/829   1790397804s] Csc Library/Bee/artifacts/1900b0aE.dag/Unity.Burst.dll (+2 others)
[487/829    0s] MovedFromExtractorCombine Library/Bee/artifacts/1900b0aE.dag/Unity.2D.PixelPerfect.dll.mvfrm
[488/829    0s] MovedFromExtractorCombine Library/Bee/artifacts/1900b0aE.dag/Unity.RenderPipelines.Core.ShaderLibrary.dll.mvfrm
[489/829    0s] MovedFromExtractorCombine Library/Bee/artifacts/1900b0aE.dag/Unity.PlasticSCM.Editor.dll.mvfrm
[490/829    0s] MovedFromExtractorCombine Library/Bee/artifacts/1900b0aE.dag/Unity.Timeline.dll.mvfrm
[478/829    0s] Csc Library/Bee/artifacts/1900b0aE.dag/Unity.TextMeshPro.dll (+2 others) [CacheHit 845c716c05bdb5901f3619a8d20a2d1400000000000000000000000000000003]
[491/829   1790397804s] Csc Library/Bee/artifacts/1900b0aE.dag/Unity.TextMeshPro.dll (+2 others)
[479/829    0s] Csc Library/Bee/artifacts/1900b0aE.dag/Unity.RenderPipelines.Core.Runtime.dll (+2 others) [CacheHit 58dbf70cb63b0dacc9b51abf58035baa00000000000000000000000000000003]
[493/829   1790397804s] Csc Library/Bee/artifacts/1900b0aE.dag/Unity.RenderPipelines.Core.Runtime.dll (+2 others)
[480/829    0s] Csc Library/Bee/artifacts/1900b0aE.dag/Unity.2D.Sprite.Editor.dll (+2 others) [CacheHit 558034ce283bfd121962dad3d0cfb83d00000000000000000000000000000003]
[495/829   1790397804s] Csc Library/Bee/artifacts/1900b0aE.dag/Unity.2D.Sprite.Editor.dll (+2 others)
[497/829    0s] MovedFromExtractor Library/Bee/artifacts/mvdfrm/Unity.RenderPipelines.Universal.2D.Internal.ref.dll_EF7AD60E316C51AB.mvfrm
[482/829    0s] Csc Library/Bee/artifacts/1900b0aE.dag/Unity.Mathematics.dll (+2 others) [CacheHit 414faaf876058ecdac987b1d73d72bb900000000000000000000000000000003]
[498/829   1790397804s] Csc Library/Bee/artifacts/1900b0aE.dag/Unity.Mathematics.dll (+2 others)
[483/829    0s] Csc Library/Bee/artifacts/1900b0aE.dag/Unity.VisualScripting.Core.dll (+2 others) [CacheHit 299cacaaba95892b477ccbed847882b200000000000000000000000000000003]
[500/829   1790397804s] Csc Library/Bee/artifacts/1900b0aE.dag/Unity.VisualScripting.Core.dll (+2 others)
[484/829    0s] Csc Library/Bee/artifacts/1900b0aE.dag/Unity.Timeline.dll (+2 others) [CacheHit cd7e077f46a722ae00ae9158c0ffaf0c00000000000000000000000000000003]
[502/829   1790397804s] Csc Library/Bee/artifacts/1900b0aE.dag/Unity.Timeline.dll (+2 others)
[504/829    0s] MovedFromExtractor Library/Bee/artifacts/mvdfrm/Unity.InternalAPIEngineBridge.001.ref.dll_B4F0ACC15A996E43.mvfrm
[505/829    0s] MovedFromExtractor Library/Bee/artifacts/mvdfrm/Unity.Searcher.Editor.ref.dll_12B7E1785E41BE0E.mvfrm
[487/829    0s] Csc Library/Bee/artifacts/1900b0aE.dag/Unity.2D.PixelPerfect.dll (+2 others) [CacheHit 6cb75920f348bb6c53b9abc12080be7700000000000000000000000000000003]
[506/829   1790397804s] Csc Library/Bee/artifacts/1900b0aE.dag/Unity.2D.PixelPerfect.dll (+2 others)
[488/829    0s] Csc Library/Bee/artifacts/1900b0aE.dag/Unity.Rider.Editor.dll (+2 others) [CacheHit 791686b59244139b9e1b618be3b91ac400000000000000000000000000000003]
[508/829   1790397804s] Csc Library/Bee/artifacts/1900b0aE.dag/Unity.Rider.Editor.dll (+2 others)
[510/829    0s] MovedFromExtractorCombine Library/Bee/artifacts/1900b0aE.dag/Unity.RenderPipelines.Universal.Shaders.dll.mvfrm
[511/829    0s] MovedFromExtractorCombine Library/Bee/artifacts/1900b0aE.dag/Unity.RenderPipelines.ShaderGraph.ShaderGraphLibrary.dll.mvfrm
[491/829    0s] Csc Library/Bee/artifacts/1900b0aE.dag/Unity.PlasticSCM.Editor.dll (+2 others) [CacheHit 87fa118aca546354b49b4ab6957eaf1d00000000000000000000000000000003]
[512/829   1790397804s] Csc Library/Bee/artifacts/1900b0aE.dag/Unity.PlasticSCM.Editor.dll (+2 others)
[514/829    0s] MovedFromExtractor Library/Bee/artifacts/mvdfrm/Unity.2D.Tilemap.Extras.ref.dll_371E356D6F5B6577.mvfrm
[515/829    0s] MovedFromExtractor Library/Bee/artifacts/mvdfrm/Unity.ShaderGraph.Utilities.ref.dll_0524057423981A9D.mvfrm
[516/829    0s] CopyFiles Library/ScriptAssemblies/Unity.Rider.Editor.dll
[517/829    0s] CopyFiles Library/ScriptAssemblies/Unity.Rider.Editor.pdb
[496/829    0s] Csc Library/Bee/artifacts/1900b0aE.dag/Unity.RenderPipelines.Core.ShaderLibrary.dll (+2 others) [CacheHit d56bf812cd6088d45d1b956ae1c94ee800000000000000000000000000000003]
[518/829   1790397804s] Csc Library/Bee/artifacts/1900b0aE.dag/Unity.RenderPipelines.Core.ShaderLibrary.dll (+2 others)
[497/829    0s] Csc Library/Bee/artifacts/1900b0aE.dag/Unity.RenderPipelines.Universal.Shaders.dll (+2 others) [CacheHit 2a5f9f53a97bcb0fc638bffcbaf80db400000000000000000000000000000003]
[520/829   1790397804s] Csc Library/Bee/artifacts/1900b0aE.dag/Unity.RenderPipelines.Universal.Shaders.dll (+2 others)
[522/829    0s] MovedFromExtractor Library/Bee/artifacts/mvdfrm/Unity.2D.Tilemap.Editor.ref.dll_436C0E2610862891.mvfrm
[523/829    0s] MovedFromExtractor Library/Bee/artifacts/mvdfrm/Unity.2D.Common.Path.Editor.ref.dll_011CCB039EE5F887.mvfrm
[500/829    0s] Csc Library/Bee/artifacts/1900b0aE.dag/Unity.VisualStudio.Editor.dll (+2 others) [CacheHit 49727cb6470441a37b7e29d8119bfb2400000000000000000000000000000003]
[524/829   1790397804s] Csc Library/Bee/artifacts/1900b0aE.dag/Unity.VisualStudio.Editor.dll (+2 others)
[526/829    0s] CopyFiles Library/ScriptAssemblies/Unity.VisualStudio.Editor.dll
[502/829    0s] Csc Library/Bee/artifacts/1900b0aE.dag/Unity.RenderPipelines.ShaderGraph.ShaderGraphLibrary.dll (+2 others) [CacheHit 0d017d3bebd10fddd3a3eb61d4432f9f00000000000000000000000000000003]
[527/829   1790397804s] Csc Library/Bee/artifacts/1900b0aE.dag/Unity.RenderPipelines.ShaderGraph.ShaderGraphLibrary.dll (+2 others)
[529/829    0s] CopyFiles Library/ScriptAssemblies/Unity.VisualStudio.Editor.pdb
[530/829    0s] MovedFromExtractor Library/Bee/artifacts/mvdfrm/Unity.Burst.ref.dll_F30DFA20C0DD1968.mvfrm
[531/829    0s] MovedFromExtractorCombine Library/Bee/artifacts/1900b0aE.dag/Unity.2D.IK.Runtime.dll.mvfrm
[532/829    0s] MovedFromExtractor Library/Bee/artifacts/mvdfrm/Unity.2D.Sprite.Editor.ref.dll_DDBAA27A82CE9E28.mvfrm
[533/829    0s] MovedFromExtractor Library/Bee/artifacts/mvdfrm/Unity.RenderPipelines.Core.Runtime.ref.dll_CE6A42C97D96EB0A.mvfrm
[534/829    0s] MovedFromExtractor Library/Bee/artifacts/mvdfrm/Unity.Mathematics.ref.dll_E8EFDB1B8D5C174E.mvfrm
[535/829    0s] MovedFromExtractor Library/Bee/artifacts/mvdfrm/Unity.Timeline.ref.dll_621CDDF9C514DF8F.mvfrm
[536/829    0s] MovedFromExtractor Library/Bee/artifacts/mvdfrm/Unity.TextMeshPro.ref.dll_84A4293DBDD182DB.mvfrm
[511/829    0s] Csc Library/Bee/artifacts/1900b0aE.dag/Unity.2D.IK.Runtime.dll (+2 others) [CacheHit 0a107efd786b460ced8778511b31858f00000000000000000000000000000003]
[537/829   1790397804s] Csc Library/Bee/artifacts/1900b0aE.dag/Unity.2D.IK.Runtime.dll (+2 others)
[539/829    0s] MovedFromExtractor Library/Bee/artifacts/mvdfrm/Unity.2D.PixelPerfect.ref.dll_88C9F7A57CCB704B.mvfrm
[540/829    0s] MovedFromExtractor Library/Bee/artifacts/mvdfrm/Unity.VisualScripting.Core.ref.dll_D75DF4EA1AFE54F4.mvfrm
[541/829    0s] MovedFromExtractor Library/Bee/artifacts/mvdfrm/Unity.Rider.Editor.ref.dll_9B5591808ABA37AF.mvfrm
[542/829    0s] MovedFromExtractor Library/Bee/artifacts/mvdfrm/Unity.PlasticSCM.Editor.ref.dll_257AEB342BE77856.mvfrm
[543/829    0s] MovedFromExtractorCombine Library/Bee/artifacts/1900b0aE.dag/PsdPlugin.dll.mvfrm
[544/829    0s] MovedFromExtractorCombine Library/Bee/artifacts/1900b0aE.dag/Unity.Burst.CodeGen.dll.mvfrm
[545/829    0s] MovedFromExtractorCombine Library/Bee/artifacts/1900b0aE.dag/Unity.Burst.Editor.dll.mvfrm
[546/829    0s] MovedFromExtractor Library/Bee/artifacts/mvdfrm/Unity.RenderPipelines.Universal.Shaders.ref.dll_9468B054363B0720.mvfrm
[547/829    0s] MovedFromExtractor Library/Bee/artifacts/mvdfrm/Unity.RenderPipelines.Core.ShaderLibrary.ref.dll_7F2C410A434F5518.mvfrm
[548/829    0s] MovedFromExtractor Library/Bee/artifacts/mvdfrm/Unity.RenderPipelines.ShaderGraph.ShaderGraphLibrary.ref.dll_1A2083B43FB0BF18.mvfrm
[549/829    0s] MovedFromExtractorCombine Library/Bee/artifacts/1900b0aE.dag/Unity.RenderPipeline.Universal.ShaderLibrary.dll.mvfrm
[550/829    0s] MovedFromExtractorCombine Library/Bee/artifacts/1900b0aE.dag/Unity.2D.Tilemap.Extras.Editor.dll.mvfrm
[524/829    0s] Csc Library/Bee/artifacts/1900b0aE.dag/Unity.Burst.CodeGen.dll (+2 others) [CacheHit a6ce625dc12a31285158efe51ebf4ea500000000000000000000000000000003]
[551/829   1790397804s] Csc Library/Bee/artifacts/1900b0aE.dag/Unity.Burst.CodeGen.dll (+2 others)
[553/829    0s] MovedFromExtractor Library/Bee/artifacts/mvdfrm/Unity.VisualStudio.Editor.ref.dll_3A975DBA53ABA4AD.mvfrm
[554/829    0s] MovedFromExtractorCombine Library/Bee/artifacts/1900b0aE.dag/Unity.InternalAPIEditorBridge.001.dll.mvfrm
[527/829    0s] Csc Library/Bee/artifacts/1900b0aE.dag/Unity.Burst.Editor.dll (+2 others) [CacheHit d74baf15d91b2d1fb448b831f03b1aeb00000000000000000000000000000003]
[555/829   1790397804s] Csc Library/Bee/artifacts/1900b0aE.dag/Unity.Burst.Editor.dll (+2 others)
[557/829    0s] MovedFromExtractorCombine Library/Bee/artifacts/1900b0aE.dag/Unity.2D.Common.Runtime.dll.mvfrm
[529/829    0s] Csc Library/Bee/artifacts/1900b0aE.dag/PsdPlugin.dll (+2 others) [CacheHit 22bc162a90381d5c73d41bfe677041fe00000000000000000000000000000003]
[558/829   1790397804s] Csc Library/Bee/artifacts/1900b0aE.dag/PsdPlugin.dll (+2 others)
[560/829    0s] MovedFromExtractorCombine Library/Bee/artifacts/1900b0aE.dag/Unity.RenderPipelines.Universal.Config.Runtime.dll.mvfrm
[561/829    0s] MovedFromExtractorCombine Library/Bee/artifacts/1900b0aE.dag/Unity.Collections.dll.mvfrm
[562/829    0s] MovedFromExtractorCombine Library/Bee/artifacts/1900b0aE.dag/Unity.RenderPipelines.Core.Editor.dll.mvfrm
[533/829    0s] Csc Library/Bee/artifacts/1900b0aE.dag/Unity.RenderPipeline.Universal.ShaderLibrary.dll (+2 others) [CacheHit 5becb87123d6342fe813a888f899137600000000000000000000000000000003]
[563/829   1790397804s] Csc Library/Bee/artifacts/1900b0aE.dag/Unity.RenderPipeline.Universal.ShaderLibrary.dll (+2 others)
[534/829    0s] Csc Library/Bee/artifacts/1900b0aE.dag/Unity.2D.Tilemap.Extras.Editor.dll (+2 others) [CacheHit 2671f0ed24f345b59f182e2aac38f60900000000000000000000000000000003]
[565/829   1790397804s] Csc Library/Bee/artifacts/1900b0aE.dag/Unity.2D.Tilemap.Extras.Editor.dll (+2 others)
[567/829    0s] MovedFromExtractorCombine Library/Bee/artifacts/1900b0aE.dag/Unity.VisualScripting.Flow.dll.mvfrm
[568/829    0s] MovedFromExtractorCombine Library/Bee/artifacts/1900b0aE.dag/Unity.VisualScripting.Core.Editor.dll.mvfrm
[537/829    0s] Csc Library/Bee/artifacts/1900b0aE.dag/Unity.InternalAPIEditorBridge.001.dll (+2 others) [CacheHit 93a6dbf00ddb25a08fe68dffae144e1c00000000000000000000000000000003]
[569/829   1790397804s] Csc Library/Bee/artifacts/1900b0aE.dag/Unity.InternalAPIEditorBridge.001.dll (+2 others)
[571/829    0s] MovedFromExtractorCombine Library/Bee/artifacts/1900b0aE.dag/Unity.Mathematics.Editor.dll.mvfrm
[572/829    0s] MovedFromExtractorCombine Library/Bee/artifacts/1900b0aE.dag/Unity.Timeline.Editor.dll.mvfrm
[573/829    0s] MovedFromExtractorCombine Library/Bee/artifacts/1900b0aE.dag/Unity.2D.Aseprite.Common.dll.mvfrm
[541/829    0s] Csc Library/Bee/artifacts/1900b0aE.dag/Unity.RenderPipelines.Universal.Config.Runtime.dll (+2 others) [CacheHit 86e54a962547a9574462351ad092bb5c00000000000000000000000000000003]
[574/829   1790397804s] Csc Library/Bee/artifacts/1900b0aE.dag/Unity.RenderPipelines.Universal.Config.Runtime.dll (+2 others)
[542/829    0s] Csc Library/Bee/artifacts/1900b0aE.dag/Unity.RenderPipelines.Core.Editor.dll (+2 others) [CacheHit cc747e03d4ae3c4bdc211fdab7246bd500000000000000000000000000000003]
[576/829   1790397805s] Csc Library/Bee/artifacts/1900b0aE.dag/Unity.RenderPipelines.Core.Editor.dll (+2 others)
[543/829    0s] Csc Library/Bee/artifacts/1900b0aE.dag/Unity.2D.Common.Runtime.dll (+2 others) [CacheHit 3b213b763cfb7ad9fc68c198d4032ab300000000000000000000000000000003]
[578/829   1790397805s] Csc Library/Bee/artifacts/1900b0aE.dag/Unity.2D.Common.Runtime.dll (+2 others)
[580/829    0s] MovedFromExtractorCombine Library/Bee/artifacts/1900b0aE.dag/Unity.TextMeshPro.Editor.dll.mvfrm
[545/829    0s] Csc Library/Bee/artifacts/1900b0aE.dag/Unity.Collections.dll (+2 others) [CacheHit 01d7c14cfa08d39c58dde7055d84254a00000000000000000000000000000003]
[581/829   1790397805s] Csc Library/Bee/artifacts/1900b0aE.dag/Unity.Collections.dll (+2 others)
[546/829    0s] Csc Library/Bee/artifacts/1900b0aE.dag/Unity.2D.Aseprite.Common.dll (+2 others) [CacheHit 02ca3752b39d20372b1a0e498d6d7c6300000000000000000000000000000003]
[583/829   1790397805s] Csc Library/Bee/artifacts/1900b0aE.dag/Unity.2D.Aseprite.Common.dll (+2 others)
[547/829    0s] Csc Library/Bee/artifacts/1900b0aE.dag/Unity.Mathematics.Editor.dll (+2 others) [CacheHit a4f74ca944bcef92aaa879b0853299be00000000000000000000000000000003]
[585/829   1790397805s] Csc Library/Bee/artifacts/1900b0aE.dag/Unity.Mathematics.Editor.dll (+2 others)
[548/829    0s] Csc Library/Bee/artifacts/1900b0aE.dag/Unity.VisualScripting.Core.Editor.dll (+2 others) [CacheHit 0bde001013168cefe6999966e60bba3c00000000000000000000000000000003]
[587/829   1790397805s] Csc Library/Bee/artifacts/1900b0aE.dag/Unity.VisualScripting.Core.Editor.dll (+2 others)
[549/829    0s] Csc Library/Bee/artifacts/1900b0aE.dag/Unity.VisualScripting.Flow.dll (+2 others) [CacheHit 594c9ba37e3ba916b7bb24c7db7843de00000000000000000000000000000003]
[589/829   1790397805s] Csc Library/Bee/artifacts/1900b0aE.dag/Unity.VisualScripting.Flow.dll (+2 others)
[591/829    0s] MovedFromExtractorCombine Library/Bee/artifacts/1900b0aE.dag/Unity.PlasticSCM.Editor.Entities.dll.mvfrm
[551/829    0s] Csc Library/Bee/artifacts/1900b0aE.dag/Unity.TextMeshPro.Editor.dll (+2 others) [CacheHit 6a7ba8998f2194db479db94c128a843000000000000000000000000000000003]
[592/829   1790397805s] Csc Library/Bee/artifacts/1900b0aE.dag/Unity.TextMeshPro.Editor.dll (+2 others)
[552/829    0s] Csc Library/Bee/artifacts/1900b0aE.dag/Unity.Timeline.Editor.dll (+2 others) [CacheHit aa221e0fb6c43f2b62b5aee91667865400000000000000000000000000000003]
[594/829   1790397805s] Csc Library/Bee/artifacts/1900b0aE.dag/Unity.Timeline.Editor.dll (+2 others)
[596/829    0s] MovedFromExtractorCombine Library/Bee/artifacts/1900b0aE.dag/Unity.CollabProxy.Editor.dll.mvfrm
[597/829    0s] MovedFromExtractor Library/Bee/artifacts/mvdfrm/Unity.2D.IK.Runtime.ref.dll_16F22BA31A1D34C0.mvfrm
[598/829    0s] CopyFiles Library/ScriptAssemblies/Unity.Burst.CodeGen.dll
[599/829    0s] CopyFiles Library/ScriptAssemblies/Unity.Burst.CodeGen.pdb
[600/829    0s] MovedFromExtractor Library/Bee/artifacts/mvdfrm/Unity.Burst.Editor.ref.dll_E2F92DAB6C167CC9.mvfrm
[558/829    0s] Csc Library/Bee/artifacts/1900b0aE.dag/Unity.PlasticSCM.Editor.Entities.dll (+2 others) [CacheHit 8f05dcd52e30f191ca8b9472309aa0b800000000000000000000000000000003]
[601/829   1790397805s] Csc Library/Bee/artifacts/1900b0aE.dag/Unity.PlasticSCM.Editor.Entities.dll (+2 others)
[559/829    0s] Csc Library/Bee/artifacts/1900b0aE.dag/Unity.CollabProxy.Editor.dll (+2 others) [CacheHit fe5f66883ecc4d9ee1dbac687f1f115e00000000000000000000000000000003]
[603/829   1790397805s] Csc Library/Bee/artifacts/1900b0aE.dag/Unity.CollabProxy.Editor.dll (+2 others)
[605/829    0s] MovedFromExtractor Library/Bee/artifacts/mvdfrm/Unity.RenderPipeline.Universal.ShaderLibrary.ref.dll_5436F99F8BDCED8B.mvfrm
[606/829    0s] MovedFromExtractor Library/Bee/artifacts/mvdfrm/Unity.2D.Tilemap.Extras.Editor.ref.dll_8DA00406C36CC6AA.mvfrm
[607/829    0s] MovedFromExtractor Library/Bee/artifacts/mvdfrm/Unity.RenderPipelines.Universal.Config.Runtime.ref.dll_5D92000A132D4840.mvfrm
[608/829    0s] MovedFromExtractor Library/Bee/artifacts/mvdfrm/Unity.InternalAPIEditorBridge.001.ref.dll_C275F416F58A86FE.mvfrm
[609/829    0s] MovedFromExtractor Library/Bee/artifacts/mvdfrm/Unity.RenderPipelines.Core.Editor.ref.dll_46EB9B6930B27991.mvfrm
[610/829    0s] MovedFromExtractor Library/Bee/artifacts/mvdfrm/Unity.2D.Common.Runtime.ref.dll_77798F371487C3E9.mvfrm
[611/829    0s] ILPP-Configuration Library/ilpp-configuration.nevergeneratedoutput
[612/829    0s] MovedFromExtractor Library/Bee/artifacts/mvdfrm/Unity.2D.Aseprite.Common.ref.dll_8F79B00F05E033D6.mvfrm
[613/829    0s] MovedFromExtractor Library/Bee/artifacts/mvdfrm/Unity.Collections.ref.dll_656D7410E7809ECD.mvfrm
[614/829    0s] MovedFromExtractor Library/Bee/artifacts/mvdfrm/Unity.VisualScripting.Flow.ref.dll_1E6ED5409D07C9A3.mvfrm
[615/829    0s] MovedFromExtractor Library/Bee/artifacts/mvdfrm/Unity.Mathematics.Editor.ref.dll_9A20CFD48BC11F43.mvfrm
[616/829    0s] MovedFromExtractor Library/Bee/artifacts/mvdfrm/Unity.TextMeshPro.Editor.ref.dll_159E061D77A10B86.mvfrm
[617/829    0s] MovedFromExtractor Library/Bee/artifacts/mvdfrm/Unity.VisualScripting.Core.Editor.ref.dll_EDC8690F57C5BDFD.mvfrm
[618/829    0s] MovedFromExtractorCombine Library/Bee/artifacts/1900b0aE.dag/Unity.RenderPipelines.Universal.Runtime.dll.mvfrm
[619/829    0s] MovedFromExtractor Library/Bee/artifacts/mvdfrm/Unity.Timeline.Editor.ref.dll_0D3D3C0B73557612.mvfrm
[620/829    0s] MovedFromExtractorCombine Library/Bee/artifacts/1900b0aE.dag/Unity.ShaderGraph.Editor.dll.mvfrm
[621/829    0s] ILPostProcess Library/Bee/artifacts/1900b0aE.dag/post-processed/Unity.InternalAPIEngineBridge.001.dll (+pdb)
Processing assembly Library/Bee/artifacts/1900b0aE.dag/Unity.InternalAPIEngineBridge.001.dll, with 119 defines and 221 references

processors: zzzUnity.Burst.CodeGen.BurstILPostProcessor

running zzzUnity.Burst.CodeGen.BurstILPostProcessor
[622/829    0s] ILPostProcess Library/Bee/artifacts/1900b0aE.dag/post-processed/Unity.Timeline.dll (+pdb)
Processing assembly Library/Bee/artifacts/1900b0aE.dag/Unity.Timeline.dll, with 120 defines and 221 references

processors: zzzUnity.Burst.CodeGen.BurstILPostProcessor

running zzzUnity.Burst.CodeGen.BurstILPostProcessor
[623/829    0s] ILPostProcess Library/Bee/artifacts/1900b0aE.dag/post-processed/Unity.VisualScripting.Flow.dll (+pdb)
Processing assembly Library/Bee/artifacts/1900b0aE.dag/Unity.VisualScripting.Flow.dll, with 124 defines and 222 references

processors: zzzUnity.Burst.CodeGen.BurstILPostProcessor

running zzzUnity.Burst.CodeGen.BurstILPostProcessor
[624/829    0s] ILPostProcess Library/Bee/artifacts/1900b0aE.dag/post-processed/Unity.RenderPipeline.Universal.ShaderLibrary.dll (+pdb)
Processing assembly Library/Bee/artifacts/1900b0aE.dag/Unity.RenderPipeline.Universal.ShaderLibrary.dll, with 119 defines and 222 references

processors: zzzUnity.Burst.CodeGen.BurstILPostProcessor

running zzzUnity.Burst.CodeGen.BurstILPostProcessor
[625/829    0s] ILPostProcess Library/Bee/artifacts/1900b0aE.dag/post-processed/Unity.2D.Common.Runtime.dll (+pdb)
Processing assembly Library/Bee/artifacts/1900b0aE.dag/Unity.2D.Common.Runtime.dll, with 119 defines and 222 references

processors: zzzUnity.Burst.CodeGen.BurstILPostProcessor

running zzzUnity.Burst.CodeGen.BurstILPostProcessor
[626/829    0s] MovedFromExtractorCombine Library/Bee/artifacts/1900b0aE.dag/Unity.2D.SpriteShape.Runtime.dll.mvfrm
[627/829    0s] ILPostProcess Library/Bee/artifacts/1900b0aE.dag/post-processed/UnityEngine.UI.dll (+pdb)
Processing assembly Library/Bee/artifacts/1900b0aE.dag/UnityEngine.UI.dll, with 124 defines and 219 references

processors: zzzUnity.Burst.CodeGen.BurstILPostProcessor

running zzzUnity.Burst.CodeGen.BurstILPostProcessor
[628/829    0s] MovedFromExtractorCombine Library/Bee/artifacts/1900b0aE.dag/Unity.2D.Common.Editor.dll.mvfrm
[578/829    0s] Csc Library/Bee/artifacts/1900b0aE.dag/Unity.RenderPipelines.Universal.Runtime.dll (+2 others) [CacheHit d5aa62b7d8f8a8d9b46f6b8416e7102500000000000000000000000000000003]
[629/829   1790397805s] Csc Library/Bee/artifacts/1900b0aE.dag/Unity.RenderPipelines.Universal.Runtime.dll (+2 others)
[631/829    0s] ILPostProcess Library/Bee/artifacts/1900b0aE.dag/post-processed/Unity.2D.IK.Runtime.dll (+pdb)
Processing assembly Library/Bee/artifacts/1900b0aE.dag/Unity.2D.IK.Runtime.dll, with 119 defines and 222 references

processors: zzzUnity.Burst.CodeGen.BurstILPostProcessor

running zzzUnity.Burst.CodeGen.BurstILPostProcessor
[632/829    0s] ILPostProcess Library/Bee/artifacts/1900b0aE.dag/post-processed/Unity.VisualScripting.Core.dll (+pdb)
Processing assembly Library/Bee/artifacts/1900b0aE.dag/Unity.VisualScripting.Core.dll, with 122 defines and 221 references

processors: zzzUnity.Burst.CodeGen.BurstILPostProcessor

running zzzUnity.Burst.CodeGen.BurstILPostProcessor
[633/829    0s] MovedFromExtractorCombine Library/Bee/artifacts/1900b0aE.dag/Unity.2D.Animation.Runtime.dll.mvfrm
[588/829    0s] Csc Library/Bee/artifacts/1900b0aE.dag/Unity.2D.Common.Editor.dll (+2 others) [CacheHit 9f10aaeac654d15538c55f01fbd12bec00000000000000000000000000000003]
[634/829   1790397805s] Csc Library/Bee/artifacts/1900b0aE.dag/Unity.2D.Common.Editor.dll (+2 others)
[589/829    0s] Csc Library/Bee/artifacts/1900b0aE.dag/Unity.2D.SpriteShape.Runtime.dll (+2 others) [CacheHit a104527b3bf015287da86a8b5d68d54300000000000000000000000000000003]
[636/829   1790397805s] Csc Library/Bee/artifacts/1900b0aE.dag/Unity.2D.SpriteShape.Runtime.dll (+2 others)
[590/829    0s] Csc Library/Bee/artifacts/1900b0aE.dag/Unity.ShaderGraph.Editor.dll (+2 others) [CacheHit 47eb53c33e329cfc5f0762b2de76822800000000000000000000000000000003]
[638/829   1790397805s] Csc Library/Bee/artifacts/1900b0aE.dag/Unity.ShaderGraph.Editor.dll (+2 others)
[640/829    0s] MovedFromExtractorCombine Library/Bee/artifacts/1900b0aE.dag/Unity.VisualScripting.State.dll.mvfrm
[641/829    0s] MovedFromExtractorCombine Library/Bee/artifacts/1900b0aE.dag/Unity.Collections.DocCodeSamples.dll.mvfrm
[642/829    0s] MovedFromExtractorCombine Library/Bee/artifacts/1900b0aE.dag/Unity.VisualScripting.Flow.Editor.dll.mvfrm
[594/829    0s] Csc Library/Bee/artifacts/1900b0aE.dag/Unity.2D.Animation.Runtime.dll (+2 others) [CacheHit 5aa7bfbc1546f17e7371c833dfb0553500000000000000000000000000000003]
[643/829   1790397805s] Csc Library/Bee/artifacts/1900b0aE.dag/Unity.2D.Animation.Runtime.dll (+2 others)
[645/829    0s] MovedFromExtractorCombine Library/Bee/artifacts/1900b0aE.dag/Unity.Collections.BurstCompatibilityGen.dll.mvfrm
[596/829    0s] Csc Library/Bee/artifacts/1900b0aE.dag/Unity.VisualScripting.State.dll (+2 others) [CacheHit c01dd4d946f1ff929607ace9fe4cbbd800000000000000000000000000000003]
[646/829   1790397805s] Csc Library/Bee/artifacts/1900b0aE.dag/Unity.VisualScripting.State.dll (+2 others)
[597/829    0s] Csc Library/Bee/artifacts/1900b0aE.dag/Unity.Collections.DocCodeSamples.dll (+2 others) [CacheHit cc54ed14f74842ba722b74a61500682c00000000000000000000000000000003]
[648/829   1790397805s] Csc Library/Bee/artifacts/1900b0aE.dag/Unity.Collections.DocCodeSamples.dll (+2 others)
[650/829    0s] ILPostProcess Library/Bee/artifacts/1900b0aE.dag/post-processed/Unity.Burst.dll (+pdb)
Processing assembly Library/Bee/artifacts/1900b0aE.dag/Unity.Burst.dll, with 119 defines and 210 references

processors: zzzUnity.Burst.CodeGen.BurstILPostProcessor

running zzzUnity.Burst.CodeGen.BurstILPostProcessor
[598/829    0s] Csc Library/Bee/artifacts/1900b0aE.dag/Unity.VisualScripting.Flow.Editor.dll (+2 others) [CacheHit af88680a5dd705a664af637ff1967cb800000000000000000000000000000003]
[651/829   1790397805s] Csc Library/Bee/artifacts/1900b0aE.dag/Unity.VisualScripting.Flow.Editor.dll (+2 others)
[653/829    0s] ILPostProcess Library/Bee/artifacts/1900b0aE.dag/post-processed/Unity.RenderPipelines.Core.Runtime.dll (+pdb)
Processing assembly Library/Bee/artifacts/1900b0aE.dag/Unity.RenderPipelines.Core.Runtime.dll, with 121 defines and 221 references

processors: zzzUnity.Burst.CodeGen.BurstILPostProcessor

running zzzUnity.Burst.CodeGen.BurstILPostProcessor
[654/829    0s] ILPostProcess Library/Bee/artifacts/1900b0aE.dag/post-processed/Unity.Mathematics.dll (+pdb)
Processing assembly Library/Bee/artifacts/1900b0aE.dag/Unity.Mathematics.dll, with 119 defines and 221 references

processors: zzzUnity.Burst.CodeGen.BurstILPostProcessor

running zzzUnity.Burst.CodeGen.BurstILPostProcessor
[655/829    0s] ILPostProcess Library/Bee/artifacts/1900b0aE.dag/post-processed/Unity.TextMeshPro.dll (+pdb)
Processing assembly Library/Bee/artifacts/1900b0aE.dag/Unity.TextMeshPro.dll, with 120 defines and 221 references

processors: zzzUnity.Burst.CodeGen.BurstILPostProcessor

running zzzUnity.Burst.CodeGen.BurstILPostProcessor
[599/829    0s] Csc Library/Bee/artifacts/1900b0aE.dag/Unity.Collections.BurstCompatibilityGen.dll (+2 others) [CacheHit ef54b0099656484ea7d94c2e741da19300000000000000000000000000000003]
[656/829   1790397805s] Csc Library/Bee/artifacts/1900b0aE.dag/Unity.Collections.BurstCompatibilityGen.dll (+2 others)
[658/829    0s] ILPostProcess Library/Bee/artifacts/1900b0aE.dag/post-processed/Unity.RenderPipelines.Universal.2D.Internal.dll (+pdb)
Processing assembly Library/Bee/artifacts/1900b0aE.dag/Unity.RenderPipelines.Universal.2D.Internal.dll, with 119 defines and 221 references

processors: zzzUnity.Burst.CodeGen.BurstILPostProcessor

running zzzUnity.Burst.CodeGen.BurstILPostProcessor
[659/829    0s] ILPostProcess Library/Bee/artifacts/1900b0aE.dag/post-processed/Unity.RenderPipelines.Core.ShaderLibrary.dll (+pdb)
Processing assembly Library/Bee/artifacts/1900b0aE.dag/Unity.RenderPipelines.Core.ShaderLibrary.dll, with 119 defines and 221 references

processors: zzzUnity.Burst.CodeGen.BurstILPostProcessor

running zzzUnity.Burst.CodeGen.BurstILPostProcessor
[660/829    0s] MovedFromExtractor Library/Bee/artifacts/mvdfrm/Unity.2D.SpriteShape.Runtime.ref.dll_BCD600250821B9C8.mvfrm
[661/829    0s] MovedFromExtractor Library/Bee/artifacts/mvdfrm/Unity.RenderPipelines.Universal.Runtime.ref.dll_5400A10AF7CC6BEA.mvfrm
[662/829    0s] ILPostProcess Library/Bee/artifacts/1900b0aE.dag/post-processed/Unity.RenderPipelines.Universal.Shaders.dll (+pdb)
Processing assembly Library/Bee/artifacts/1900b0aE.dag/Unity.RenderPipelines.Universal.Shaders.dll, with 119 defines and 221 references

processors: zzzUnity.Burst.CodeGen.BurstILPostProcessor

running zzzUnity.Burst.CodeGen.BurstILPostProcessor
[663/829    0s] MovedFromExtractor Library/Bee/artifacts/mvdfrm/Unity.2D.Common.Editor.ref.dll_BD59A5CBF9D52B22.mvfrm
[664/829    0s] ILPostProcess Library/Bee/artifacts/1900b0aE.dag/post-processed/Unity.2D.Tilemap.Extras.dll (+pdb)
Processing assembly Library/Bee/artifacts/1900b0aE.dag/Unity.2D.Tilemap.Extras.dll, with 119 defines and 221 references

processors: zzzUnity.Burst.CodeGen.BurstILPostProcessor

running zzzUnity.Burst.CodeGen.BurstILPostProcessor
[665/829    0s] ILPostProcess Library/Bee/artifacts/1900b0aE.dag/post-processed/Unity.RenderPipelines.ShaderGraph.ShaderGraphLibrary.dll (+pdb)
Processing assembly Library/Bee/artifacts/1900b0aE.dag/Unity.RenderPipelines.ShaderGraph.ShaderGraphLibrary.dll, with 119 defines and 221 references

processors: zzzUnity.Burst.CodeGen.BurstILPostProcessor

running zzzUnity.Burst.CodeGen.BurstILPostProcessor
[666/829    0s] MovedFromExtractor Library/Bee/artifacts/mvdfrm/Unity.ShaderGraph.Editor.ref.dll_0F50152946DB09D0.mvfrm
[667/829    0s] ILPostProcess Library/Bee/artifacts/1900b0aE.dag/post-processed/Unity.2D.PixelPerfect.dll (+pdb)
Processing assembly Library/Bee/artifacts/1900b0aE.dag/Unity.2D.PixelPerfect.dll, with 120 defines and 221 references

processors: zzzUnity.Burst.CodeGen.BurstILPostProcessor

running zzzUnity.Burst.CodeGen.BurstILPostProcessor
[668/829    0s] ILPostProcess Library/Bee/artifacts/1900b0aE.dag/post-processed/Unity.RenderPipelines.Universal.Config.Runtime.dll (+pdb)
Processing assembly Library/Bee/artifacts/1900b0aE.dag/Unity.RenderPipelines.Universal.Config.Runtime.dll, with 119 defines and 222 references

processors: zzzUnity.Burst.CodeGen.BurstILPostProcessor

running zzzUnity.Burst.CodeGen.BurstILPostProcessor
[669/829    0s] MovedFromExtractor Library/Bee/artifacts/mvdfrm/Unity.2D.Animation.Runtime.ref.dll_6747672A37E369F0.mvfrm
[670/829    0s] MovedFromExtractor Library/Bee/artifacts/mvdfrm/Unity.VisualScripting.State.ref.dll_D91762B7076BE462.mvfrm
[671/829    0s] ILPostProcess Library/Bee/artifacts/1900b0aE.dag/post-processed/Unity.VisualScripting.State.dll (+pdb)
Processing assembly Library/Bee/artifacts/1900b0aE.dag/Unity.VisualScripting.State.dll, with 119 defines and 223 references

processors: zzzUnity.Burst.CodeGen.BurstILPostProcessor

running zzzUnity.Burst.CodeGen.BurstILPostProcessor
[672/829    0s] MovedFromExtractor Library/Bee/artifacts/mvdfrm/Unity.VisualScripting.Flow.Editor.ref.dll_6AF951BE66A4493E.mvfrm
[673/829    0s] MovedFromExtractorCombine Library/Bee/artifacts/1900b0aE.dag/Cinemachine.dll.mvfrm
[674/829    0s] MovedFromExtractorCombine Library/Bee/artifacts/1900b0aE.dag/Unity.2D.Aseprite.Editor.dll.mvfrm
[675/829    0s] ILPostProcess Library/Bee/artifacts/1900b0aE.dag/post-processed/Unity.InternalAPIEditorBridge.001.dll (+pdb)
Processing assembly Library/Bee/artifacts/1900b0aE.dag/Unity.InternalAPIEditorBridge.001.dll, with 117 defines and 229 references

processors: zzzUnity.Burst.CodeGen.BurstILPostProcessor

running zzzUnity.Burst.CodeGen.BurstILPostProcessor
[676/829    0s] MovedFromExtractorCombine Library/Bee/artifacts/1900b0aE.dag/Unity.2D.SpriteShape.Editor.dll.mvfrm
[677/829    0s] MovedFromExtractorCombine Library/Bee/artifacts/1900b0aE.dag/Unity.RenderPipelines.Universal.Editor.dll.mvfrm
[678/829    0s] ILPostProcess Library/Bee/artifacts/1900b0aE.dag/post-processed/Unity.ShaderGraph.Utilities.dll (+pdb)
Processing assembly Library/Bee/artifacts/1900b0aE.dag/Unity.ShaderGraph.Utilities.dll, with 117 defines and 228 references

processors: zzzUnity.Burst.CodeGen.BurstILPostProcessor

running zzzUnity.Burst.CodeGen.BurstILPostProcessor
[679/829    0s] ILPostProcess Library/Bee/artifacts/1900b0aE.dag/post-processed/Unity.TextMeshPro.Editor.dll (+pdb)
Processing assembly Library/Bee/artifacts/1900b0aE.dag/Unity.TextMeshPro.Editor.dll, with 117 defines and 229 references

processors: zzzUnity.Burst.CodeGen.BurstILPostProcessor

running zzzUnity.Burst.CodeGen.BurstILPostProcessor
[623/829    0s] Csc Library/Bee/artifacts/1900b0aE.dag/Cinemachine.dll (+2 others) [CacheHit 185fb49003bbd3dac360776e4e0b64ae00000000000000000000000000000003]
[680/829   1790397806s] Csc Library/Bee/artifacts/1900b0aE.dag/Cinemachine.dll (+2 others)
[625/829    0s] Csc Library/Bee/artifacts/1900b0aE.dag/Unity.2D.Aseprite.Editor.dll (+2 others) [CacheHit 5bfb751e4c32700907a4bd1e40a97fc700000000000000000000000000000003]
[682/829   1790397806s] Csc Library/Bee/artifacts/1900b0aE.dag/Unity.2D.Aseprite.Editor.dll (+2 others)
[684/829    0s] ILPostProcess Library/Bee/artifacts/1900b0aE.dag/post-processed/UnityEditor.UI.dll (+pdb)
Processing assembly Library/Bee/artifacts/1900b0aE.dag/UnityEditor.UI.dll, with 120 defines and 227 references

processors: zzzUnity.Burst.CodeGen.BurstILPostProcessor

running zzzUnity.Burst.CodeGen.BurstILPostProcessor
[626/829    0s] Csc Library/Bee/artifacts/1900b0aE.dag/Unity.2D.SpriteShape.Editor.dll (+2 others) [CacheHit 90613de84da63bd2e9b45e80cc56c41800000000000000000000000000000003]
[685/829   1790397806s] Csc Library/Bee/artifacts/1900b0aE.dag/Unity.2D.SpriteShape.Editor.dll (+2 others)
[687/829    0s] MovedFromExtractorCombine Library/Bee/artifacts/1900b0aE.dag/Unity.2D.Animation.Editor.dll.mvfrm
[688/829    0s] ILPostProcess Library/Bee/artifacts/1900b0aE.dag/post-processed/PsdPlugin.dll (+pdb)
Processing assembly Library/Bee/artifacts/1900b0aE.dag/PsdPlugin.dll, with 117 defines and 229 references

processors: zzzUnity.Burst.CodeGen.BurstILPostProcessor

running zzzUnity.Burst.CodeGen.BurstILPostProcessor
[629/829    0s] Csc Library/Bee/artifacts/1900b0aE.dag/Unity.RenderPipelines.Universal.Editor.dll (+2 others) [CacheHit c3ef90ffdd20dd78525eaca41b3cfe7000000000000000000000000000000003]
[689/829   1790397806s] Csc Library/Bee/artifacts/1900b0aE.dag/Unity.RenderPipelines.Universal.Editor.dll (+2 others)
[691/829    0s] MovedFromExtractorCombine Library/Bee/artifacts/1900b0aE.dag/Unity.VisualScripting.State.Editor.dll.mvfrm
[692/829    0s] MovedFromExtractorCombine Library/Bee/artifacts/1900b0aE.dag/Unity.VisualScripting.SettingsProvider.Editor.dll.mvfrm
[635/829    0s] Csc Library/Bee/artifacts/1900b0aE.dag/Unity.2D.Animation.Editor.dll (+2 others) [CacheHit f8e2426fecb30ff82c25c3f52bfa2f8a00000000000000000000000000000003]
[693/829   1790397806s] Csc Library/Bee/artifacts/1900b0aE.dag/Unity.2D.Animation.Editor.dll (+2 others)
[636/829    0s] Csc Library/Bee/artifacts/1900b0aE.dag/Unity.VisualScripting.State.Editor.dll (+2 others) [CacheHit 508fa1767494cca1d0b5089297c8bf3400000000000000000000000000000003]
[695/829   1790397806s] Csc Library/Bee/artifacts/1900b0aE.dag/Unity.VisualScripting.State.Editor.dll (+2 others)
[637/829    0s] Csc Library/Bee/artifacts/1900b0aE.dag/Unity.VisualScripting.SettingsProvider.Editor.dll (+2 others) [CacheHit 749d4033bf8af0bc68ad1ad70b5270a200000000000000000000000000000003]
[697/829   1790397806s] Csc Library/Bee/artifacts/1900b0aE.dag/Unity.VisualScripting.SettingsProvider.Editor.dll (+2 others)
[699/829    0s] ILPostProcess Library/Bee/artifacts/1900b0aE.dag/post-processed/Cinemachine.dll (+pdb)
Processing assembly Library/Bee/artifacts/1900b0aE.dag/Cinemachine.dll, with 127 defines and 225 references

processors: zzzUnity.Burst.CodeGen.BurstILPostProcessor

running zzzUnity.Burst.CodeGen.BurstILPostProcessor
[700/829    0s] ILPostProcess Library/Bee/artifacts/1900b0aE.dag/post-processed/Unity.PlasticSCM.Editor.dll (+pdb)
Processing assembly Library/Bee/artifacts/1900b0aE.dag/Unity.PlasticSCM.Editor.dll, with 117 defines and 220 references

processors: zzzUnity.Burst.CodeGen.BurstILPostProcessor

running zzzUnity.Burst.CodeGen.BurstILPostProcessor
[701/829    0s] ILPostProcess Library/Bee/artifacts/1900b0aE.dag/post-processed/Unity.2D.Sprite.Editor.dll (+pdb)
Processing assembly Library/Bee/artifacts/1900b0aE.dag/Unity.2D.Sprite.Editor.dll, with 117 defines and 228 references

processors: zzzUnity.Burst.CodeGen.BurstILPostProcessor

running zzzUnity.Burst.CodeGen.BurstILPostProcessor
[702/829    0s] ILPostProcess Library/Bee/artifacts/1900b0aE.dag/post-processed/Unity.Searcher.Editor.dll (+pdb)
Processing assembly Library/Bee/artifacts/1900b0aE.dag/Unity.Searcher.Editor.dll, with 117 defines and 228 references

processors: zzzUnity.Burst.CodeGen.BurstILPostProcessor

running zzzUnity.Burst.CodeGen.BurstILPostProcessor
[703/829    0s] ILPostProcess Library/Bee/artifacts/1900b0aE.dag/post-processed/Unity.RenderPipelines.Universal.Runtime.dll (+pdb)
Processing assembly Library/Bee/artifacts/1900b0aE.dag/Unity.RenderPipelines.Universal.Runtime.dll, with 124 defines and 227 references

processors: zzzUnity.Burst.CodeGen.BurstILPostProcessor

running zzzUnity.Burst.CodeGen.BurstILPostProcessor
[704/829    0s] ILPostProcess Library/Bee/artifacts/1900b0aE.dag/post-processed/Unity.PlasticSCM.Editor.Entities.dll (+pdb)
Processing assembly Library/Bee/artifacts/1900b0aE.dag/Unity.PlasticSCM.Editor.Entities.dll, with 117 defines and 229 references

processors: zzzUnity.Burst.CodeGen.BurstILPostProcessor

running zzzUnity.Burst.CodeGen.BurstILPostProcessor
[705/829    0s] MovedFromExtractor Library/Bee/artifacts/mvdfrm/Unity.2D.Aseprite.Editor.ref.dll_8C62A80A07075E58.mvfrm
[706/829    0s] MovedFromExtractor Library/Bee/artifacts/mvdfrm/Unity.2D.SpriteShape.Editor.ref.dll_1AEEC37E15960FB3.mvfrm
[707/829    0s] ILPostProcess Library/Bee/artifacts/1900b0aE.dag/post-processed/Unity.Burst.Editor.dll (+pdb)
Processing assembly Library/Bee/artifacts/1900b0aE.dag/Unity.Burst.Editor.dll, with 117 defines and 229 references

processors: zzzUnity.Burst.CodeGen.BurstILPostProcessor

running zzzUnity.Burst.CodeGen.BurstILPostProcessor
[708/829    0s] ILPostProcess Library/Bee/artifacts/1900b0aE.dag/post-processed/Unity.CollabProxy.Editor.dll (+pdb)
Processing assembly Library/Bee/artifacts/1900b0aE.dag/Unity.CollabProxy.Editor.dll, with 117 defines and 229 references

processors: zzzUnity.Burst.CodeGen.BurstILPostProcessor

running zzzUnity.Burst.CodeGen.BurstILPostProcessor
[709/829    0s] MovedFromExtractor Library/Bee/artifacts/mvdfrm/Unity.RenderPipelines.Universal.Editor.ref.dll_0FF7AC68384616B1.mvfrm
[710/829    0s] MovedFromExtractor Library/Bee/artifacts/mvdfrm/Unity.2D.Animation.Editor.ref.dll_A13BD6459BB26E0B.mvfrm
[711/829    0s] MovedFromExtractor Library/Bee/artifacts/mvdfrm/Unity.VisualScripting.State.Editor.ref.dll_E03858E727F23F6F.mvfrm
[712/829    0s] MovedFromExtractor Library/Bee/artifacts/mvdfrm/Unity.VisualScripting.SettingsProvider.Editor.ref.dll_A1A44354E0B583A8.mvfrm
[713/829    0s] ILPostProcess Library/Bee/artifacts/1900b0aE.dag/post-processed/Unity.RenderPipelines.Universal.Editor.dll (+pdb)
Processing assembly Library/Bee/artifacts/1900b0aE.dag/Unity.RenderPipelines.Universal.Editor.dll, with 118 defines and 234 references

processors: zzzUnity.Burst.CodeGen.BurstILPostProcessor

running zzzUnity.Burst.CodeGen.BurstILPostProcessor
[714/829    0s] ILPostProcess Library/Bee/artifacts/1900b0aE.dag/post-processed/Unity.VisualScripting.Core.Editor.dll (+pdb)
Processing assembly Library/Bee/artifacts/1900b0aE.dag/Unity.VisualScripting.Core.Editor.dll, with 117 defines and 229 references

processors: zzzUnity.Burst.CodeGen.BurstILPostProcessor

running zzzUnity.Burst.CodeGen.BurstILPostProcessor
[715/829    0s] ILPostProcess Library/Bee/artifacts/1900b0aE.dag/post-processed/Unity.ShaderGraph.Editor.dll (+pdb)
Processing assembly Library/Bee/artifacts/1900b0aE.dag/Unity.ShaderGraph.Editor.dll, with 117 defines and 232 references

processors: zzzUnity.Burst.CodeGen.BurstILPostProcessor

running zzzUnity.Burst.CodeGen.BurstILPostProcessor
[716/829    0s] ILPostProcess Library/Bee/artifacts/1900b0aE.dag/post-processed/Unity.2D.Tilemap.Extras.Editor.dll (+pdb)
Processing assembly Library/Bee/artifacts/1900b0aE.dag/Unity.2D.Tilemap.Extras.Editor.dll, with 117 defines and 230 references

processors: zzzUnity.Burst.CodeGen.BurstILPostProcessor

running zzzUnity.Burst.CodeGen.BurstILPostProcessor
[717/829    0s] ILPostProcess Library/Bee/artifacts/1900b0aE.dag/post-processed/Unity.2D.SpriteShape.Editor.dll (+pdb)
Processing assembly Library/Bee/artifacts/1900b0aE.dag/Unity.2D.SpriteShape.Editor.dll, with 117 defines and 233 references

processors: zzzUnity.Burst.CodeGen.BurstILPostProcessor

running zzzUnity.Burst.CodeGen.BurstILPostProcessor
[718/829    0s] MovedFromExtractorCombine Library/Bee/artifacts/1900b0aE.dag/com.unity.cinemachine.editor.dll.mvfrm
[719/829    0s] MovedFromExtractorCombine Library/Bee/artifacts/1900b0aE.dag/Unity.2D.PixelPerfect.Editor.dll.mvfrm
[720/829    0s] MovedFromExtractorCombine Library/Bee/artifacts/1900b0aE.dag/Unity.2D.Psdimporter.Editor.dll.mvfrm
[721/829    0s] MovedFromExtractorCombine Library/Bee/artifacts/1900b0aE.dag/PPv2URPConverters.dll.mvfrm
[722/829    0s] ILPostProcess Library/Bee/artifacts/1900b0aE.dag/post-processed/Unity.Collections.BurstCompatibilityGen.dll (+pdb)
Processing assembly Library/Bee/artifacts/1900b0aE.dag/Unity.Collections.BurstCompatibilityGen.dll, with 117 defines and 230 references

processors: zzzUnity.Burst.CodeGen.BurstILPostProcessor

running zzzUnity.Burst.CodeGen.BurstILPostProcessor
[723/829    0s] MovedFromExtractorCombine Library/Bee/artifacts/1900b0aE.dag/Unity.2D.IK.Editor.dll.mvfrm
[724/829    0s] ILPostProcess Library/Bee/artifacts/1900b0aE.dag/post-processed/Unity.RenderPipelines.Core.Editor.dll (+pdb)
Processing assembly Library/Bee/artifacts/1900b0aE.dag/Unity.RenderPipelines.Core.Editor.dll, with 118 defines and 230 references

processors: zzzUnity.Burst.CodeGen.BurstILPostProcessor

running zzzUnity.Burst.CodeGen.BurstILPostProcessor
[725/829    0s] MovedFromExtractorCombine Library/Bee/artifacts/1900b0aE.dag/Unity.VisualScripting.Shared.Editor.dll.mvfrm
[726/829    0s] ILPostProcess Library/Bee/artifacts/1900b0aE.dag/post-processed/Unity.2D.Tilemap.Editor.dll (+pdb)
Processing assembly Library/Bee/artifacts/1900b0aE.dag/Unity.2D.Tilemap.Editor.dll, with 117 defines and 228 references

processors: zzzUnity.Burst.CodeGen.BurstILPostProcessor

running zzzUnity.Burst.CodeGen.BurstILPostProcessor
[663/829    0s] Csc Library/Bee/artifacts/1900b0aE.dag/Unity.2D.PixelPerfect.Editor.dll (+2 others) [CacheHit c05192624640fe6681c3937ed5b0794500000000000000000000000000000003]
[663/829    0s] Csc Library/Bee/artifacts/1900b0aE.dag/PPv2URPConverters.dll (+2 others) [CacheHit 39bee8eb5a90eeb7efe9e396303ee50d00000000000000000000000000000003]
[727/829   1790397806s] Csc Library/Bee/artifacts/1900b0aE.dag/Unity.2D.PixelPerfect.Editor.dll (+2 others)
[729/829   1790397806s] Csc Library/Bee/artifacts/1900b0aE.dag/PPv2URPConverters.dll (+2 others)
[665/829    0s] Csc Library/Bee/artifacts/1900b0aE.dag/com.unity.cinemachine.editor.dll (+2 others) [CacheHit 9f384b3ba8f3ae2d30431512814380a200000000000000000000000000000003]
[731/829   1790397806s] Csc Library/Bee/artifacts/1900b0aE.dag/com.unity.cinemachine.editor.dll (+2 others)
[666/829    0s] Csc Library/Bee/artifacts/1900b0aE.dag/Unity.2D.Psdimporter.Editor.dll (+2 others) [CacheHit 7065c0c6c2746b06256fd6bdc1a0293900000000000000000000000000000003]
[733/829   1790397806s] Csc Library/Bee/artifacts/1900b0aE.dag/Unity.2D.Psdimporter.Editor.dll (+2 others)
[735/829    0s] ILPostProcess Library/Bee/artifacts/1900b0aE.dag/post-processed/Unity.VisualScripting.Flow.Editor.dll (+pdb)
Processing assembly Library/Bee/artifacts/1900b0aE.dag/Unity.VisualScripting.Flow.Editor.dll, with 117 defines and 231 references

processors: zzzUnity.Burst.CodeGen.BurstILPostProcessor

running zzzUnity.Burst.CodeGen.BurstILPostProcessor
[736/829    0s] ILPostProcess Library/Bee/artifacts/1900b0aE.dag/post-processed/Unity.VisualScripting.SettingsProvider.Editor.dll (+pdb)
Processing assembly Library/Bee/artifacts/1900b0aE.dag/Unity.VisualScripting.SettingsProvider.Editor.dll, with 117 defines and 233 references

processors: zzzUnity.Burst.CodeGen.BurstILPostProcessor

running zzzUnity.Burst.CodeGen.BurstILPostProcessor
[667/829    0s] Csc Library/Bee/artifacts/1900b0aE.dag/Unity.2D.IK.Editor.dll (+2 others) [CacheHit dd3bdfafa767985bc048f610fd56daf700000000000000000000000000000003]
[737/829   1790397806s] Csc Library/Bee/artifacts/1900b0aE.dag/Unity.2D.IK.Editor.dll (+2 others)
[670/829    0s] Csc Library/Bee/artifacts/1900b0aE.dag/Unity.VisualScripting.Shared.Editor.dll (+2 others) [CacheHit 76f9da21526b6556659976a7d28f7e7100000000000000000000000000000003]
[739/829   1790397806s] Csc Library/Bee/artifacts/1900b0aE.dag/Unity.VisualScripting.Shared.Editor.dll (+2 others)
[741/829    0s] ILPostProcess Library/Bee/artifacts/1900b0aE.dag/post-processed/Unity.VisualScripting.State.Editor.dll (+pdb)
Processing assembly Library/Bee/artifacts/1900b0aE.dag/Unity.VisualScripting.State.Editor.dll, with 117 defines and 233 references

processors: zzzUnity.Burst.CodeGen.BurstILPostProcessor

running zzzUnity.Burst.CodeGen.BurstILPostProcessor
[742/829    0s] ILPostProcess Library/Bee/artifacts/1900b0aE.dag/post-processed/Unity.VisualScripting.Shared.Editor.dll (+pdb)
Processing assembly Library/Bee/artifacts/1900b0aE.dag/Unity.VisualScripting.Shared.Editor.dll, with 117 defines and 234 references

processors: zzzUnity.Burst.CodeGen.BurstILPostProcessor

running zzzUnity.Burst.CodeGen.BurstILPostProcessor
[743/829    0s] ILPostProcess Library/Bee/artifacts/1900b0aE.dag/post-processed/com.unity.cinemachine.editor.dll (+pdb)
Processing assembly Library/Bee/artifacts/1900b0aE.dag/com.unity.cinemachine.editor.dll, with 125 defines and 235 references

processors: zzzUnity.Burst.CodeGen.BurstILPostProcessor

running zzzUnity.Burst.CodeGen.BurstILPostProcessor
[744/829    0s] ILPostProcess Library/Bee/artifacts/1900b0aE.dag/post-processed/Unity.2D.Common.Path.Editor.dll (+pdb)
Processing assembly Library/Bee/artifacts/1900b0aE.dag/Unity.2D.Common.Path.Editor.dll, with 117 defines and 228 references

processors: zzzUnity.Burst.CodeGen.BurstILPostProcessor

running zzzUnity.Burst.CodeGen.BurstILPostProcessor
[745/829    0s] MovedFromExtractor Library/Bee/artifacts/mvdfrm/Unity.2D.PixelPerfect.Editor.ref.dll_500201FE28D4C516.mvfrm
[746/829    0s] CopyFiles Library/ScriptAssemblies/Unity.Timeline.dll
[747/829    0s] CopyFiles Library/ScriptAssemblies/Unity.RenderPipelines.Universal.Config.Runtime.dll
[748/829    0s] CopyFiles Library/ScriptAssemblies/Unity.RenderPipelines.ShaderGraph.ShaderGraphLibrary.dll
[749/829    0s] CopyFiles Library/ScriptAssemblies/Unity.RenderPipelines.Universal.Runtime.dll
[750/829    0s] CopyFiles Library/ScriptAssemblies/Unity.RenderPipelines.Core.ShaderLibrary.dll
[751/829    0s] CopyFiles Library/ScriptAssemblies/Cinemachine.dll
[752/829    0s] CopyFiles Library/ScriptAssemblies/Unity.RenderPipelines.Universal.Shaders.dll
[753/829    0s] MovedFromExtractor Library/Bee/artifacts/mvdfrm/Unity.2D.Psdimporter.Editor.ref.dll_B76AC6E0D8C9839C.mvfrm
[754/829    0s] ILPostProcess Library/Bee/artifacts/1900b0aE.dag/post-processed/Unity.2D.IK.Editor.dll (+pdb)
Processing assembly Library/Bee/artifacts/1900b0aE.dag/Unity.2D.IK.Editor.dll, with 117 defines and 234 references

processors: zzzUnity.Burst.CodeGen.BurstILPostProcessor

running zzzUnity.Burst.CodeGen.BurstILPostProcessor
[755/829    0s] CopyFiles Library/ScriptAssemblies/Unity.2D.Tilemap.Extras.dll
[756/829    0s] CopyFiles Library/ScriptAssemblies/UnityEngine.UI.dll
[757/829    0s] CopyFiles Library/ScriptAssemblies/Unity.InternalAPIEngineBridge.001.dll
[758/829    0s] CopyFiles Library/ScriptAssemblies/Unity.VisualScripting.Core.dll
[759/829    0s] ILPostProcess Library/Bee/artifacts/1900b0aE.dag/post-processed/PPv2URPConverters.dll (+pdb)
Processing assembly Library/Bee/artifacts/1900b0aE.dag/PPv2URPConverters.dll, with 117 defines and 232 references

processors: zzzUnity.Burst.CodeGen.BurstILPostProcessor

running zzzUnity.Burst.CodeGen.BurstILPostProcessor
[760/829    0s] CopyFiles Library/ScriptAssemblies/Unity.2D.Common.Runtime.dll
[761/829    0s] CopyFiles Library/ScriptAssemblies/Unity.RenderPipelines.Universal.2D.Internal.dll
[762/829    0s] MovedFromExtractor Library/Bee/artifacts/mvdfrm/Unity.2D.IK.Editor.ref.dll_F60355C05B38283B.mvfrm
[763/829    0s] CopyFiles Library/ScriptAssemblies/Unity.2D.PixelPerfect.dll
[764/829    0s] CopyFiles Library/ScriptAssemblies/Unity.TextMeshPro.dll
[765/829    0s] ILPostProcess Library/Bee/artifacts/1900b0aE.dag/post-processed/Unity.2D.PixelPerfect.Editor.dll (+pdb)
Processing assembly Library/Bee/artifacts/1900b0aE.dag/Unity.2D.PixelPerfect.Editor.dll, with 119 defines and 231 references

processors: zzzUnity.Burst.CodeGen.BurstILPostProcessor

running zzzUnity.Burst.CodeGen.BurstILPostProcessor
[766/829    0s] CopyFiles Library/ScriptAssemblies/Unity.Mathematics.dll
[767/829    0s] CopyFiles Library/ScriptAssemblies/Unity.2D.IK.Runtime.dll
[768/829    0s] CopyFiles Library/ScriptAssemblies/Unity.VisualScripting.State.dll
[769/829    0s] CopyFiles Library/ScriptAssemblies/Unity.RenderPipeline.Universal.ShaderLibrary.dll
[770/829    0s] CopyFiles Library/ScriptAssemblies/Unity.VisualScripting.Flow.dll
[771/829    0s] CopyFiles Library/ScriptAssemblies/Unity.RenderPipelines.Core.Runtime.dll
[772/829    0s] CopyFiles Library/ScriptAssemblies/Unity.VisualScripting.Shared.Editor.dll
[773/829    0s] CopyFiles Library/ScriptAssemblies/Unity.Burst.dll
[774/829    0s] CopyFiles Library/ScriptAssemblies/Unity.VisualScripting.Shared.Editor.pdb
[775/829    0s] CopyFiles Library/ScriptAssemblies/Unity.2D.Common.Path.Editor.dll
[776/829    0s] CopyFiles Library/ScriptAssemblies/Unity.2D.Common.Path.Editor.pdb
[777/829    0s] CopyFiles Library/ScriptAssemblies/com.unity.cinemachine.editor.dll
[778/829    0s] CopyFiles Library/ScriptAssemblies/com.unity.cinemachine.editor.pdb
[779/829    0s] CopyFiles Library/ScriptAssemblies/Unity.VisualScripting.State.Editor.dll
[780/829    0s] CopyFiles Library/ScriptAssemblies/Unity.VisualScripting.State.Editor.pdb
[781/829    0s] CopyFiles Library/ScriptAssemblies/Unity.VisualScripting.SettingsProvider.Editor.pdb
[782/829    0s] CopyFiles Library/ScriptAssemblies/Unity.VisualScripting.SettingsProvider.Editor.dll
[783/829    0s] CopyFiles Library/ScriptAssemblies/Unity.VisualScripting.Flow.Editor.pdb
[784/829    0s] CopyFiles Library/ScriptAssemblies/Unity.VisualScripting.Flow.Editor.dll
[785/829    0s] CopyFiles Library/ScriptAssemblies/Unity.2D.Tilemap.Editor.dll
[786/829    0s] CopyFiles Library/ScriptAssemblies/Unity.2D.Tilemap.Editor.pdb
[787/829    0s] CopyFiles Library/ScriptAssemblies/Unity.RenderPipelines.Core.Editor.dll
[788/829    0s] CopyFiles Library/ScriptAssemblies/Unity.RenderPipelines.Core.Editor.pdb
[789/829    0s] CopyFiles Library/ScriptAssemblies/Unity.Collections.BurstCompatibilityGen.pdb
[790/829    0s] CopyFiles Library/ScriptAssemblies/Unity.Collections.BurstCompatibilityGen.dll
[791/829    0s] CopyFiles Library/ScriptAssemblies/Unity.2D.SpriteShape.Editor.dll
[792/829    0s] CopyFiles Library/ScriptAssemblies/Unity.2D.SpriteShape.Editor.pdb
[793/829    0s] CopyFiles Library/ScriptAssemblies/Unity.2D.Tilemap.Extras.Editor.pdb
[794/829    0s] CopyFiles Library/ScriptAssemblies/Unity.2D.Tilemap.Extras.Editor.dll
[795/829    0s] CopyFiles Library/ScriptAssemblies/Unity.ShaderGraph.Editor.pdb
[796/829    0s] CopyFiles Library/ScriptAssemblies/Unity.ShaderGraph.Editor.dll
[797/829    0s] CopyFiles Library/ScriptAssemblies/Unity.RenderPipelines.Universal.Editor.dll
[798/829    0s] CopyFiles Library/ScriptAssemblies/Unity.RenderPipelines.Universal.Editor.pdb
[799/829    0s] CopyFiles Library/ScriptAssemblies/Unity.VisualScripting.Core.Editor.dll
[800/829    0s] CopyFiles Library/ScriptAssemblies/Unity.VisualScripting.Core.Editor.pdb
[801/829    0s] CopyFiles Library/ScriptAssemblies/Unity.CollabProxy.Editor.pdb
[802/829    0s] CopyFiles Library/ScriptAssemblies/Unity.CollabProxy.Editor.dll
[803/829    0s] CopyFiles Library/ScriptAssemblies/Unity.Burst.Editor.pdb
[804/829    0s] CopyFiles Library/ScriptAssemblies/Unity.Burst.Editor.dll
[805/829    0s] CopyFiles Library/ScriptAssemblies/Unity.2D.Sprite.Editor.dll
[806/829    0s] MovedFromExtractor Library/Bee/artifacts/mvdfrm/Unity.VisualScripting.Shared.Editor.ref.dll_9669F6EBFF6DFFB7.mvfrm
[807/829    0s] CopyFiles Library/ScriptAssemblies/Unity.2D.Sprite.Editor.pdb
[808/829    0s] CopyFiles Library/ScriptAssemblies/Unity.PlasticSCM.Editor.Entities.dll
[809/829    0s] CopyFiles Library/ScriptAssemblies/Unity.RenderPipelines.Universal.Runtime.pdb
[810/829    0s] CopyFiles Library/ScriptAssemblies/Unity.PlasticSCM.Editor.Entities.pdb
[811/829    0s] CopyFiles Library/ScriptAssemblies/Unity.Searcher.Editor.pdb
[812/829    0s] CopyFiles Library/ScriptAssemblies/Unity.Searcher.Editor.dll
[813/829    0s] CopyFiles Library/ScriptAssemblies/Unity.PlasticSCM.Editor.pdb
[814/829    0s] CopyFiles Library/ScriptAssemblies/Unity.PlasticSCM.Editor.dll
[815/829    0s] CopyFiles Library/ScriptAssemblies/Cinemachine.pdb
[816/829    0s] CopyFiles Library/ScriptAssemblies/PsdPlugin.pdb
[817/829    0s] CopyFiles Library/ScriptAssemblies/PsdPlugin.dll
[818/829    0s] CopyFiles Library/ScriptAssemblies/UnityEditor.UI.pdb
[819/829    0s] CopyFiles Library/ScriptAssemblies/UnityEditor.UI.dll
[820/829    0s] CopyFiles Library/ScriptAssemblies/Unity.TextMeshPro.Editor.pdb
[821/829    0s] CopyFiles Library/ScriptAssemblies/Unity.ShaderGraph.Utilities.dll
[822/829    0s] CopyFiles Library/ScriptAssemblies/Unity.TextMeshPro.Editor.dll
[823/829    0s] CopyFiles Library/ScriptAssemblies/Unity.ShaderGraph.Utilities.pdb
[824/829    0s] CopyFiles Library/ScriptAssemblies/Unity.InternalAPIEditorBridge.001.pdb
[825/829    0s] CopyFiles Library/ScriptAssemblies/Unity.InternalAPIEditorBridge.001.dll
[826/829    0s] CopyFiles Library/ScriptAssemblies/Unity.VisualScripting.State.pdb
[827/829    0s] CopyFiles Library/ScriptAssemblies/Unity.RenderPipelines.Universal.Config.Runtime.pdb
[828/829    0s] CopyFiles Library/ScriptAssemblies/Unity.2D.Tilemap.Extras.pdb
[829/829    0s] CopyFiles Library/ScriptAssemblies/Unity.2D.IK.Editor.pdb
[830/829    0s] CopyFiles Library/ScriptAssemblies/Unity.2D.IK.Editor.dll
[831/829    0s] CopyFiles Library/ScriptAssemblies/Unity.RenderPipelines.ShaderGraph.ShaderGraphLibrary.pdb
[832/829    0s] CopyFiles Library/ScriptAssemblies/Unity.2D.PixelPerfect.pdb
[833/829    0s] CopyFiles Library/ScriptAssemblies/Unity.RenderPipelines.Universal.Shaders.pdb
[834/829    0s] CopyFiles Library/ScriptAssemblies/Unity.2D.PixelPerfect.Editor.pdb
[835/829    0s] CopyFiles Library/ScriptAssemblies/Unity.2D.PixelPerfect.Editor.dll
[836/829    0s] CopyFiles Library/ScriptAssemblies/Unity.RenderPipelines.Core.ShaderLibrary.pdb
[837/829    0s] CopyFiles Library/ScriptAssemblies/Unity.RenderPipelines.Universal.2D.Internal.pdb
[838/829    0s] CopyFiles Library/ScriptAssemblies/Unity.Mathematics.pdb
[839/829    0s] CopyFiles Library/ScriptAssemblies/Unity.TextMeshPro.pdb
[840/829    0s] CopyFiles Library/ScriptAssemblies/PPv2URPConverters.dll
[841/829    0s] CopyFiles Library/ScriptAssemblies/PPv2URPConverters.pdb
[842/829    0s] CopyFiles Library/ScriptAssemblies/Unity.Burst.pdb
[843/829    0s] CopyFiles Library/ScriptAssemblies/Unity.VisualScripting.Core.pdb
[844/829    0s] CopyFiles Library/ScriptAssemblies/Unity.RenderPipelines.Core.Runtime.pdb
[845/829    0s] CopyFiles Library/ScriptAssemblies/Unity.Timeline.pdb
[846/829    0s] CopyFiles Library/ScriptAssemblies/Unity.2D.Common.Runtime.pdb
[847/829    0s] CopyFiles Library/ScriptAssemblies/Unity.2D.IK.Runtime.pdb
[848/829    0s] CopyFiles Library/ScriptAssemblies/Unity.RenderPipeline.Universal.ShaderLibrary.pdb
[849/829    0s] CopyFiles Library/ScriptAssemblies/UnityEngine.UI.pdb
[850/829    0s] CopyFiles Library/ScriptAssemblies/Unity.InternalAPIEngineBridge.001.pdb
[851/829    0s] CopyFiles Library/ScriptAssemblies/Unity.VisualScripting.Flow.pdb
[852/829    0s] ILPostProcess Library/Bee/artifacts/1900b0aE.dag/post-processed/Unity.2D.Psdimporter.Editor.dll (+pdb)
Processing assembly Library/Bee/artifacts/1900b0aE.dag/Unity.2D.Psdimporter.Editor.dll, with 117 defines and 237 references

processors: zzzUnity.Burst.CodeGen.BurstILPostProcessor

running zzzUnity.Burst.CodeGen.BurstILPostProcessor
[853/829    1s] ILPostProcess Library/Bee/artifacts/1900b0aE.dag/post-processed/Unity.2D.SpriteShape.Runtime.dll (+pdb)
Processing assembly Library/Bee/artifacts/1900b0aE.dag/Unity.2D.SpriteShape.Runtime.dll, with 120 defines and 224 references

processors: zzzUnity.Burst.CodeGen.BurstILPostProcessor

running zzzUnity.Burst.CodeGen.BurstILPostProcessor
[854/829    0s] ILPostProcess Library/Bee/artifacts/1900b0aE.dag/post-processed/Unity.Collections.DocCodeSamples.dll (+pdb)
Processing assembly Library/Bee/artifacts/1900b0aE.dag/Unity.Collections.DocCodeSamples.dll, with 117 defines and 229 references

processors: zzzUnity.Burst.CodeGen.BurstILPostProcessor

running zzzUnity.Burst.CodeGen.BurstILPostProcessor
[855/829    0s] ILPostProcess Library/Bee/artifacts/1900b0aE.dag/post-processed/Unity.2D.Common.Editor.dll (+pdb)
Processing assembly Library/Bee/artifacts/1900b0aE.dag/Unity.2D.Common.Editor.dll, with 117 defines and 232 references

processors: zzzUnity.Burst.CodeGen.BurstILPostProcessor

running zzzUnity.Burst.CodeGen.BurstILPostProcessor
[856/829    1s] ILPostProcess Library/Bee/artifacts/1900b0aE.dag/post-processed/Unity.2D.Animation.Runtime.dll (+pdb)
Processing assembly Library/Bee/artifacts/1900b0aE.dag/Unity.2D.Animation.Runtime.dll, with 119 defines and 226 references

processors: zzzUnity.Burst.CodeGen.BurstILPostProcessor

running zzzUnity.Burst.CodeGen.BurstILPostProcessor
[857/829    0s] ILPostProcess Library/Bee/artifacts/1900b0aE.dag/post-processed/Unity.Mathematics.Editor.dll (+pdb)
Processing assembly Library/Bee/artifacts/1900b0aE.dag/Unity.Mathematics.Editor.dll, with 117 defines and 229 references

processors: zzzUnity.Burst.CodeGen.BurstILPostProcessor

running zzzUnity.Burst.CodeGen.BurstILPostProcessor
[858/829    0s] ILPostProcess Library/Bee/artifacts/1900b0aE.dag/post-processed/Unity.2D.Aseprite.Editor.dll (+pdb)
Processing assembly Library/Bee/artifacts/1900b0aE.dag/Unity.2D.Aseprite.Editor.dll, with 118 defines and 234 references

processors: zzzUnity.Burst.CodeGen.BurstILPostProcessor

running zzzUnity.Burst.CodeGen.BurstILPostProcessor
[859/829    0s] CopyFiles Library/ScriptAssemblies/Unity.2D.Psdimporter.Editor.dll
[860/829    0s] CopyFiles Library/ScriptAssemblies/Unity.2D.Psdimporter.Editor.pdb
[861/829    0s] CopyFiles Library/ScriptAssemblies/Unity.Collections.DocCodeSamples.pdb
[862/829    0s] CopyFiles Library/ScriptAssemblies/Unity.Collections.DocCodeSamples.dll
[863/829    0s] ILPostProcess Library/Bee/artifacts/1900b0aE.dag/post-processed/Unity.Timeline.Editor.dll (+pdb)
Processing assembly Library/Bee/artifacts/1900b0aE.dag/Unity.Timeline.Editor.dll, with 118 defines and 229 references

processors: zzzUnity.Burst.CodeGen.BurstILPostProcessor

running zzzUnity.Burst.CodeGen.BurstILPostProcessor
[864/829    0s] CopyFiles Library/ScriptAssemblies/Unity.2D.Common.Editor.dll
[865/829    0s] CopyFiles Library/ScriptAssemblies/Unity.2D.Common.Editor.pdb
[866/829    0s] CopyFiles Library/ScriptAssemblies/Unity.2D.Animation.Runtime.dll
[867/829    0s] ILPostProcess Library/Bee/artifacts/1900b0aE.dag/post-processed/Unity.2D.Aseprite.Common.dll (+pdb)
Processing assembly Library/Bee/artifacts/1900b0aE.dag/Unity.2D.Aseprite.Common.dll, with 117 defines and 231 references

processors: zzzUnity.Burst.CodeGen.BurstILPostProcessor

running zzzUnity.Burst.CodeGen.BurstILPostProcessor
[868/829    1s] ILPostProcess Library/Bee/artifacts/1900b0aE.dag/post-processed/Unity.Collections.dll (+pdb)
Processing assembly Library/Bee/artifacts/1900b0aE.dag/Unity.Collections.dll, with 119 defines and 223 references

processors: zzzUnity.Burst.CodeGen.BurstILPostProcessor

running zzzUnity.Burst.CodeGen.BurstILPostProcessor
[869/829    0s] CopyFiles Library/ScriptAssemblies/Unity.2D.Animation.Runtime.pdb
[870/829    0s] CopyFiles Library/ScriptAssemblies/Unity.2D.Aseprite.Editor.dll
[871/829    0s] CopyFiles Library/ScriptAssemblies/Unity.2D.Aseprite.Editor.pdb
[872/829    0s] CopyFiles Library/ScriptAssemblies/Unity.2D.SpriteShape.Runtime.pdb
[873/829    0s] CopyFiles Library/ScriptAssemblies/Unity.2D.SpriteShape.Runtime.dll
[874/829    0s] CopyFiles Library/ScriptAssemblies/Unity.Mathematics.Editor.pdb
[875/829    0s] ILPostProcess Library/Bee/artifacts/1900b0aE.dag/post-processed/Unity.2D.Animation.Editor.dll (+pdb)
Processing assembly Library/Bee/artifacts/1900b0aE.dag/Unity.2D.Animation.Editor.dll, with 117 defines and 237 references

processors: zzzUnity.Burst.CodeGen.BurstILPostProcessor

running zzzUnity.Burst.CodeGen.BurstILPostProcessor
[876/829    0s] CopyFiles Library/ScriptAssemblies/Unity.Mathematics.Editor.dll
[877/829    0s] CopyFiles Library/ScriptAssemblies/Unity.2D.Aseprite.Common.dll
[878/829    0s] CopyFiles Library/ScriptAssemblies/Unity.2D.Aseprite.Common.pdb
[879/829    0s] CopyFiles Library/ScriptAssemblies/Unity.Collections.dll
[880/829    0s] CopyFiles Library/ScriptAssemblies/Unity.Collections.pdb
[881/829    0s] CopyFiles Library/ScriptAssemblies/Unity.Timeline.Editor.pdb
[882/829    0s] CopyFiles Library/ScriptAssemblies/Unity.Timeline.Editor.dll
[883/829    0s] MovedFromExtractorCombine Library/Bee/artifacts/1900b0aE.dag/Assembly-CSharp.dll.mvfrm
[884/829    0s] CopyFiles Library/ScriptAssemblies/Unity.2D.Animation.Editor.pdb
[885/829    0s] CopyFiles Library/ScriptAssemblies/Unity.2D.Animation.Editor.dll
[886/829    0s] MovedFromExtractorCombine Library/Bee/artifacts/1900b0aE.dag/Assembly-CSharp-Editor.dll.mvfrm
[887/829    1s] Csc Library/Bee/artifacts/1900b0aE.dag/Assembly-CSharp.dll (+2 others)
Assets\scripts\ControlTouch.cs(15,18): warning CS0414: The field 'ControlTouch.ocultoPorCrafteo' is assigned but its value is never used
[888/829    0s] ILPostProcess Library/Bee/artifacts/1900b0aE.dag/post-processed/Assembly-CSharp.dll (+pdb)
Processing assembly Library/Bee/artifacts/1900b0aE.dag/Assembly-CSharp.dll, with 119 defines and 265 references

processors: zzzUnity.Burst.CodeGen.BurstILPostProcessor

running zzzUnity.Burst.CodeGen.BurstILPostProcessor
[889/829    0s] CopyFiles Library/ScriptAssemblies/Assembly-CSharp.pdb
[890/829    0s] CopyFiles Library/ScriptAssemblies/Assembly-CSharp.dll
[891/829    0s] Csc Library/Bee/artifacts/1900b0aE.dag/Assembly-CSharp-Editor.dll (+2 others)
[892/829    0s] ILPostProcess Library/Bee/artifacts/1900b0aE.dag/post-processed/Assembly-CSharp-Editor.dll (+pdb)
Processing assembly Library/Bee/artifacts/1900b0aE.dag/Assembly-CSharp-Editor.dll, with 117 defines and 285 references

processors: zzzUnity.Burst.CodeGen.BurstILPostProcessor

running zzzUnity.Burst.CodeGen.BurstILPostProcessor
[893/829    0s] CopyFiles Library/ScriptAssemblies/Assembly-CSharp-Editor.pdb
[894/829    0s] CopyFiles Library/ScriptAssemblies/Assembly-CSharp-Editor.dll
*** Tundra build success (8.74 seconds), 626 items updated, 829 evaluated
Assets\scripts\ControlTouch.cs(15,18): warning CS0414: The field 'ControlTouch.ocultoPorCrafteo' is assigned but its value is never used
AssetDatabase: script compilation time: 10.768555s
Total cache size 260557512
Total cache size after purge 260557512
Begin MonoManager ReloadAssembly
- Loaded All Assemblies, in  0.710 seconds
Refreshing native plugins compatible for Editor in 6.26 ms, found 5 plugins.
Preloading 0 native plugins for Editor in 0.00 ms.
Refreshing native plugins compatible for Editor in 7.19 ms, found 5 plugins.
Native extension for WindowsStandalone target not found
Mono: successfully reloaded assembly
- Finished resetting the current domain, in  3.595 seconds
Domain Reload Profiling: 4303ms
	BeginReloadAssembly (148ms)
		ExecutionOrderSort (0ms)
		DisableScriptedObjects (5ms)
		BackupInstance (0ms)
		ReleaseScriptingObjects (0ms)
		CreateAndSetChildDomain (26ms)
	RebuildCommonClasses (29ms)
	RebuildNativeTypeToScriptingClass (9ms)
	initialDomainReloadingComplete (34ms)
	LoadAllAssembliesAndSetupDomain (487ms)
		LoadAssemblies (336ms)
		RebuildTransferFunctionScriptingTraits (0ms)
		AnalyzeDomain (230ms)
			TypeCache.Refresh (185ms)
				TypeCache.ScanAssembly (170ms)
			ScanForSourceGeneratedMonoScriptInfo (32ms)
			ResolveRequiredComponents (11ms)
	FinalizeReload (3595ms)
		ReleaseScriptCaches (0ms)
		RebuildScriptCaches (0ms)
		SetupLoadedEditorAssemblies (3397ms)
			LogAssemblyErrors (0ms)
			InitializePlatformSupportModulesInManaged (4ms)
			SetLoadedEditorAssemblies (3ms)
			RefreshPlugins (0ms)
			BeforeProcessingInitializeOnLoad (79ms)
			ProcessInitializeOnLoadAttributes (3052ms)
			ProcessInitializeOnLoadMethodAttributes (255ms)
			AfterProcessingInitializeOnLoad (5ms)
			EditorAssembliesLoaded (0ms)
		ExecutionOrderSort2 (0ms)
		AwakeInstancesAfterBackupRestoration (6ms)
Asset Pipeline Refresh (id=56134fa55e6a3514cb2199e299906195): Total: 18.104 seconds - Initiated by InitialRefreshV2(ForceSynchronousImport)
	Summary:
		Imports: total=0 (actual=0, local cache=0, cache server=0)
		Asset DB Process Time: managed=0 ms, native=2854 ms
		Asset DB Callback time: managed=34 ms, native=0 ms
		Scripting: domain reloads=1, domain reload time=4389 ms, compile time=10771 ms, other=53 ms
		Project Asset Count: scripts=7515, non-scripts=19619
		Asset File Changes: new=0, changed=0, moved=0, deleted=0
		Scan Filter Count: 0
	InvokeBeforeRefreshCallbacks: 0.498ms
	ApplyChangesToAssetFolders: 0.049ms
	Scan: 889.592ms
	OnSourceAssetsModified: 0.003ms
	GetAllGuidsForCategorization: 2.917ms
	CategorizeAssets: 559.078ms
	ImportOutOfDateAssets: 3667.760ms (-7147.612ms without children)
		CompileScripts: 10771.066ms
		ReloadNativeAssets: 0.026ms
		UnloadImportedAssets: 29.416ms
		EnsureUptoDateAssetsAreRegisteredWithGuidPM: 10.341ms
		InitializingProgressBar: 0.003ms
		PostProcessAllAssetNotificationsAddChangedAssets: 0.001ms
		OnDemandSchedulerStart: 4.519ms
	PostProcessAllAssets: 34.915ms
	GatherAllCurrentPrimaryArtifactRevisions: 0.001ms
	UnloadStreamsBegin: 1.506ms
	PersistCurrentRevisions: 1.249ms
	UnloadStreamsEnd: 0.081ms
	GenerateScriptTypeHashes: 68.421ms
	Untracked: 12946.744ms
Application.AssetDatabase Initial Refresh End
Launched and connected shader compiler UnityShaderCompiler.exe after 0.07 seconds
Scanning for USB devices : 2.348ms
Initializing Unity extensions:
[Licensing::Client] Successfully resolved entitlement details
[MODES] ModeService[none].Initialize
[MODES] ModeService[none].LoadModes
[MODES] Loading mode Default (0) for mode-current-id-Objetivo 15
[PhysX] Initialized MultithreadedTaskDispatcher with 18 workers.
ProgressiveSceneManager::Cancel()
Unloading 8 Unused Serialized files (Serialized files now loaded: 0)
Unloading 124 unused Assets / (0.8 MB). Loaded Objects now: 6821.
Memory consumption went from 216.8 MB to 216.0 MB.
Total: 5.770700 ms (FindLiveObjects: 0.683200 ms CreateObjectMapping: 0.154700 ms MarkObjects: 4.549500 ms  DeleteObjects: 0.382400 ms)

Start importing ProjectSettings/ProjectSettings.asset using Guid(00000000000000004000000000000000) Importer(-1,00000000000000000000000000000000) [PhysX] Initialized MultithreadedTaskDispatcher with 18 workers.
 -> (artifact id: 'a9eba4bed5997fa5c6dbba28bcb0d556') in 0.011896 seconds
Refreshing native plugins compatible for Editor in 5.51 ms, found 5 plugins.
Preloading 0 native plugins for Editor in 0.00 ms.
Asset Pipeline Refresh (id=6da732e58a2f0bf4e819688a4caf5f25): Total: 0.215 seconds - Initiated by StopAssetImportingV2(NoUpdateAssetOptions)
[SetupWindows] Standalone icons=8 [0]=logojuego
UnityEngine.StackTraceUtility:ExtractStackTrace ()
UnityEngine.DebugLogHandler:LogFormat (UnityEngine.LogType,UnityEngine.Object,string,object[])
UnityEngine.Logger:Log (UnityEngine.LogType,object)
UnityEngine.Debug:Log (object)
SetupAndroid:ConfigurarIconoWindows () (at Assets/scripts/Editor/SetupAndroid.cs:81)
BuildPC:Configurar () (at Assets/scripts/Editor/BuildPC.cs:52)
BuildPC:Construir () (at Assets/scripts/Editor/BuildPC.cs:14)

(Filename: Assets/scripts/Editor/SetupAndroid.cs Line: 81)

Start importing Assets/Settings/UniversalRP.asset using Guid(681886c5eb7344803b6206f758bf0b1c) Importer(-1,00000000000000000000000000000000) [PhysX] Initialized MultithreadedTaskDispatcher with 18 workers.
 -> (artifact id: '1691967b668475c13dbffaa526c5951c') in 0.003993 seconds
Refreshing native plugins compatible for Editor in 26.99 ms, found 5 plugins.
Preloading 0 native plugins for Editor in 0.00 ms.
Asset Pipeline Refresh (id=703ab788ef7a0ba4da0e4ba7410314e1): Total: 0.080 seconds - Initiated by StopAssetImportingV2(NoUpdateAssetOptions)
info: Microsoft.AspNetCore.Hosting.Diagnostics[1]
      Request starting HTTP/2 POST http://ilpp/UnityILPP.PostProcessing/Ping application/grpc -
info: Microsoft.AspNetCore.Routing.EndpointMiddleware[0]
      Executing endpoint 'gRPC - /UnityILPP.PostProcessing/Ping'
info: Microsoft.AspNetCore.Routing.EndpointMiddleware[1]
      Executed endpoint 'gRPC - /UnityILPP.PostProcessing/Ping'
info: Microsoft.AspNetCore.Hosting.Diagnostics[2]
      Request finished HTTP/2 POST http://ilpp/UnityILPP.PostProcessing/Ping application/grpc - - 200 - application/grpc 0.3873ms
Starting: C:\Program Files\Unity\Hub\Editor\2022.3.62f3\Editor\Data\bee_backend.exe --ipc --defer-dag-verification --dagfile="Library/Bee/1900b0aESkipCompile.dag" --continue-on-failure --profile="Library/Bee/backend1.traceevents" ScriptAssembliesAndTypeDB
WorkingDir: C:/Users/sebas/objetivo-15/objetivo-15
ExitCode: 0 Duration: 0s964ms
[2/3        0s] BuildPlayerDataGenerator Library/BuildPlayerData/Editor/TypeDb-All.json
*** Tundra build success (0.91 seconds), 1 items updated, 3 evaluated
Asset Pipeline Refresh (id=0a5b4516d99ec604ca3865fa90d4dda6): Total: 0.010 seconds - Initiated by RefreshV2(NoUpdateAssetOptions)
[ScriptCompilation] Requested script compilation because: Recompiling scripts for player build.
BuildPlayer: start building target 19
info: Microsoft.AspNetCore.Hosting.Diagnostics[1]
      Request starting HTTP/2 POST http://ilpp/UnityILPP.PostProcessing/Ping application/grpc -
info: Microsoft.AspNetCore.Routing.EndpointMiddleware[0]
      Executing endpoint 'gRPC - /UnityILPP.PostProcessing/Ping'
info: Microsoft.AspNetCore.Routing.EndpointMiddleware[1]
      Executed endpoint 'gRPC - /UnityILPP.PostProcessing/Ping'
info: Microsoft.AspNetCore.Hosting.Diagnostics[2]
      Request finished HTTP/2 POST http://ilpp/UnityILPP.PostProcessing/Ping application/grpc - - 200 - application/grpc 0.0908ms
Starting: C:\Program Files\Unity\Hub\Editor\2022.3.62f3\Editor\Data\bee_backend.exe --ipc --defer-dag-verification --dagfile="Library/Bee/1900b0aP.dag" --continue-on-failure --profile="Library/Bee/backend1.traceevents" ScriptAssembliesAndTypeDB
WorkingDir: C:/Users/sebas/objetivo-15/objetivo-15
Total cache size 260557512
Total cache size after purge 260557512
info: Microsoft.AspNetCore.Hosting.Diagnostics[1]
      Request starting HTTP/2 POST http://ilpp/UnityILPP.PostProcessing/ConfigurePostProcessors application/grpc -
info: Microsoft.AspNetCore.Routing.EndpointMiddleware[0]
      Executing endpoint 'gRPC - /UnityILPP.PostProcessing/ConfigurePostProcessors'
info: Unity.ILPP.Runner.PostProcessingAssemblyLoadContext[0]
      ALC ILPP context 1 is unloading
warn: Unity.ILPP.Runner.PostProcessingAssemblyLoadContext[0]
      Assembly system.runtime.interopservices.windowsruntime has duplicate hint path. Ignoring "C:\Program Files\Unity\Hub\Editor\2022.3.62f3\Editor\Data\UnityReferenceAssemblies\unity-4.8-api\Facades\System.Runtime.InteropServices.WindowsRuntime.dll" in favor of "C:\Program Files\Unity\Hub\Editor\2022.3.62f3\Editor\Data\NetStandard\Extensions\2.0.0\System.Runtime.InteropServices.WindowsRuntime.dll"
warn: Unity.ILPP.Runner.PostProcessingAssemblyLoadContext[0]
      Assembly system.componentmodel.composition has duplicate hint path. Ignoring "C:\Program Files\Unity\Hub\Editor\2022.3.62f3\Editor\Data\UnityReferenceAssemblies\unity-4.8-api\System.ComponentModel.Composition.dll" in favor of "C:\Program Files\Unity\Hub\Editor\2022.3.62f3\Editor\Data\NetStandard\compat\2.1.0\shims\netfx\System.ComponentModel.Composition.dll"
info: Unity.ILPP.Runner.PostProcessingAssemblyLoadContext[0]
      Resolved Unity.Burst.Cecil, Version=0.11.4.0, Culture=neutral, PublicKeyToken=50cebf1cceb9d05e with Library\PackageCache\com.unity.burst@1.8.21\Unity.Burst.CodeGen\Unity.Burst.Cecil.dll
info: Microsoft.AspNetCore.Routing.EndpointMiddleware[1]
      Executed endpoint 'gRPC - /UnityILPP.PostProcessing/ConfigurePostProcessors'
info: Microsoft.AspNetCore.Hosting.Diagnostics[2]
      Request finished HTTP/2 POST http://ilpp/UnityILPP.PostProcessing/ConfigurePostProcessors application/grpc - - 200 - application/grpc 11.2886ms
info: Microsoft.AspNetCore.Hosting.Diagnostics[1]
      Request starting HTTP/2 POST http://ilpp/UnityILPP.PostProcessing/PostProcessAssembly application/grpc -
info: Microsoft.AspNetCore.Routing.EndpointMiddleware[0]
      Executing endpoint 'gRPC - /UnityILPP.PostProcessing/PostProcessAssembly'
info: Unity.ILPP.Runner.PostProcessingPipeline[0]
      Processing assembly Library/Bee/artifacts/1900b0aP.dag/Assembly-CSharp.dll, with 108 defines and 216 references
info: Unity.ILPP.Runner.PostProcessingPipeline[0]
      processors: zzzUnity.Burst.CodeGen.BurstILPostProcessor
info: Unity.ILPP.Runner.PostProcessingPipeline[0]
      running zzzUnity.Burst.CodeGen.BurstILPostProcessor
info: Unity.ILPP.Runner.PostProcessingAssemblyLoadContext[0]
      Resolved Unity.Burst.Cecil.Rocks, Version=0.11.4.0, Culture=neutral, PublicKeyToken=50cebf1cceb9d05e with Library\PackageCache\com.unity.burst@1.8.21\Unity.Burst.CodeGen\Unity.Burst.Cecil.Rocks.dll
info: Microsoft.AspNetCore.Routing.EndpointMiddleware[1]
      Executed endpoint 'gRPC - /UnityILPP.PostProcessing/PostProcessAssembly'
info: Microsoft.AspNetCore.Hosting.Diagnostics[2]
      Request finished HTTP/2 POST http://ilpp/UnityILPP.PostProcessing/PostProcessAssembly application/grpc - - 200 - application/grpc 182.2341ms
ExitCode: 0 Duration: 2s627ms
[303/504    0s] WriteResponseFile Library/Bee/artifacts/rsp/4747638433968585886.rsp
[328/504    0s] CopyFiles Library/Bee/PlayerScriptAssemblies/UnityEngine.TestRunner.pdb
[329/504    0s] CopyFiles Library/Bee/PlayerScriptAssemblies/UnityEngine.TestRunner.dll
[330/504    0s] MovedFromExtractorCombine Library/Bee/artifacts/StandaloneWindows64_CodeGen/UnityEngine.TestRunner.dll.mvfrm
[333/504    0s] MovedFromExtractorCombine Library/Bee/artifacts/StandaloneWindows64_CodeGen/UnityEngine.UI.dll.mvfrm
[336/504    0s] MovedFromExtractorCombine Library/Bee/artifacts/1900b0aP.dag/UnityEngine.UI.dll.mvfrm
[339/504    0s] MovedFromExtractorCombine Library/Bee/artifacts/StandaloneWindows64_CodeGen/UnityEditor.TestRunner.dll.mvfrm
[342/504    0s] MovedFromExtractorCombine Library/Bee/artifacts/1900b0aP.dag/Unity.Burst.dll.mvfrm
[345/504    0s] MovedFromExtractorCombine Library/Bee/artifacts/1900b0aP.dag/Unity.Mathematics.dll.mvfrm
[348/504    0s] MovedFromExtractorCombine Library/Bee/artifacts/1900b0aP.dag/Unity.RenderPipelines.Core.ShaderLibrary.dll.mvfrm
[351/504    0s] MovedFromExtractorCombine Library/Bee/artifacts/1900b0aP.dag/Unity.RenderPipelines.Core.Runtime.dll.mvfrm
[354/504    0s] MovedFromExtractorCombine Library/Bee/artifacts/1900b0aP.dag/Unity.2D.PixelPerfect.dll.mvfrm
[357/504    0s] MovedFromExtractorCombine Library/Bee/artifacts/1900b0aP.dag/Unity.TextMeshPro.dll.mvfrm
[360/504    0s] MovedFromExtractorCombine Library/Bee/artifacts/1900b0aP.dag/Unity.VisualScripting.Core.dll.mvfrm
[361/504    0s] MovedFromExtractorCombine Library/Bee/artifacts/1900b0aP.dag/Unity.RenderPipelines.Universal.Shaders.dll.mvfrm
[366/504    0s] MovedFromExtractorCombine Library/Bee/artifacts/1900b0aP.dag/Unity.2D.Tilemap.Extras.dll.mvfrm
[369/504    0s] MovedFromExtractorCombine Library/Bee/artifacts/1900b0aP.dag/Unity.RenderPipelines.ShaderGraph.ShaderGraphLibrary.dll.mvfrm
[372/504    0s] MovedFromExtractorCombine Library/Bee/artifacts/1900b0aP.dag/Unity.RenderPipelines.Universal.2D.Internal.dll.mvfrm
[375/504    0s] MovedFromExtractorCombine Library/Bee/artifacts/1900b0aP.dag/Unity.InternalAPIEngineBridge.001.dll.mvfrm
[378/504    0s] MovedFromExtractorCombine Library/Bee/artifacts/1900b0aP.dag/Unity.Timeline.dll.mvfrm
[381/504    0s] MovedFromExtractorCombine Library/Bee/artifacts/1900b0aP.dag/Unity.2D.Common.Runtime.dll.mvfrm
[384/504    0s] MovedFromExtractorCombine Library/Bee/artifacts/StandaloneWindows64_CodeGen/UnityEditor.UI.dll.mvfrm
[387/504    0s] MovedFromExtractorCombine Library/Bee/artifacts/1900b0aP.dag/Unity.RenderPipeline.Universal.ShaderLibrary.dll.mvfrm
[390/504    0s] MovedFromExtractorCombine Library/Bee/artifacts/1900b0aP.dag/Unity.Collections.dll.mvfrm
[393/504    0s] MovedFromExtractorCombine Library/Bee/artifacts/1900b0aP.dag/Unity.RenderPipelines.Universal.Config.Runtime.dll.mvfrm
[396/504    0s] MovedFromExtractorCombine Library/Bee/artifacts/1900b0aP.dag/Unity.VisualScripting.Flow.dll.mvfrm
[399/504    0s] MovedFromExtractorCombine Library/Bee/artifacts/1900b0aP.dag/Unity.2D.IK.Runtime.dll.mvfrm
[402/504    0s] MovedFromExtractorCombine Library/Bee/artifacts/1900b0aP.dag/Unity.2D.SpriteShape.Runtime.dll.mvfrm
[405/504    0s] MovedFromExtractorCombine Library/Bee/artifacts/StandaloneWindows64_CodeGen/Unity.Burst.dll.mvfrm
[408/504    0s] MovedFromExtractorCombine Library/Bee/artifacts/1900b0aP.dag/Unity.VisualScripting.State.dll.mvfrm
[409/504    0s] MovedFromExtractorCombine Library/Bee/artifacts/1900b0aP.dag/Unity.RenderPipelines.Universal.Runtime.dll.mvfrm
[414/504    0s] MovedFromExtractorCombine Library/Bee/artifacts/1900b0aP.dag/Unity.2D.Animation.Runtime.dll.mvfrm
[417/504    0s] MovedFromExtractorCombine Library/Bee/artifacts/StandaloneWindows64_CodeGen/Unity.Burst.CodeGen.dll.mvfrm
[419/504    0s] MovedFromExtractorCombine Library/Bee/artifacts/1900b0aP.dag/Cinemachine.dll.mvfrm
[421/504    0s] MovedFromExtractorCombine Library/Bee/artifacts/1900b0aP.dag/Assembly-CSharp.dll.mvfrm
[422/504    0s] ILPP-Configuration Library/ilpp-configuration.nevergeneratedoutput
[448/504    0s] CopyFiles Library/Bee/PlayerScriptAssemblies/Unity.2D.Tilemap.Extras.dll
[449/504    0s] CopyFiles Library/Bee/PlayerScriptAssemblies/Unity.Timeline.dll
[450/504    0s] CopyFiles Library/Bee/PlayerScriptAssemblies/UnityEngine.UI.dll
[451/504    0s] CopyFiles Library/Bee/PlayerScriptAssemblies/Unity.RenderPipelines.Core.Runtime.dll
[452/504    0s] CopyFiles Library/Bee/PlayerScriptAssemblies/Unity.RenderPipelines.Universal.Config.Runtime.dll
[453/504    0s] CopyFiles Library/Bee/PlayerScriptAssemblies/Unity.2D.Common.Runtime.dll
[454/504    0s] CopyFiles Library/Bee/PlayerScriptAssemblies/Unity.RenderPipeline.Universal.ShaderLibrary.dll
[455/504    0s] CopyFiles Library/Bee/PlayerScriptAssemblies/Unity.2D.PixelPerfect.dll
[456/504    0s] CopyFiles Library/Bee/PlayerScriptAssemblies/Unity.VisualScripting.Core.dll
[457/504    0s] CopyFiles Library/Bee/PlayerScriptAssemblies/Unity.Mathematics.dll
[458/504    0s] CopyFiles Library/Bee/PlayerScriptAssemblies/Unity.VisualScripting.State.dll
[459/504    0s] CopyFiles Library/Bee/PlayerScriptAssemblies/Unity.InternalAPIEngineBridge.001.dll
[460/504    0s] CopyFiles Library/Bee/PlayerScriptAssemblies/Unity.RenderPipelines.Universal.Shaders.dll
[461/504    0s] CopyFiles Library/Bee/PlayerScriptAssemblies/Unity.RenderPipelines.Universal.Runtime.dll
[462/504    0s] CopyFiles Library/Bee/PlayerScriptAssemblies/Unity.VisualScripting.Flow.dll
[463/504    0s] CopyFiles Library/Bee/PlayerScriptAssemblies/Unity.Collections.dll
[464/504    0s] CopyFiles Library/Bee/PlayerScriptAssemblies/Unity.2D.Animation.Runtime.dll
[465/504    0s] CopyFiles Library/Bee/PlayerScriptAssemblies/Unity.RenderPipelines.Universal.2D.Internal.dll
[466/504    0s] CopyFiles Library/Bee/PlayerScriptAssemblies/Unity.RenderPipelines.ShaderGraph.ShaderGraphLibrary.dll
[467/504    0s] CopyFiles Library/Bee/PlayerScriptAssemblies/Unity.2D.IK.Runtime.dll
[468/504    0s] CopyFiles Library/Bee/PlayerScriptAssemblies/Unity.InternalAPIEngineBridge.001.pdb
[469/504    0s] CopyFiles Library/Bee/PlayerScriptAssemblies/Unity.RenderPipelines.Core.ShaderLibrary.dll
[470/504    0s] CopyFiles Library/Bee/PlayerScriptAssemblies/Cinemachine.dll
[471/504    0s] CopyFiles Library/Bee/PlayerScriptAssemblies/Unity.TextMeshPro.dll
[472/504    0s] CopyFiles Library/Bee/PlayerScriptAssemblies/Unity.RenderPipelines.ShaderGraph.ShaderGraphLibrary.pdb
[473/504    0s] CopyFiles Library/Bee/PlayerScriptAssemblies/Unity.2D.Common.Runtime.pdb
[474/504    0s] CopyFiles Library/Bee/PlayerScriptAssemblies/Unity.2D.SpriteShape.Runtime.dll
[475/504    0s] CopyFiles Library/Bee/PlayerScriptAssemblies/Unity.Mathematics.pdb
[476/504    0s] CopyFiles Library/Bee/PlayerScriptAssemblies/Unity.TextMeshPro.pdb
[477/504    0s] CopyFiles Library/Bee/PlayerScriptAssemblies/Unity.Burst.dll
[478/504    0s] CopyFiles Library/Bee/PlayerScriptAssemblies/Unity.RenderPipeline.Universal.ShaderLibrary.pdb
[479/504    0s] CopyFiles Library/Bee/PlayerScriptAssemblies/Unity.RenderPipelines.Universal.Config.Runtime.pdb
[480/504    0s] CopyFiles Library/Bee/PlayerScriptAssemblies/Unity.Timeline.pdb
[481/504    0s] CopyFiles Library/Bee/PlayerScriptAssemblies/Unity.Collections.pdb
[482/504    0s] CopyFiles Library/Bee/PlayerScriptAssemblies/Unity.VisualScripting.State.pdb
[483/504    0s] CopyFiles Library/Bee/PlayerScriptAssemblies/Unity.VisualScripting.Core.pdb
[484/504    0s] CopyFiles Library/Bee/PlayerScriptAssemblies/Unity.2D.PixelPerfect.pdb
[485/504    0s] CopyFiles Library/Bee/PlayerScriptAssemblies/Unity.2D.IK.Runtime.pdb
[486/504    0s] CopyFiles Library/Bee/PlayerScriptAssemblies/Unity.RenderPipelines.Universal.Runtime.pdb
[487/504    0s] CopyFiles Library/Bee/PlayerScriptAssemblies/Unity.2D.Tilemap.Extras.pdb
[488/504    0s] CopyFiles Library/Bee/PlayerScriptAssemblies/Unity.RenderPipelines.Core.Runtime.pdb
[489/504    0s] CopyFiles Library/Bee/PlayerScriptAssemblies/Unity.RenderPipelines.Universal.2D.Internal.pdb
[490/504    0s] CopyFiles Library/Bee/PlayerScriptAssemblies/Unity.RenderPipelines.Universal.Shaders.pdb
[491/504    0s] CopyFiles Library/Bee/PlayerScriptAssemblies/UnityEngine.UI.pdb
[492/504    0s] CopyFiles Library/Bee/PlayerScriptAssemblies/Unity.RenderPipelines.Core.ShaderLibrary.pdb
[493/504    0s] CopyFiles Library/Bee/PlayerScriptAssemblies/Unity.2D.SpriteShape.Runtime.pdb
[494/504    0s] CopyFiles Library/Bee/PlayerScriptAssemblies/Unity.VisualScripting.Flow.pdb
[495/504    0s] CopyFiles Library/Bee/PlayerScriptAssemblies/Unity.Burst.pdb
[496/504    0s] CopyFiles Library/Bee/PlayerScriptAssemblies/Unity.2D.Animation.Runtime.pdb
[497/504    0s] CopyFiles Library/Bee/PlayerScriptAssemblies/Cinemachine.pdb
[498/504    0s] Csc Library/Bee/artifacts/1900b0aP.dag/Assembly-CSharp.dll (+2 others)
Assets\scripts\ControlTouch.cs(15,18): warning CS0414: The field 'ControlTouch.ocultoPorCrafteo' is assigned but its value is never used
[499/504    0s] ILPostProcess Library/Bee/artifacts/1900b0aP.dag/post-processed/Assembly-CSharp.dll (+pdb)
Processing assembly Library/Bee/artifacts/1900b0aP.dag/Assembly-CSharp.dll, with 108 defines and 216 references

processors: zzzUnity.Burst.CodeGen.BurstILPostProcessor

running zzzUnity.Burst.CodeGen.BurstILPostProcessor
[500/504    0s] CopyFiles Library/Bee/PlayerScriptAssemblies/Assembly-CSharp.dll
[501/504    0s] CopyFiles Library/Bee/PlayerScriptAssemblies/Assembly-CSharp.pdb
[503/504    0s] BuildPlayerDataGenerator Library/BuildPlayerData/Player/RuntimeInitializeOnLoads.json (+1 other)
*** Tundra build success (2.59 seconds), 91 items updated, 504 evaluated
Assets\scripts\ControlTouch.cs(15,18): warning CS0414: The field 'ControlTouch.ocultoPorCrafteo' is assigned but its value is never used
Rebuilding Data files because Assets/Scenes/splash.unity is dirty (hash)
Total cache size 260557512
Total cache size after purge 260557512
Asset Pipeline Refresh (id=64e91b67d8d277f4599d7f98b7c6d37a): Total: 0.173 seconds - Initiated by RefreshV2(NoUpdateAssetOptions)
SpriteAtlasPacking completed in 0.067449 sec
Opening scene 'Assets/Scenes/splash.unity'
[PhysX] Initialized MultithreadedTaskDispatcher with 18 workers.
Unloading 4 Unused Serialized files (Serialized files now loaded: 0)
Loaded scene 'Assets/Scenes/splash.unity'
	Deserialize:            8.375 ms
	Integration:            221.118 ms
	Integration of assets:  0.373 ms
	Thread Wait Time:       0.023 ms
	Total Operation Time:   229.890 ms
Unloading 86 unused Assets / (1.9 MB). Loaded Objects now: 6899.
Memory consumption went from 240.3 MB to 238.4 MB.
Total: 8.162600 ms (FindLiveObjects: 0.966600 ms CreateObjectMapping: 0.238000 ms MarkObjects: 6.232100 ms  DeleteObjects: 0.724900 ms)

Created GICache directory at C:/Users/sebas/AppData/LocalLow/Unity/Caches/GiCache. Took: 0.023s, timestamps: [29.729 - 29.753]
gi::BakeBackendSwitch: switching bake backend from 3 to 1.
Opening scene 'Assets/Scenes/menuprincipal.unity'
[PhysX] Initialized MultithreadedTaskDispatcher with 18 workers.
Unloading 66 Unused Serialized files (Serialized files now loaded: 0)
Loaded scene 'Assets/Scenes/menuprincipal.unity'
	Deserialize:            22.940 ms
	Integration:            250.499 ms
	Integration of assets:  1.961 ms
	Thread Wait Time:       0.378 ms
	Total Operation Time:   275.778 ms
Unloading 1414 unused Assets / (232.7 KB). Loaded Objects now: 7137.
Memory consumption went from 257.7 MB to 257.5 MB.
Total: 9.042000 ms (FindLiveObjects: 0.440600 ms CreateObjectMapping: 0.209500 ms MarkObjects: 7.374800 ms  DeleteObjects: 1.016400 ms)

Opening scene 'Assets/Scenes/Mapamundial.unity'
[PhysX] Initialized MultithreadedTaskDispatcher with 18 workers.
Unloading 11 Unused Serialized files (Serialized files now loaded: 0)
Loaded scene 'Assets/Scenes/Mapamundial.unity'
	Deserialize:            4.106 ms
	Integration:            195.427 ms
	Integration of assets:  0.396 ms
	Thread Wait Time:       0.021 ms
	Total Operation Time:   199.950 ms
Unloading 43 unused Assets / (244.2 KB). Loaded Objects now: 7017.
Memory consumption went from 249.0 MB to 248.7 MB.
Total: 5.801000 ms (FindLiveObjects: 0.398400 ms CreateObjectMapping: 0.135500 ms MarkObjects: 5.078700 ms  DeleteObjects: 0.187800 ms)

[00:00:00] Builtin Sky manager started.
[00:00:00] Finished 1 Bake Ambient Probe job (0.00s execute, 0.00s integrate, 0.01s wallclock)
Opening scene 'Assets/Scenes/cutscene_0.unity'
[PhysX] Initialized MultithreadedTaskDispatcher with 18 workers.
Unloading 14 Unused Serialized files (Serialized files now loaded: 0)
Loaded scene 'Assets/Scenes/cutscene_0.unity'
	Deserialize:            8.444 ms
	Integration:            261.446 ms
	Integration of assets:  0.870 ms
	Thread Wait Time:       0.485 ms
	Total Operation Time:   271.245 ms
Unloading 27 unused Assets / (0.7 MB). Loaded Objects now: 6992.
Memory consumption went from 246.8 MB to 246.1 MB.
Total: 6.170900 ms (FindLiveObjects: 0.424900 ms CreateObjectMapping: 0.137000 ms MarkObjects: 5.212600 ms  DeleteObjects: 0.395900 ms)

[00:00:00] Finished 1 Bake Ambient Probe job (0.00s execute, 0.00s integrate, 0.01s wallclock)
Opening scene 'Assets/Scenes/cutscene_1.unity'
[PhysX] Initialized MultithreadedTaskDispatcher with 18 workers.
Unloading 13 Unused Serialized files (Serialized files now loaded: 0)
Loaded scene 'Assets/Scenes/cutscene_1.unity'
	Deserialize:            5.650 ms
	Integration:            192.280 ms
	Integration of assets:  0.024 ms
	Thread Wait Time:       0.013 ms
	Total Operation Time:   197.967 ms
Unloading 4 unused Assets / (2.2 KB). Loaded Objects now: 6994.
Memory consumption went from 244.3 MB to 244.3 MB.
Total: 6.164200 ms (FindLiveObjects: 0.830500 ms CreateObjectMapping: 0.463900 ms MarkObjects: 4.829900 ms  DeleteObjects: 0.039000 ms)

Opening scene 'Assets/Scenes/cutscene_2.unity'
[PhysX] Initialized MultithreadedTaskDispatcher with 18 workers.
Unloading 4 Unused Serialized files (Serialized files now loaded: 0)
Loaded scene 'Assets/Scenes/cutscene_2.unity'
	Deserialize:            7.494 ms
	Integration:            185.947 ms
	Integration of assets:  0.027 ms
	Thread Wait Time:       0.141 ms
	Total Operation Time:   193.609 ms
Unloading 4 unused Assets / (2.2 KB). Loaded Objects now: 6995.
Memory consumption went from 244.3 MB to 244.3 MB.
Total: 7.662000 ms (FindLiveObjects: 0.382800 ms CreateObjectMapping: 0.127400 ms MarkObjects: 7.110400 ms  DeleteObjects: 0.040500 ms)

Opening scene 'Assets/Scenes/cutscene_3.unity'
[PhysX] Initialized MultithreadedTaskDispatcher with 18 workers.
Unloading 4 Unused Serialized files (Serialized files now loaded: 0)
Loaded scene 'Assets/Scenes/cutscene_3.unity'
	Deserialize:            4.654 ms
	Integration:            184.801 ms
	Integration of assets:  0.019 ms
	Thread Wait Time:       0.047 ms
	Total Operation Time:   189.520 ms
Unloading 4 unused Assets / (2.8 KB). Loaded Objects now: 6996.
Memory consumption went from 244.3 MB to 244.3 MB.
Total: 6.462300 ms (FindLiveObjects: 0.610000 ms CreateObjectMapping: 0.369600 ms MarkObjects: 5.438800 ms  DeleteObjects: 0.043000 ms)

Opening scene 'Assets/Scenes/cutscene_4.unity'
[PhysX] Initialized MultithreadedTaskDispatcher with 18 workers.
Unloading 4 Unused Serialized files (Serialized files now loaded: 0)
Loaded scene 'Assets/Scenes/cutscene_4.unity'
	Deserialize:            7.365 ms
	Integration:            184.676 ms
	Integration of assets:  0.025 ms
	Thread Wait Time:       0.015 ms
	Total Operation Time:   192.081 ms
Unloading 4 unused Assets / (2.2 KB). Loaded Objects now: 6997.
Memory consumption went from 244.3 MB to 244.3 MB.
Total: 6.216100 ms (FindLiveObjects: 0.356500 ms CreateObjectMapping: 0.101300 ms MarkObjects: 5.722500 ms  DeleteObjects: 0.035300 ms)

Opening scene 'Assets/Scenes/cutscene_5.unity'
[PhysX] Initialized MultithreadedTaskDispatcher with 18 workers.
Unloading 4 Unused Serialized files (Serialized files now loaded: 0)
Loaded scene 'Assets/Scenes/cutscene_5.unity'
	Deserialize:            8.372 ms
	Integration:            189.185 ms
	Integration of assets:  0.026 ms
	Thread Wait Time:       0.018 ms
	Total Operation Time:   197.601 ms
Unloading 4 unused Assets / (3.8 KB). Loaded Objects now: 6998.
Memory consumption went from 244.3 MB to 244.3 MB.
Total: 8.274900 ms (FindLiveObjects: 0.596700 ms CreateObjectMapping: 1.513300 ms MarkObjects: 6.118400 ms  DeleteObjects: 0.045700 ms)

Opening scene 'Assets/Scenes/cutscene_6_post_nivel6.unity'
[PhysX] Initialized MultithreadedTaskDispatcher with 18 workers.
Unloading 4 Unused Serialized files (Serialized files now loaded: 0)
Loaded scene 'Assets/Scenes/cutscene_6_post_nivel6.unity'
	Deserialize:            6.959 ms
	Integration:            179.944 ms
	Integration of assets:  0.030 ms
	Thread Wait Time:       0.267 ms
	Total Operation Time:   187.200 ms
Unloading 4 unused Assets / (2.2 KB). Loaded Objects now: 6999.
Memory consumption went from 244.4 MB to 244.4 MB.
Total: 7.695200 ms (FindLiveObjects: 0.571200 ms CreateObjectMapping: 0.215800 ms MarkObjects: 6.870700 ms  DeleteObjects: 0.036400 ms)

Opening scene 'Assets/Scenes/nivel1_colegio.unity'
[PhysX] Initialized MultithreadedTaskDispatcher with 18 workers.
Unloading 7 Unused Serialized files (Serialized files now loaded: 0)
Loaded scene 'Assets/Scenes/nivel1_colegio.unity'
	Deserialize:            28.184 ms
	Integration:            425.176 ms
	Integration of assets:  1.327 ms
	Thread Wait Time:       0.036 ms
	Total Operation Time:   454.724 ms
Unloading 27 unused Assets / (55.6 KB). Loaded Objects now: 9564.
Memory consumption went from 291.3 MB to 291.2 MB.
Total: 10.710800 ms (FindLiveObjects: 1.416800 ms CreateObjectMapping: 0.311400 ms MarkObjects: 8.816300 ms  DeleteObjects: 0.165800 ms)

Opening scene 'Assets/Scenes/nivel2_hipodromo.unity'
[PhysX] Initialized MultithreadedTaskDispatcher with 18 workers.
Unloading 317 Unused Serialized files (Serialized files now loaded: 0)
Loaded scene 'Assets/Scenes/nivel2_hipodromo.unity'
	Deserialize:            68.249 ms
	Integration:            599.161 ms
	Integration of assets:  0.014 ms
	Thread Wait Time:       0.082 ms
	Total Operation Time:   667.507 ms
Unloading 405 unused Assets / (0.9 MB). Loaded Objects now: 13387.
Memory consumption went from 330.4 MB to 329.4 MB.
Total: 11.907900 ms (FindLiveObjects: 0.938300 ms CreateObjectMapping: 0.346600 ms MarkObjects: 9.613900 ms  DeleteObjects: 1.008500 ms)

Opening scene 'Assets/Scenes/nivel3_mercado.unity'
[PhysX] Initialized MultithreadedTaskDispatcher with 18 workers.
Unloading 1636 Unused Serialized files (Serialized files now loaded: 0)
Asset 'enemigodiablo': Transition 'ataquediavloxdxd -> flyyyy' in state 'ataquediavloxdxd' doesn't have an Exit Time or any condition, transition will be ignored
UnityEngine.StackTraceUtility:ExtractStackTrace ()
UnityEditor.BuildPipeline:BuildPlayerInternal (string[],string,string,UnityEditor.BuildTargetGroup,UnityEditor.BuildTarget,int,UnityEditor.BuildOptions,string[])
UnityEditor.BuildPipeline:BuildPlayer (string[],string,string,UnityEditor.BuildTargetGroup,UnityEditor.BuildTarget,int,UnityEditor.BuildOptions,string[])
UnityEditor.BuildPipeline:BuildPlayer (UnityEditor.BuildPlayerOptions)
BuildPC:Construir () (at Assets/scripts/Editor/BuildPC.cs:40)

[Assets/scripts/Editor/BuildPC.cs line 40]

Loaded scene 'Assets/Scenes/nivel3_mercado.unity'
	Deserialize:            79.906 ms
	Integration:            595.971 ms
	Integration of assets:  0.017 ms
	Thread Wait Time:       0.116 ms
	Total Operation Time:   676.009 ms
Unloading 3283 unused Assets / (2.9 MB). Loaded Objects now: 12111.
Memory consumption went from 332.4 MB to 329.5 MB.
Total: 15.509800 ms (FindLiveObjects: 1.112000 ms CreateObjectMapping: 0.809000 ms MarkObjects: 7.928000 ms  DeleteObjects: 5.660100 ms)

Opening scene 'Assets/Scenes/nivel4_basurero.unity'
[PhysX] Initialized MultithreadedTaskDispatcher with 18 workers.
Unloading 1216 Unused Serialized files (Serialized files now loaded: 0)
Loaded scene 'Assets/Scenes/nivel4_basurero.unity'
	Deserialize:            40.387 ms
	Integration:            298.019 ms
	Integration of assets:  5.421 ms
	Thread Wait Time:       1.284 ms
	Total Operation Time:   345.111 ms
Unloading 2434 unused Assets / (2.4 MB). Loaded Objects now: 10359.
Memory consumption went from 328.8 MB to 326.4 MB.
Total: 12.779000 ms (FindLiveObjects: 0.828800 ms CreateObjectMapping: 0.366700 ms MarkObjects: 6.841200 ms  DeleteObjects: 4.741600 ms)

Opening scene 'Assets/Scenes/nivel5_subterraneo.unity'
[PhysX] Initialized MultithreadedTaskDispatcher with 18 workers.
Unloading 366 Unused Serialized files (Serialized files now loaded: 0)
Loaded scene 'Assets/Scenes/nivel5_subterraneo.unity'
	Deserialize:            63.086 ms
	Integration:            274.267 ms
	Integration of assets:  0.011 ms
	Thread Wait Time:       0.114 ms
	Total Operation Time:   337.478 ms
Unloading 755 unused Assets / (1.2 MB). Loaded Objects now: 10314.
Memory consumption went from 304.4 MB to 303.2 MB.
Total: 11.718900 ms (FindLiveObjects: 1.005900 ms CreateObjectMapping: 0.864500 ms MarkObjects: 8.077700 ms  DeleteObjects: 1.770000 ms)

Opening scene 'Assets/Scenes/nivel6_empresa.unity'
[PhysX] Initialized MultithreadedTaskDispatcher with 18 workers.
Unloading 246 Unused Serialized files (Serialized files now loaded: 0)
Loaded scene 'Assets/Scenes/nivel6_empresa.unity'
	Deserialize:            60.369 ms
	Integration:            428.385 ms
	Integration of assets:  0.012 ms
	Thread Wait Time:       0.083 ms
	Total Operation Time:   488.850 ms
Unloading 521 unused Assets / (1.0 MB). Loaded Objects now: 11798.
Memory consumption went from 311.7 MB to 310.7 MB.
Total: 13.375800 ms (FindLiveObjects: 1.096900 ms CreateObjectMapping: 0.278400 ms MarkObjects: 10.293900 ms  DeleteObjects: 1.706000 ms)

Opening scene 'Assets/Scenes/cutscene_soluciones.unity'
[PhysX] Initialized MultithreadedTaskDispatcher with 18 workers.
Unloading 882 Unused Serialized files (Serialized files now loaded: 0)
Loaded scene 'Assets/Scenes/cutscene_soluciones.unity'
	Deserialize:            14.967 ms
	Integration:            182.681 ms
	Integration of assets:  4.792 ms
	Thread Wait Time:       0.201 ms
	Total Operation Time:   202.641 ms
Unloading 2792 unused Assets / (2.8 MB). Loaded Objects now: 7012.
Memory consumption went from 319.1 MB to 316.3 MB.
Total: 13.068000 ms (FindLiveObjects: 1.115600 ms CreateObjectMapping: 0.232700 ms MarkObjects: 6.907700 ms  DeleteObjects: 4.811100 ms)

Opening scene 'Assets/Scenes/escena_final.unity'
[PhysX] Initialized MultithreadedTaskDispatcher with 18 workers.
Unloading 7 Unused Serialized files (Serialized files now loaded: 0)
Loaded scene 'Assets/Scenes/escena_final.unity'
	Deserialize:            1.642 ms
	Integration:            184.825 ms
	Integration of assets:  0.048 ms
	Thread Wait Time:       0.399 ms
	Total Operation Time:   186.914 ms
Unloading 48 unused Assets / (189.4 KB). Loaded Objects now: 6939.
Memory consumption went from 253.5 MB to 253.3 MB.
Total: 5.782300 ms (FindLiveObjects: 0.611900 ms CreateObjectMapping: 0.293100 ms MarkObjects: 4.610300 ms  DeleteObjects: 0.265700 ms)

Opening scene 'Assets/Scenes/creditos.unity'
[PhysX] Initialized MultithreadedTaskDispatcher with 18 workers.
Unloading 7 Unused Serialized files (Serialized files now loaded: 0)
Loaded scene 'Assets/Scenes/creditos.unity'
	Deserialize:            38.893 ms
	Integration:            182.030 ms
	Integration of assets:  3.059 ms
	Thread Wait Time:       0.633 ms
	Total Operation Time:   224.616 ms
Unloading 4 unused Assets / (2.6 KB). Loaded Objects now: 7026.
Memory consumption went from 251.6 MB to 251.6 MB.
Total: 5.630900 ms (FindLiveObjects: 0.487600 ms CreateObjectMapping: 0.204400 ms MarkObjects: 4.870400 ms  DeleteObjects: 0.067700 ms)

Opening scene 'Assets/Scenes/certificado.unity'
[PhysX] Initialized MultithreadedTaskDispatcher with 18 workers.
Unloading 14 Unused Serialized files (Serialized files now loaded: 0)
Loaded scene 'Assets/Scenes/certificado.unity'
	Deserialize:            17.173 ms
	Integration:            181.090 ms
	Integration of assets:  1.201 ms
	Thread Wait Time:       0.206 ms
	Total Operation Time:   199.670 ms
Unloading 13 unused Assets / (249.6 KB). Loaded Objects now: 7057.
Memory consumption went from 253.8 MB to 253.5 MB.
Total: 8.341400 ms (FindLiveObjects: 0.832800 ms CreateObjectMapping: 0.387000 ms MarkObjects: 6.978800 ms  DeleteObjects: 0.141800 ms)



Mono dependencies included in the build
Dependency assembly - Mono.Security.dll
Dependency assembly - Unity.Collections.dll
Dependency assembly - Unity.RenderPipelines.Universal.Shaders.dll
Dependency assembly - Unity.2D.SpriteShape.Runtime.dll
Dependency assembly - System.Configuration.dll
Dependency assembly - System.EnterpriseServices.dll
Dependency assembly - Unity.RenderPipelines.Core.Runtime.dll
Dependency assembly - Unity.RenderPipelines.ShaderGraph.ShaderGraphLibrary.dll
Dependency assembly - Unity.Mathematics.dll
Dependency assembly - System.Net.Http.dll
Dependency assembly - System.Numerics.dll
Dependency assembly - System.ComponentModel.Composition.dll
Dependency assembly - Assembly-CSharp.dll
Dependency assembly - Unity.InternalAPIEngineBridge.001.dll
Dependency assembly - netstandard.dll
Dependency assembly - Unity.2D.IK.Runtime.dll
Dependency assembly - Unity.Burst.dll
Dependency assembly - Unity.VisualScripting.State.dll
Dependency assembly - Unity.Burst.Unsafe.dll
Dependency assembly - Unity.RenderPipelines.Universal.Config.Runtime.dll
Dependency assembly - Unity.RenderPipelines.Core.ShaderLibrary.dll
Dependency assembly - Unity.VisualScripting.Core.dll
Dependency assembly - Unity.RenderPipeline.Universal.ShaderLibrary.dll
Dependency assembly - Unity.Timeline.dll
Dependency assembly - System.dll
Dependency assembly - Unity.2D.Animation.Runtime.dll
Dependency assembly - System.Runtime.Serialization.dll
Dependency assembly - System.Xml.dll
Dependency assembly - mscorlib.dll
Dependency assembly - System.Runtime.dll
Dependency assembly - Unity.TextMeshPro.dll
Dependency assembly - System.ServiceModel.Internals.dll
Dependency assembly - Cinemachine.dll
Dependency assembly - System.Transactions.dll
Dependency assembly - System.Xml.Linq.dll
Dependency assembly - Unity.RenderPipelines.Universal.2D.Internal.dll
Dependency assembly - Unity.2D.PixelPerfect.dll
Dependency assembly - System.Data.DataSetExtensions.dll
Dependency assembly - System.Drawing.dll
Dependency assembly - Unity.Collections.LowLevel.ILSupport.dll
Dependency assembly - Unity.2D.Common.Runtime.dll
Dependency assembly - Unity.VisualScripting.Antlr3.Runtime.dll
Dependency assembly - System.IO.Compression.dll
Dependency assembly - System.IO.Compression.FileSystem.dll
Dependency assembly - Unity.2D.Tilemap.Extras.dll
Dependency assembly - UnityEngine.UI.dll
Dependency assembly - Unity.RenderPipelines.Universal.Runtime.dll
Dependency assembly - System.Core.dll
Dependency assembly - System.Data.dll
Dependency assembly - Unity.VisualScripting.Flow.dll
Dependency assembly - System.Security.dll

[PhysX] Initialized MultithreadedTaskDispatcher with 18 workers.
Unloading 42 Unused Serialized files (Serialized files now loaded: 0)
Unloading 56 unused Assets / (230.8 KB). Loaded Objects now: 6916.
Memory consumption went from 251.2 MB to 251.0 MB.
Total: 6.227300 ms (FindLiveObjects: 0.640500 ms CreateObjectMapping: 0.270400 ms MarkObjects: 5.052800 ms  DeleteObjects: 0.262400 ms)

[EnlightenBakeManager] m_Clear = false;
Unloading 0 Unused Serialized files (Serialized files now loaded: 0)
Unloading 0 unused Assets / (14.4 KB). Loaded Objects now: 6916.
Memory consumption went from 250.4 MB to 250.4 MB.
Total: 5.234100 ms (FindLiveObjects: 0.335200 ms CreateObjectMapping: 0.112200 ms MarkObjects: 4.777600 ms  DeleteObjects: 0.008400 ms)

[PhysX] Initialized MultithreadedTaskDispatcher with 18 workers.
Unloading 1 Unused Serialized files (Serialized files now loaded: 0)
Unloading 165 unused Assets / (132.3 MB). Loaded Objects now: 6916.
Memory consumption went from 382.3 MB to 249.9 MB.
Total: 22.451800 ms (FindLiveObjects: 0.394300 ms CreateObjectMapping: 0.212900 ms MarkObjects: 5.206100 ms  DeleteObjects: 16.637700 ms)

Compiling shader "Hidden/Universal Render Pipeline/Sampling" pass "BoxDownsample" (vp)
    Full variant space:         1
    After settings filtering:   1
    After built-in stripping:   1
    After scriptable stripping: 1
    Processed in 0.75 seconds
    starting compilation...
    finished in 0.00 seconds. Local cache hits 1 (0.00s CPU time), remote cache hits 0 (0.00s CPU time), compiled 0 variants (0.00s CPU time), skipped 0 variants
    Prepared data for serialisation in 0.00s
Compiling shader "Hidden/Universal Render Pipeline/Sampling" pass "BoxDownsample" (fp)
    Full variant space:         1
    After settings filtering:   1
    After built-in stripping:   1
    After scriptable stripping: 1
    Processed in 0.00 seconds
    starting compilation...
    finished in 0.00 seconds. Local cache hits 1 (0.00s CPU time), remote cache hits 0 (0.00s CPU time), compiled 0 variants (0.00s CPU time), skipped 0 variants
    Prepared data for serialisation in 0.00s
Serialized binary data for shader Hidden/Universal Render Pipeline/Sampling in 0.00s
    d3d11 (total internal programs: 2, unique: 2)
Compiling shader "Hidden/Universal Render Pipeline/Stop NaN" pass "Stop NaN" (vp)
    Full variant space:         1
    After settings filtering:   1
    After built-in stripping:   1
    After scriptable stripping: 1
    Processed in 0.00 seconds
    starting compilation...
    finished in 0.00 seconds. Local cache hits 1 (0.00s CPU time), remote cache hits 0 (0.00s CPU time), compiled 0 variants (0.00s CPU time), skipped 0 variants
    Prepared data for serialisation in 0.00s
Compiling shader "Hidden/Universal Render Pipeline/Stop NaN" pass "Stop NaN" (fp)
    Full variant space:         1
    After settings filtering:   1
    After built-in stripping:   1
    After scriptable stripping: 1
    Processed in 0.00 seconds
    starting compilation...
    finished in 0.00 seconds. Local cache hits 1 (0.00s CPU time), remote cache hits 0 (0.00s CPU time), compiled 0 variants (0.00s CPU time), skipped 0 variants
    Prepared data for serialisation in 0.00s
Serialized binary data for shader Hidden/Universal Render Pipeline/Stop NaN in 0.00s
    d3d11 (total internal programs: 2, unique: 2)
Compiling shader "Hidden/Universal Render Pipeline/TemporalAA" pass "TemporalAA - Accumulate - Quality Very Low" (vp)
    Full variant space:         2
    After settings filtering:   2
    After built-in stripping:   2
    After scriptable stripping: 2
    Processed in 0.00 seconds
    starting compilation...
    finished in 0.00 seconds. Local cache hits 2 (0.00s CPU time), remote cache hits 0 (0.00s CPU time), compiled 0 variants (0.00s CPU time), skipped 0 variants
    Prepared data for serialisation in 0.00s
Compiling shader "Hidden/Universal Render Pipeline/TemporalAA" pass "TemporalAA - Accumulate - Quality Very Low" (fp)
    Full variant space:         2
    After settings filtering:   2
    After built-in stripping:   2
    After scriptable stripping: 2
    Processed in 0.00 seconds
    starting compilation...
    finished in 0.00 seconds. Local cache hits 2 (0.00s CPU time), remote cache hits 0 (0.00s CPU time), compiled 0 variants (0.00s CPU time), skipped 0 variants
    Prepared data for serialisation in 0.00s
Compiling shader "Hidden/Universal Render Pipeline/TemporalAA" pass "TemporalAA - Accumulate - Quality Low" (vp)
    Full variant space:         2
    After settings filtering:   2
    After built-in stripping:   2
    After scriptable stripping: 2
    Processed in 0.00 seconds
    starting compilation...
    finished in 0.00 seconds. Local cache hits 2 (0.00s CPU time), remote cache hits 0 (0.00s CPU time), compiled 0 variants (0.00s CPU time), skipped 0 variants
    Prepared data for serialisation in 0.00s
Compiling shader "Hidden/Universal Render Pipeline/TemporalAA" pass "TemporalAA - Accumulate - Quality Low" (fp)
    Full variant space:         2
    After settings filtering:   2
    After built-in stripping:   2
    After scriptable stripping: 2
    Processed in 0.00 seconds
    starting compilation...
    finished in 0.00 seconds. Local cache hits 2 (0.00s CPU time), remote cache hits 0 (0.00s CPU time), compiled 0 variants (0.00s CPU time), skipped 0 variants
    Prepared data for serialisation in 0.00s
Compiling shader "Hidden/Universal Render Pipeline/TemporalAA" pass "TemporalAA - Accumulate - Quality Medium" (vp)
    Full variant space:         2
    After settings filtering:   2
    After built-in stripping:   2
    After scriptable stripping: 2
    Processed in 0.00 seconds
    starting compilation...
    finished in 0.00 seconds. Local cache hits 2 (0.01s CPU time), remote cache hits 0 (0.00s CPU time), compiled 0 variants (0.00s CPU time), skipped 0 variants
    Prepared data for serialisation in 0.00s
Compiling shader "Hidden/Universal Render Pipeline/TemporalAA" pass "TemporalAA - Accumulate - Quality Medium" (fp)
    Full variant space:         2
    After settings filtering:   2
    After built-in stripping:   2
    After scriptable stripping: 2
    Processed in 0.00 seconds
    starting compilation...
    finished in 0.00 seconds. Local cache hits 2 (0.00s CPU time), remote cache hits 0 (0.00s CPU time), compiled 0 variants (0.00s CPU time), skipped 0 variants
    Prepared data for serialisation in 0.00s
Compiling shader "Hidden/Universal Render Pipeline/TemporalAA" pass "TemporalAA - Accumulate - Quality High" (vp)
    Full variant space:         2
    After settings filtering:   2
    After built-in stripping:   2
    After scriptable stripping: 2
    Processed in 0.00 seconds
    starting compilation...
    finished in 0.00 seconds. Local cache hits 2 (0.01s CPU time), remote cache hits 0 (0.00s CPU time), compiled 0 variants (0.00s CPU time), skipped 0 variants
    Prepared data for serialisation in 0.00s
Compiling shader "Hidden/Universal Render Pipeline/TemporalAA" pass "TemporalAA - Accumulate - Quality High" (fp)
    Full variant space:         2
    After settings filtering:   2
    After built-in stripping:   2
    After scriptable stripping: 2
    Processed in 0.00 seconds
    starting compilation...
    finished in 0.00 seconds. Local cache hits 2 (0.01s CPU time), remote cache hits 0 (0.00s CPU time), compiled 0 variants (0.00s CPU time), skipped 0 variants
    Prepared data for serialisation in 0.00s
Compiling shader "Hidden/Universal Render Pipeline/TemporalAA" pass "TemporalAA - Accumulate - Quality Very High" (vp)
    Full variant space:         2
    After settings filtering:   2
    After built-in stripping:   2
    After scriptable stripping: 2
    Processed in 0.00 seconds
    starting compilation...
    finished in 0.00 seconds. Local cache hits 2 (0.01s CPU time), remote cache hits 0 (0.00s CPU time), compiled 0 variants (0.00s CPU time), skipped 0 variants
    Prepared data for serialisation in 0.00s
Compiling shader "Hidden/Universal Render Pipeline/TemporalAA" pass "TemporalAA - Accumulate - Quality Very High" (fp)
    Full variant space:         4
    After settings filtering:   4
    After built-in stripping:   4
    After scriptable stripping: 4
    Processed in 0.00 seconds
    starting compilation...
    finished in 0.00 seconds. Local cache hits 4 (0.01s CPU time), remote cache hits 0 (0.00s CPU time), compiled 0 variants (0.00s CPU time), skipped 0 variants
    Prepared data for serialisation in 0.00s
Compiling shader "Hidden/Universal Render Pipeline/TemporalAA" pass "TemporalAA - Copy History" (vp)
    Full variant space:         2
    After settings filtering:   2
    After built-in stripping:   2
    After scriptable stripping: 2
    Processed in 0.00 seconds
    starting compilation...
    finished in 0.00 seconds. Local cache hits 2 (0.00s CPU time), remote cache hits 0 (0.00s CPU time), compiled 0 variants (0.00s CPU time), skipped 0 variants
    Prepared data for serialisation in 0.00s
Compiling shader "Hidden/Universal Render Pipeline/TemporalAA" pass "TemporalAA - Copy History" (fp)
    Full variant space:         2
    After settings filtering:   2
    After built-in stripping:   2
    After scriptable stripping: 2
    Processed in 0.00 seconds
    starting compilation...
    finished in 0.00 seconds. Local cache hits 2 (0.00s CPU time), remote cache hits 0 (0.00s CPU time), compiled 0 variants (0.00s CPU time), skipped 0 variants
    Prepared data for serialisation in 0.00s
Serialized binary data for shader Hidden/Universal Render Pipeline/TemporalAA in 0.00s
    d3d11 (total internal programs: 26, unique: 16)
Compiling shader "Hidden/Universal Render Pipeline/CameraMotionBlur" pass "Camera Motion Blur - Low Quality" (vp)
    Full variant space:         1
    After settings filtering:   1
    After built-in stripping:   1
    After scriptable stripping: 1
    Processed in 0.00 seconds
    starting compilation...
    finished in 0.00 seconds. Local cache hits 1 (0.00s CPU time), remote cache hits 0 (0.00s CPU time), compiled 0 variants (0.00s CPU time), skipped 0 variants
    Prepared data for serialisation in 0.00s
Compiling shader "Hidden/Universal Render Pipeline/CameraMotionBlur" pass "Camera Motion Blur - Low Quality" (fp)
    Full variant space:         1
    After settings filtering:   1
    After built-in stripping:   1
    After scriptable stripping: 1
    Processed in 0.00 seconds
    starting compilation...
    finished in 0.00 seconds. Local cache hits 1 (0.00s CPU time), remote cache hits 0 (0.00s CPU time), compiled 0 variants (0.00s CPU time), skipped 0 variants
    Prepared data for serialisation in 0.00s
Compiling shader "Hidden/Universal Render Pipeline/CameraMotionBlur" pass "Camera Motion Blur - Medium Quality" (vp)
    Full variant space:         1
    After settings filtering:   1
    After built-in stripping:   1
    After scriptable stripping: 1
    Processed in 0.00 seconds
    starting compilation...
    finished in 0.00 seconds. Local cache hits 1 (0.00s CPU time), remote cache hits 0 (0.00s CPU time), compiled 0 variants (0.00s CPU time), skipped 0 variants
    Prepared data for serialisation in 0.00s
Compiling shader "Hidden/Universal Render Pipeline/CameraMotionBlur" pass "Camera Motion Blur - Medium Quality" (fp)
    Full variant space:         1
    After settings filtering:   1
    After built-in stripping:   1
    After scriptable stripping: 1
    Processed in 0.00 seconds
    starting compilation...
    finished in 0.00 seconds. Local cache hits 1 (0.00s CPU time), remote cache hits 0 (0.00s CPU time), compiled 0 variants (0.00s CPU time), skipped 0 variants
    Prepared data for serialisation in 0.00s
Compiling shader "Hidden/Universal Render Pipeline/CameraMotionBlur" pass "Camera Motion Blur - High Quality" (vp)
    Full variant space:         1
    After settings filtering:   1
    After built-in stripping:   1
    After scriptable stripping: 1
    Processed in 0.00 seconds
    starting compilation...
    finished in 0.00 seconds. Local cache hits 1 (0.00s CPU time), remote cache hits 0 (0.00s CPU time), compiled 0 variants (0.00s CPU time), skipped 0 variants
    Prepared data for serialisation in 0.00s
Compiling shader "Hidden/Universal Render Pipeline/CameraMotionBlur" pass "Camera Motion Blur - High Quality" (fp)
    Full variant space:         1
    After settings filtering:   1
    After built-in stripping:   1
    After scriptable stripping: 1
    Processed in 0.00 seconds
    starting compilation...
    finished in 0.00 seconds. Local cache hits 1 (0.00s CPU time), remote cache hits 0 (0.00s CPU time), compiled 0 variants (0.00s CPU time), skipped 0 variants
    Prepared data for serialisation in 0.00s
Serialized binary data for shader Hidden/Universal Render Pipeline/CameraMotionBlur in 0.00s
    d3d11 (total internal programs: 6, unique: 4)
Compiling shader "Hidden/Universal Render Pipeline/BokehDepthOfField" pass "Bokeh Depth Of Field CoC" (vp)
    Full variant space:         1
    After settings filtering:   1
    After built-in stripping:   1
    After scriptable stripping: 1
    Processed in 0.00 seconds
    starting compilation...
    finished in 0.00 seconds. Local cache hits 1 (0.00s CPU time), remote cache hits 0 (0.00s CPU time), compiled 0 variants (0.00s CPU time), skipped 0 variants
    Prepared data for serialisation in 0.00s
Compiling shader "Hidden/Universal Render Pipeline/BokehDepthOfField" pass "Bokeh Depth Of Field CoC" (fp)
    Full variant space:         2
    After settings filtering:   1
    After built-in stripping:   1
    After scriptable stripping: 1
    Processed in 0.00 seconds
    starting compilation...
    finished in 0.00 seconds. Local cache hits 1 (0.00s CPU time), remote cache hits 0 (0.00s CPU time), compiled 0 variants (0.00s CPU time), skipped 0 variants
    Prepared data for serialisation in 0.00s
Compiling shader "Hidden/Universal Render Pipeline/BokehDepthOfField" pass "Bokeh Depth Of Field Prefilter" (vp)
    Full variant space:         1
    After settings filtering:   1
    After built-in stripping:   1
    After scriptable stripping: 1
    Processed in 0.00 seconds
    starting compilation...
    finished in 0.00 seconds. Local cache hits 1 (0.00s CPU time), remote cache hits 0 (0.00s CPU time), compiled 0 variants (0.00s CPU time), skipped 0 variants
    Prepared data for serialisation in 0.00s
Compiling shader "Hidden/Universal Render Pipeline/BokehDepthOfField" pass "Bokeh Depth Of Field Prefilter" (fp)
    Full variant space:         2
    After settings filtering:   1
    After built-in stripping:   1
    After scriptable stripping: 1
    Processed in 0.00 seconds
    starting compilation...
    finished in 0.00 seconds. Local cache hits 1 (0.00s CPU time), remote cache hits 0 (0.00s CPU time), compiled 0 variants (0.00s CPU time), skipped 0 variants
    Prepared data for serialisation in 0.00s
Compiling shader "Hidden/Universal Render Pipeline/BokehDepthOfField" pass "Bokeh Depth Of Field Blur" (vp)
    Full variant space:         1
    After settings filtering:   1
    After built-in stripping:   1
    After scriptable stripping: 1
    Processed in 0.00 seconds
    starting compilation...
    finished in 0.00 seconds. Local cache hits 1 (0.00s CPU time), remote cache hits 0 (0.00s CPU time), compiled 0 variants (0.00s CPU time), skipped 0 variants
    Prepared data for serialisation in 0.00s
Compiling shader "Hidden/Universal Render Pipeline/BokehDepthOfField" pass "Bokeh Depth Of Field Blur" (fp)
    Full variant space:         2
    After settings filtering:   1
    After built-in stripping:   1
    After scriptable stripping: 1
    Processed in 0.00 seconds
    starting compilation...
    finished in 0.00 seconds. Local cache hits 1 (0.00s CPU time), remote cache hits 0 (0.00s CPU time), compiled 0 variants (0.00s CPU time), skipped 0 variants
    Prepared data for serialisation in 0.00s
Compiling shader "Hidden/Universal Render Pipeline/BokehDepthOfField" pass "Bokeh Depth Of Field Post Blur" (vp)
    Full variant space:         1
    After settings filtering:   1
    After built-in stripping:   1
    After scriptable stripping: 1
    Processed in 0.00 seconds
    starting compilation...
    finished in 0.00 seconds. Local cache hits 1 (0.00s CPU time), remote cache hits 0 (0.00s CPU time), compiled 0 variants (0.00s CPU time), skipped 0 variants
    Prepared data for serialisation in 0.00s
Compiling shader "Hidden/Universal Render Pipeline/BokehDepthOfField" pass "Bokeh Depth Of Field Post Blur" (fp)
    Full variant space:         2
    After settings filtering:   1
    After built-in stripping:   1
    After scriptable stripping: 1
    Processed in 0.00 seconds
    starting compilation...
    finished in 0.00 seconds. Local cache hits 1 (0.00s CPU time), remote cache hits 0 (0.00s CPU time), compiled 0 variants (0.00s CPU time), skipped 0 variants
    Prepared data for serialisation in 0.00s
Compiling shader "Hidden/Universal Render Pipeline/BokehDepthOfField" pass "Bokeh Depth Of Field Composite" (vp)
    Full variant space:         1
    After settings filtering:   1
    After built-in stripping:   1
    After scriptable stripping: 1
    Processed in 0.00 seconds
    starting compilation...
    finished in 0.00 seconds. Local cache hits 1 (0.00s CPU time), remote cache hits 0 (0.00s CPU time), compiled 0 variants (0.00s CPU time), skipped 0 variants
    Prepared data for serialisation in 0.00s
Compiling shader "Hidden/Universal Render Pipeline/BokehDepthOfField" pass "Bokeh Depth Of Field Composite" (fp)
    Full variant space:         2
    After settings filtering:   1
    After built-in stripping:   1
    After scriptable stripping: 1
    Processed in 0.00 seconds
    starting compilation...
    finished in 0.00 seconds. Local cache hits 1 (0.00s CPU time), remote cache hits 0 (0.00s CPU time), compiled 0 variants (0.00s CPU time), skipped 0 variants
    Prepared data for serialisation in 0.00s
Compiling shader "Hidden/Universal Render Pipeline/BokehDepthOfField" pass "Bokeh Depth Of Field CoC" (vp)
    Full variant space:         1
    After settings filtering:   1
    After built-in stripping:   1
    After scriptable stripping: 1
    Processed in 0.00 seconds
    starting compilation...
    finished in 0.00 seconds. Local cache hits 1 (0.00s CPU time), remote cache hits 0 (0.00s CPU time), compiled 0 variants (0.00s CPU time), skipped 0 variants
    Prepared data for serialisation in 0.00s
Compiling shader "Hidden/Universal Render Pipeline/BokehDepthOfField" pass "Bokeh Depth Of Field CoC" (fp)
    Full variant space:         2
    After settings filtering:   1
    After built-in stripping:   1
    After scriptable stripping: 1
    Processed in 0.00 seconds
    starting compilation...
    finished in 0.00 seconds. Local cache hits 1 (0.00s CPU time), remote cache hits 0 (0.00s CPU time), compiled 0 variants (0.00s CPU time), skipped 0 variants
    Prepared data for serialisation in 0.00s
Compiling shader "Hidden/Universal Render Pipeline/BokehDepthOfField" pass "Bokeh Depth Of Field Prefilter" (vp)
    Full variant space:         1
    After settings filtering:   1
    After built-in stripping:   1
    After scriptable stripping: 1
    Processed in 0.00 seconds
    starting compilation...
    finished in 0.00 seconds. Local cache hits 1 (0.00s CPU time), remote cache hits 0 (0.00s CPU time), compiled 0 variants (0.00s CPU time), skipped 0 variants
    Prepared data for serialisation in 0.00s
Compiling shader "Hidden/Universal Render Pipeline/BokehDepthOfField" pass "Bokeh Depth Of Field Prefilter" (fp)
    Full variant space:         2
    After settings filtering:   1
    After built-in stripping:   1
    After scriptable stripping: 1
    Processed in 0.00 seconds
    starting compilation...
    finished in 0.00 seconds. Local cache hits 1 (0.00s CPU time), remote cache hits 0 (0.00s CPU time), compiled 0 variants (0.00s CPU time), skipped 0 variants
    Prepared data for serialisation in 0.00s
Compiling shader "Hidden/Universal Render Pipeline/BokehDepthOfField" pass "Bokeh Depth Of Field Blur" (vp)
    Full variant space:         1
    After settings filtering:   1
    After built-in stripping:   1
    After scriptable stripping: 1
    Processed in 0.00 seconds
    starting compilation...
    finished in 0.00 seconds. Local cache hits 1 (0.00s CPU time), remote cache hits 0 (0.00s CPU time), compiled 0 variants (0.00s CPU time), skipped 0 variants
    Prepared data for serialisation in 0.00s
Compiling shader "Hidden/Universal Render Pipeline/BokehDepthOfField" pass "Bokeh Depth Of Field Blur" (fp)
    Full variant space:         2
    After settings filtering:   1
    After built-in stripping:   1
    After scriptable stripping: 1
    Processed in 0.00 seconds
    starting compilation...
    finished in 0.00 seconds. Local cache hits 1 (0.00s CPU time), remote cache hits 0 (0.00s CPU time), compiled 0 variants (0.00s CPU time), skipped 0 variants
    Prepared data for serialisation in 0.00s
Compiling shader "Hidden/Universal Render Pipeline/BokehDepthOfField" pass "Bokeh Depth Of Field Post Blur" (vp)
    Full variant space:         1
    After settings filtering:   1
    After built-in stripping:   1
    After scriptable stripping: 1
    Processed in 0.00 seconds
    starting compilation...
    finished in 0.00 seconds. Local cache hits 1 (0.00s CPU time), remote cache hits 0 (0.00s CPU time), compiled 0 variants (0.00s CPU time), skipped 0 variants
    Prepared data for serialisation in 0.00s
Compiling shader "Hidden/Universal Render Pipeline/BokehDepthOfField" pass "Bokeh Depth Of Field Post Blur" (fp)
    Full variant space:         2
    After settings filtering:   1
    After built-in stripping:   1
    After scriptable stripping: 1
    Processed in 0.00 seconds
    starting compilation...
    finished in 0.00 seconds. Local cache hits 1 (0.00s CPU time), remote cache hits 0 (0.00s CPU time), compiled 0 variants (0.00s CPU time), skipped 0 variants
    Prepared data for serialisation in 0.00s
Compiling shader "Hidden/Universal Render Pipeline/BokehDepthOfField" pass "Bokeh Depth Of Field Composite" (vp)
    Full variant space:         1
    After settings filtering:   1
    After built-in stripping:   1
    After scriptable stripping: 1
    Processed in 0.00 seconds
    starting compilation...
    finished in 0.00 seconds. Local cache hits 1 (0.00s CPU time), remote cache hits 0 (0.00s CPU time), compiled 0 variants (0.00s CPU time), skipped 0 variants
    Prepared data for serialisation in 0.00s
Compiling shader "Hidden/Universal Render Pipeline/BokehDepthOfField" pass "Bokeh Depth Of Field Composite" (fp)
    Full variant space:         2
    After settings filtering:   1
    After built-in stripping:   1
    After scriptable stripping: 1
    Processed in 0.00 seconds
    starting compilation...
    finished in 0.00 seconds. Local cache hits 1 (0.00s CPU time), remote cache hits 0 (0.00s CPU time), compiled 0 variants (0.00s CPU time), skipped 0 variants
    Prepared data for serialisation in 0.00s
Serialized binary data for shader Hidden/Universal Render Pipeline/BokehDepthOfField in 0.00s
    d3d11 (total internal programs: 20, unique: 12)
Compiling shader "Hidden/Core/FallbackError" pass "" (vp)
    Full variant space:         4
    After settings filtering:   4
    After built-in stripping:   1
    After scriptable stripping: 1
    Processed in 0.00 seconds
    starting compilation...
    finished in 0.00 seconds. Local cache hits 1 (0.00s CPU time), remote cache hits 0 (0.00s CPU time), compiled 0 variants (0.00s CPU time), skipped 0 variants
    Prepared data for serialisation in 0.00s
Compiling shader "Hidden/Core/FallbackError" pass "" (fp)
    Full variant space:         4
    After settings filtering:   4
    After built-in stripping:   1
    After scriptable stripping: 1
    Processed in 0.00 seconds
    starting compilation...
    finished in 0.00 seconds. Local cache hits 1 (0.00s CPU time), remote cache hits 0 (0.00s CPU time), compiled 0 variants (0.00s CPU time), skipped 0 variants
    Prepared data for serialisation in 0.00s
Serialized binary data for shader Hidden/Core/FallbackError in 0.00s
    d3d11 (total internal programs: 2, unique: 2)
Compiling shader "Hidden/Shadow2DShadowSprite" pass "" (vp)
    Full variant space:         1
    After settings filtering:   1
    After built-in stripping:   1
    After scriptable stripping: 1
    Processed in 0.00 seconds
    starting compilation...
    finished in 0.00 seconds. Local cache hits 1 (0.00s CPU time), remote cache hits 0 (0.00s CPU time), compiled 0 variants (0.00s CPU time), skipped 0 variants
    Prepared data for serialisation in 0.00s
Compiling shader "Hidden/Shadow2DShadowSprite" pass "" (fp)
    Full variant space:         1
    After settings filtering:   1
    After built-in stripping:   1
    After scriptable stripping: 1
    Processed in 0.00 seconds
    starting compilation...
    finished in 0.00 seconds. Local cache hits 1 (0.00s CPU time), remote cache hits 0 (0.00s CPU time), compiled 0 variants (0.00s CPU time), skipped 0 variants
    Prepared data for serialisation in 0.00s
Serialized binary data for shader Hidden/Shadow2DShadowSprite in 0.00s
    d3d11 (total internal programs: 2, unique: 2)
Compiling shader "Hidden/Universal Render Pipeline/Edge Adaptive Spatial Upsampling" pass "EASU" (vp)
    Full variant space:         1
    After settings filtering:   1
    After built-in stripping:   1
    After scriptable stripping: 1
    Processed in 0.00 seconds
    starting compilation...
    finished in 0.00 seconds. Local cache hits 1 (0.00s CPU time), remote cache hits 0 (0.00s CPU time), compiled 0 variants (0.00s CPU time), skipped 0 variants
    Prepared data for serialisation in 0.00s
Compiling shader "Hidden/Universal Render Pipeline/Edge Adaptive Spatial Upsampling" pass "EASU" (fp)
    Full variant space:         1
    After settings filtering:   1
    After built-in stripping:   1
    After scriptable stripping: 1
    Processed in 0.00 seconds
    starting compilation...
    finished in 0.00 seconds. Local cache hits 1 (0.00s CPU time), remote cache hits 0 (0.00s CPU time), compiled 0 variants (0.00s CPU time), skipped 0 variants
    Prepared data for serialisation in 0.00s
Serialized binary data for shader Hidden/Universal Render Pipeline/Edge Adaptive Spatial Upsampling in 0.00s
    d3d11 (total internal programs: 2, unique: 2)
Compiling shader "Hidden/Universal/HDRDebugView" pass "" (vp)
    Full variant space:         1
    After settings filtering:   1
    After built-in stripping:   1
    After scriptable stripping: 1
    Processed in 0.00 seconds
    starting compilation...
    finished in 0.00 seconds. Local cache hits 1 (0.00s CPU time), remote cache hits 0 (0.00s CPU time), compiled 0 variants (0.00s CPU time), skipped 0 variants
    Prepared data for serialisation in 0.00s
Compiling shader "Hidden/Universal/HDRDebugView" pass "" (fp)
    Full variant space:         4
    After settings filtering:   1
    After built-in stripping:   1
    After scriptable stripping: 1
    Processed in 0.00 seconds
    starting compilation...
    finished in 0.00 seconds. Local cache hits 1 (0.00s CPU time), remote cache hits 0 (0.00s CPU time), compiled 0 variants (0.00s CPU time), skipped 0 variants
    Prepared data for serialisation in 0.00s
Compiling shader "Hidden/Universal/HDRDebugView" pass "" (vp)
    Full variant space:         1
    After settings filtering:   1
    After built-in stripping:   1
    After scriptable stripping: 1
    Processed in 0.00 seconds
    starting compilation...
    finished in 0.00 seconds. Local cache hits 1 (0.00s CPU time), remote cache hits 0 (0.00s CPU time), compiled 0 variants (0.00s CPU time), skipped 0 variants
    Prepared data for serialisation in 0.00s
Compiling shader "Hidden/Universal/HDRDebugView" pass "" (fp)
    Full variant space:         4
    After settings filtering:   1
    After built-in stripping:   1
    After scriptable stripping: 1
    Processed in 0.00 seconds
    starting compilation...
    finished in 0.00 seconds. Local cache hits 1 (0.00s CPU time), remote cache hits 0 (0.00s CPU time), compiled 0 variants (0.00s CPU time), skipped 0 variants
    Prepared data for serialisation in 0.00s
Serialized binary data for shader Hidden/Universal/HDRDebugView in 0.00s
    d3d11 (total internal programs: 4, unique: 3)
Compiling shader "Hidden/Universal Render Pipeline/GaussianDepthOfField" pass "Gaussian Depth Of Field CoC" (vp)
    Full variant space:         1
    After settings filtering:   1
    After built-in stripping:   1
    After scriptable stripping: 1
    Processed in 0.00 seconds
    starting compilation...
    finished in 0.00 seconds. Local cache hits 1 (0.00s CPU time), remote cache hits 0 (0.00s CPU time), compiled 0 variants (0.00s CPU time), skipped 0 variants
    Prepared data for serialisation in 0.00s
Compiling shader "Hidden/Universal Render Pipeline/GaussianDepthOfField" pass "Gaussian Depth Of Field CoC" (fp)
    Full variant space:         1
    After settings filtering:   1
    After built-in stripping:   1
    After scriptable stripping: 1
    Processed in 0.00 seconds
    starting compilation...
    finished in 0.00 seconds. Local cache hits 1 (0.00s CPU time), remote cache hits 0 (0.00s CPU time), compiled 0 variants (0.00s CPU time), skipped 0 variants
    Prepared data for serialisation in 0.00s
Compiling shader "Hidden/Universal Render Pipeline/GaussianDepthOfField" pass "Gaussian Depth Of Field Prefilter" (vp)
    Full variant space:         2
    After settings filtering:   2
    After built-in stripping:   2
    After scriptable stripping: 2
    Processed in 0.00 seconds
    starting compilation...
    finished in 0.00 seconds. Local cache hits 2 (0.00s CPU time), remote cache hits 0 (0.00s CPU time), compiled 0 variants (0.00s CPU time), skipped 0 variants
    Prepared data for serialisation in 0.00s
Compiling shader "Hidden/Universal Render Pipeline/GaussianDepthOfField" pass "Gaussian Depth Of Field Prefilter" (fp)
    Full variant space:         2
    After settings filtering:   2
    After built-in stripping:   2
    After scriptable stripping: 2
    Processed in 0.00 seconds
    starting compilation...
    finished in 0.00 seconds. Local cache hits 2 (0.00s CPU time), remote cache hits 0 (0.00s CPU time), compiled 0 variants (0.00s CPU time), skipped 0 variants
    Prepared data for serialisation in 0.00s
Compiling shader "Hidden/Universal Render Pipeline/GaussianDepthOfField" pass "Gaussian Depth Of Field Blur Horizontal" (vp)
    Full variant space:         1
    After settings filtering:   1
    After built-in stripping:   1
    After scriptable stripping: 1
    Processed in 0.00 seconds
    starting compilation...
    finished in 0.00 seconds. Local cache hits 1 (0.00s CPU time), remote cache hits 0 (0.00s CPU time), compiled 0 variants (0.00s CPU time), skipped 0 variants
    Prepared data for serialisation in 0.00s
Compiling shader "Hidden/Universal Render Pipeline/GaussianDepthOfField" pass "Gaussian Depth Of Field Blur Horizontal" (fp)
    Full variant space:         1
    After settings filtering:   1
    After built-in stripping:   1
    After scriptable stripping: 1
    Processed in 0.00 seconds
    starting compilation...
    finished in 0.00 seconds. Local cache hits 1 (0.00s CPU time), remote cache hits 0 (0.00s CPU time), compiled 0 variants (0.00s CPU time), skipped 0 variants
    Prepared data for serialisation in 0.00s
Compiling shader "Hidden/Universal Render Pipeline/GaussianDepthOfField" pass "Gaussian Depth Of Field Blur Vertical" (vp)
    Full variant space:         1
    After settings filtering:   1
    After built-in stripping:   1
    After scriptable stripping: 1
    Processed in 0.00 seconds
    starting compilation...
    finished in 0.00 seconds. Local cache hits 1 (0.00s CPU time), remote cache hits 0 (0.00s CPU time), compiled 0 variants (0.00s CPU time), skipped 0 variants
    Prepared data for serialisation in 0.00s
Compiling shader "Hidden/Universal Render Pipeline/GaussianDepthOfField" pass "Gaussian Depth Of Field Blur Vertical" (fp)
    Full variant space:         1
    After settings filtering:   1
    After built-in stripping:   1
    After scriptable stripping: 1
    Processed in 0.00 seconds
    starting compilation...
    finished in 0.00 seconds. Local cache hits 1 (0.00s CPU time), remote cache hits 0 (0.00s CPU time), compiled 0 variants (0.00s CPU time), skipped 0 variants
    Prepared data for serialisation in 0.00s
Compiling shader "Hidden/Universal Render Pipeline/GaussianDepthOfField" pass "Gaussian Depth Of Field Composite" (vp)
    Full variant space:         2
    After settings filtering:   2
    After built-in stripping:   2
    After scriptable stripping: 2
    Processed in 0.00 seconds
    starting compilation...
    finished in 0.00 seconds. Local cache hits 2 (0.00s CPU time), remote cache hits 0 (0.00s CPU time), compiled 0 variants (0.00s CPU time), skipped 0 variants
    Prepared data for serialisation in 0.00s
Compiling shader "Hidden/Universal Render Pipeline/GaussianDepthOfField" pass "Gaussian Depth Of Field Composite" (fp)
    Full variant space:         2
    After settings filtering:   2
    After built-in stripping:   2
    After scriptable stripping: 2
    Processed in 0.00 seconds
    starting compilation...
    finished in 0.00 seconds. Local cache hits 2 (0.00s CPU time), remote cache hits 0 (0.00s CPU time), compiled 0 variants (0.00s CPU time), skipped 0 variants
    Prepared data for serialisation in 0.00s
Serialized binary data for shader Hidden/Universal Render Pipeline/GaussianDepthOfField in 0.00s
    d3d11 (total internal programs: 14, unique: 9)
Compiling shader "Hidden/Universal Render Pipeline/Bloom" pass "Bloom Prefilter" (vp)
    Full variant space:         4
    After settings filtering:   4
    After built-in stripping:   4
    After scriptable stripping: 4
    Processed in 0.00 seconds
    starting compilation...
    finished in 0.00 seconds. Local cache hits 4 (0.01s CPU time), remote cache hits 0 (0.00s CPU time), compiled 0 variants (0.00s CPU time), skipped 0 variants
    Prepared data for serialisation in 0.00s
Compiling shader "Hidden/Universal Render Pipeline/Bloom" pass "Bloom Prefilter" (fp)
    Full variant space:         4
    After settings filtering:   4
    After built-in stripping:   4
    After scriptable stripping: 4
    Processed in 0.00 seconds
    starting compilation...
    finished in 0.00 seconds. Local cache hits 4 (0.00s CPU time), remote cache hits 0 (0.00s CPU time), compiled 0 variants (0.00s CPU time), skipped 0 variants
    Prepared data for serialisation in 0.00s
Compiling shader "Hidden/Universal Render Pipeline/Bloom" pass "Bloom Blur Horizontal" (vp)
    Full variant space:         2
    After settings filtering:   2
    After built-in stripping:   2
    After scriptable stripping: 2
    Processed in 0.00 seconds
    starting compilation...
    finished in 0.03 seconds. Local cache hits 2 (0.05s CPU time), remote cache hits 0 (0.00s CPU time), compiled 0 variants (0.00s CPU time), skipped 0 variants
    Prepared data for serialisation in 0.00s
Compiling shader "Hidden/Universal Render Pipeline/Bloom" pass "Bloom Blur Horizontal" (fp)
    Full variant space:         2
    After settings filtering:   2
    After built-in stripping:   2
    After scriptable stripping: 2
    Processed in 0.00 seconds
    starting compilation...
    finished in 0.00 seconds. Local cache hits 2 (0.01s CPU time), remote cache hits 0 (0.00s CPU time), compiled 0 variants (0.00s CPU time), skipped 0 variants
    Prepared data for serialisation in 0.00s
Compiling shader "Hidden/Universal Render Pipeline/Bloom" pass "Bloom Blur Vertical" (vp)
    Full variant space:         2
    After settings filtering:   2
    After built-in stripping:   2
    After scriptable stripping: 2
    Processed in 0.00 seconds
    starting compilation...
    finished in 0.01 seconds. Local cache hits 2 (0.01s CPU time), remote cache hits 0 (0.00s CPU time), compiled 0 variants (0.00s CPU time), skipped 0 variants
    Prepared data for serialisation in 0.00s
Compiling shader "Hidden/Universal Render Pipeline/Bloom" pass "Bloom Blur Vertical" (fp)
    Full variant space:         2
    After settings filtering:   2
    After built-in stripping:   2
    After scriptable stripping: 2
    Processed in 0.00 seconds
    starting compilation...
    finished in 0.00 seconds. Local cache hits 2 (0.00s CPU time), remote cache hits 0 (0.00s CPU time), compiled 0 variants (0.00s CPU time), skipped 0 variants
    Prepared data for serialisation in 0.00s
Compiling shader "Hidden/Universal Render Pipeline/Bloom" pass "Bloom Upsample" (vp)
    Full variant space:         4
    After settings filtering:   4
    After built-in stripping:   4
    After scriptable stripping: 4
    Processed in 0.00 seconds
    starting compilation...
    finished in 0.00 seconds. Local cache hits 4 (0.00s CPU time), remote cache hits 0 (0.00s CPU time), compiled 0 variants (0.00s CPU time), skipped 0 variants
    Prepared data for serialisation in 0.00s
Compiling shader "Hidden/Universal Render Pipeline/Bloom" pass "Bloom Upsample" (fp)
    Full variant space:         4
    After settings filtering:   4
    After built-in stripping:   4
    After scriptable stripping: 4
    Processed in 0.00 seconds
    starting compilation...
    finished in 0.00 seconds. Local cache hits 4 (0.00s CPU time), remote cache hits 0 (0.00s CPU time), compiled 0 variants (0.00s CPU time), skipped 0 variants
    Prepared data for serialisation in 0.00s
Serialized binary data for shader Hidden/Universal Render Pipeline/Bloom in 0.00s
    d3d11 (total internal programs: 24, unique: 16)
Compiling shader "Hidden/Universal Render Pipeline/SubpixelMorphologicalAntialiasing" pass "" (vp)
    Full variant space:         3
    After settings filtering:   3
    After built-in stripping:   3
    After scriptable stripping: 3
    Processed in 0.00 seconds
    starting compilation...
    finished in 0.00 seconds. Local cache hits 3 (0.00s CPU time), remote cache hits 0 (0.00s CPU time), compiled 0 variants (0.00s CPU time), skipped 0 variants
    Prepared data for serialisation in 0.00s
Compiling shader "Hidden/Universal Render Pipeline/SubpixelMorphologicalAntialiasing" pass "" (fp)
    Full variant space:         3
    After settings filtering:   3
    After built-in stripping:   3
    After scriptable stripping: 3
    Processed in 0.00 seconds
    starting compilation...
    finished in 0.00 seconds. Local cache hits 3 (0.00s CPU time), remote cache hits 0 (0.00s CPU time), compiled 0 variants (0.00s CPU time), skipped 0 variants
    Prepared data for serialisation in 0.00s
Compiling shader "Hidden/Universal Render Pipeline/SubpixelMorphologicalAntialiasing" pass "" (vp)
    Full variant space:         3
    After settings filtering:   3
    After built-in stripping:   3
    After scriptable stripping: 3
    Processed in 0.00 seconds
    starting compilation...
    finished in 0.00 seconds. Local cache hits 3 (0.00s CPU time), remote cache hits 0 (0.00s CPU time), compiled 0 variants (0.00s CPU time), skipped 0 variants
    Prepared data for serialisation in 0.00s
Compiling shader "Hidden/Universal Render Pipeline/SubpixelMorphologicalAntialiasing" pass "" (fp)
    Full variant space:         3
    After settings filtering:   3
    After built-in stripping:   3
    After scriptable stripping: 3
    Processed in 0.00 seconds
    starting compilation...
    finished in 0.00 seconds. Local cache hits 3 (0.00s CPU time), remote cache hits 0 (0.00s CPU time), compiled 0 variants (0.00s CPU time), skipped 0 variants
    Prepared data for serialisation in 0.00s
Compiling shader "Hidden/Universal Render Pipeline/SubpixelMorphologicalAntialiasing" pass "" (vp)
    Full variant space:         3
    After settings filtering:   3
    After built-in stripping:   3
    After scriptable stripping: 3
    Processed in 0.00 seconds
    starting compilation...
    finished in 0.07 seconds. Local cache hits 3 (0.21s CPU time), remote cache hits 0 (0.00s CPU time), compiled 0 variants (0.00s CPU time), skipped 0 variants
    Prepared data for serialisation in 0.00s
Compiling shader "Hidden/Universal Render Pipeline/SubpixelMorphologicalAntialiasing" pass "" (fp)
    Full variant space:         3
    After settings filtering:   3
    After built-in stripping:   3
    After scriptable stripping: 3
    Processed in 0.00 seconds
    starting compilation...
    finished in 0.00 seconds. Local cache hits 3 (0.00s CPU time), remote cache hits 0 (0.00s CPU time), compiled 0 variants (0.00s CPU time), skipped 0 variants
    Prepared data for serialisation in 0.00s
Serialized binary data for shader Hidden/Universal Render Pipeline/SubpixelMorphologicalAntialiasing in 0.00s
    d3d11 (total internal programs: 18, unique: 18)
Compiling shader "Hidden/Universal Render Pipeline/LutBuilderLdr" pass "LutBuilderLdr" (vp)
    Full variant space:         1
    After settings filtering:   1
    After built-in stripping:   1
    After scriptable stripping: 1
    Processed in 0.00 seconds
    starting compilation...
    finished in 0.00 seconds. Local cache hits 1 (0.00s CPU time), remote cache hits 0 (0.00s CPU time), compiled 0 variants (0.00s CPU time), skipped 0 variants
    Prepared data for serialisation in 0.00s
Compiling shader "Hidden/Universal Render Pipeline/LutBuilderLdr" pass "LutBuilderLdr" (fp)
    Full variant space:         1
    After settings filtering:   1
    After built-in stripping:   1
    After scriptable stripping: 1
    Processed in 0.00 seconds
    starting compilation...
    finished in 0.03 seconds. Local cache hits 1 (0.03s CPU time), remote cache hits 0 (0.00s CPU time), compiled 0 variants (0.00s CPU time), skipped 0 variants
    Prepared data for serialisation in 0.00s
Serialized binary data for shader Hidden/Universal Render Pipeline/LutBuilderLdr in 0.00s
    d3d11 (total internal programs: 2, unique: 2)
Compiling shader "Hidden/Universal Render Pipeline/LensFlareDataDriven" pass "LensFlareAdditive" (vp)
    Full variant space:         4
    After settings filtering:   4
    After built-in stripping:   4
    After scriptable stripping: 4
    Processed in 0.00 seconds
    starting compilation...
    finished in 0.00 seconds. Local cache hits 4 (0.00s CPU time), remote cache hits 0 (0.00s CPU time), compiled 0 variants (0.00s CPU time), skipped 0 variants
    Prepared data for serialisation in 0.00s
Compiling shader "Hidden/Universal Render Pipeline/LensFlareDataDriven" pass "LensFlareAdditive" (fp)
    Full variant space:         12
    After settings filtering:   12
    After built-in stripping:   12
    After scriptable stripping: 12
    Processed in 0.00 seconds
    starting compilation...
    finished in 0.00 seconds. Local cache hits 12 (0.03s CPU time), remote cache hits 0 (0.00s CPU time), compiled 0 variants (0.00s CPU time), skipped 0 variants
    Prepared data for serialisation in 0.00s
Compiling shader "Hidden/Universal Render Pipeline/LensFlareDataDriven" pass "LensFlareScreen" (vp)
    Full variant space:         4
    After settings filtering:   4
    After built-in stripping:   4
    After scriptable stripping: 4
    Processed in 0.00 seconds
    starting compilation...
    finished in 0.00 seconds. Local cache hits 4 (0.01s CPU time), remote cache hits 0 (0.00s CPU time), compiled 0 variants (0.00s CPU time), skipped 0 variants
    Prepared data for serialisation in 0.00s
Compiling shader "Hidden/Universal Render Pipeline/LensFlareDataDriven" pass "LensFlareScreen" (fp)
    Full variant space:         12
    After settings filtering:   12
    After built-in stripping:   12
    After scriptable stripping: 12
    Processed in 0.00 seconds
    starting compilation...
    finished in 0.00 seconds. Local cache hits 12 (0.02s CPU time), remote cache hits 0 (0.00s CPU time), compiled 0 variants (0.00s CPU time), skipped 0 variants
    Prepared data for serialisation in 0.00s
Compiling shader "Hidden/Universal Render Pipeline/LensFlareDataDriven" pass "LensFlarePremultiply" (vp)
    Full variant space:         4
    After settings filtering:   4
    After built-in stripping:   4
    After scriptable stripping: 4
    Processed in 0.00 seconds
    starting compilation...
    finished in 0.00 seconds. Local cache hits 4 (0.00s CPU time), remote cache hits 0 (0.00s CPU time), compiled 0 variants (0.00s CPU time), skipped 0 variants
    Prepared data for serialisation in 0.00s
Compiling shader "Hidden/Universal Render Pipeline/LensFlareDataDriven" pass "LensFlarePremultiply" (fp)
    Full variant space:         12
    After settings filtering:   12
    After built-in stripping:   12
    After scriptable stripping: 12
    Processed in 0.00 seconds
    starting compilation...
    finished in 0.00 seconds. Local cache hits 12 (0.01s CPU time), remote cache hits 0 (0.00s CPU time), compiled 0 variants (0.00s CPU time), skipped 0 variants
    Prepared data for serialisation in 0.00s
Compiling shader "Hidden/Universal Render Pipeline/LensFlareDataDriven" pass "LensFlareLerp" (vp)
    Full variant space:         4
    After settings filtering:   4
    After built-in stripping:   4
    After scriptable stripping: 4
    Processed in 0.00 seconds
    starting compilation...
    finished in 0.00 seconds. Local cache hits 4 (0.00s CPU time), remote cache hits 0 (0.00s CPU time), compiled 0 variants (0.00s CPU time), skipped 0 variants
    Prepared data for serialisation in 0.00s
Compiling shader "Hidden/Universal Render Pipeline/LensFlareDataDriven" pass "LensFlareLerp" (fp)
    Full variant space:         12
    After settings filtering:   12
    After built-in stripping:   12
    After scriptable stripping: 12
    Processed in 0.00 seconds
    starting compilation...
    finished in 0.00 seconds. Local cache hits 12 (0.02s CPU time), remote cache hits 0 (0.00s CPU time), compiled 0 variants (0.00s CPU time), skipped 0 variants
    Prepared data for serialisation in 0.00s
Compiling shader "Hidden/Universal Render Pipeline/LensFlareDataDriven" pass "LensFlareOcclusion" (vp)
    Full variant space:         1
    After settings filtering:   1
    After built-in stripping:   1
    After scriptable stripping: 1
    Processed in 0.00 seconds
    starting compilation...
    finished in 0.00 seconds. Local cache hits 1 (0.00s CPU time), remote cache hits 0 (0.00s CPU time), compiled 0 variants (0.00s CPU time), skipped 0 variants
    Prepared data for serialisation in 0.00s
Compiling shader "Hidden/Universal Render Pipeline/LensFlareDataDriven" pass "LensFlareOcclusion" (fp)
    Full variant space:         1
    After settings filtering:   1
    After built-in stripping:   1
    After scriptable stripping: 1
    Processed in 0.00 seconds
    starting compilation...
    finished in 0.00 seconds. Local cache hits 1 (0.00s CPU time), remote cache hits 0 (0.00s CPU time), compiled 0 variants (0.00s CPU time), skipped 0 variants
    Prepared data for serialisation in 0.00s
Serialized binary data for shader Hidden/Universal Render Pipeline/LensFlareDataDriven in 0.00s
    d3d11 (total internal programs: 66, unique: 18)
Compiling shader "Hidden/Shadow2DUnshadowGeometry" pass "" (vp)
    Full variant space:         1
    After settings filtering:   1
    After built-in stripping:   1
    After scriptable stripping: 1
    Processed in 0.00 seconds
    starting compilation...
    finished in 0.00 seconds. Local cache hits 1 (0.00s CPU time), remote cache hits 0 (0.00s CPU time), compiled 0 variants (0.00s CPU time), skipped 0 variants
    Prepared data for serialisation in 0.00s
Compiling shader "Hidden/Shadow2DUnshadowGeometry" pass "" (fp)
    Full variant space:         1
    After settings filtering:   1
    After built-in stripping:   1
    After scriptable stripping: 1
    Processed in 0.00 seconds
    starting compilation...
    finished in 0.00 seconds. Local cache hits 1 (0.00s CPU time), remote cache hits 0 (0.00s CPU time), compiled 0 variants (0.00s CPU time), skipped 0 variants
    Prepared data for serialisation in 0.00s
Compiling shader "Hidden/Shadow2DUnshadowGeometry" pass "" (vp)
    Full variant space:         1
    After settings filtering:   1
    After built-in stripping:   1
    After scriptable stripping: 1
    Processed in 0.00 seconds
    starting compilation...
    finished in 0.00 seconds. Local cache hits 1 (0.00s CPU time), remote cache hits 0 (0.00s CPU time), compiled 0 variants (0.00s CPU time), skipped 0 variants
    Prepared data for serialisation in 0.00s
Compiling shader "Hidden/Shadow2DUnshadowGeometry" pass "" (fp)
    Full variant space:         1
    After settings filtering:   1
    After built-in stripping:   1
    After scriptable stripping: 1
    Processed in 0.00 seconds
    starting compilation...
    finished in 0.00 seconds. Local cache hits 1 (0.00s CPU time), remote cache hits 0 (0.00s CPU time), compiled 0 variants (0.00s CPU time), skipped 0 variants
    Prepared data for serialisation in 0.00s
Serialized binary data for shader Hidden/Shadow2DUnshadowGeometry in 0.00s
    d3d11 (total internal programs: 4, unique: 2)
Compiling shader "Hidden/Light2D-Shape-Volumetric" pass "" (vp)
    Full variant space:         2
    After settings filtering:   2
    After built-in stripping:   2
    After scriptable stripping: 2
    Processed in 0.00 seconds
    starting compilation...
    finished in 0.00 seconds. Local cache hits 2 (0.00s CPU time), remote cache hits 0 (0.00s CPU time), compiled 0 variants (0.00s CPU time), skipped 0 variants
    Prepared data for serialisation in 0.00s
Compiling shader "Hidden/Light2D-Shape-Volumetric" pass "" (fp)
    Full variant space:         2
    After settings filtering:   2
    After built-in stripping:   2
    After scriptable stripping: 2
    Processed in 0.00 seconds
    starting compilation...
    finished in 0.00 seconds. Local cache hits 2 (0.00s CPU time), remote cache hits 0 (0.00s CPU time), compiled 0 variants (0.00s CPU time), skipped 0 variants
    Prepared data for serialisation in 0.00s
Serialized binary data for shader Hidden/Light2D-Shape-Volumetric in 0.00s
    d3d11 (total internal programs: 4, unique: 4)
Compiling shader "Hidden/Universal/CoreBlit" pass "" (vp)
    Full variant space:         4
    After settings filtering:   2
    After built-in stripping:   2
    After scriptable stripping: 2
    Processed in 0.00 seconds
    starting compilation...
    finished in 0.00 seconds. Local cache hits 2 (0.01s CPU time), remote cache hits 0 (0.00s CPU time), compiled 0 variants (0.00s CPU time), skipped 0 variants
    Prepared data for serialisation in 0.00s
Compiling shader "Hidden/Universal/CoreBlit" pass "" (fp)
    Full variant space:         4
    After settings filtering:   2
    After built-in stripping:   2
    After scriptable stripping: 2
    Processed in 0.00 seconds
    starting compilation...
    finished in 0.00 seconds. Local cache hits 2 (0.00s CPU time), remote cache hits 0 (0.00s CPU time), compiled 0 variants (0.00s CPU time), skipped 0 variants
    Prepared data for serialisation in 0.00s
Compiling shader "Hidden/Universal/CoreBlit" pass "" (vp)
    Full variant space:         4
    After settings filtering:   2
    After built-in stripping:   2
    After scriptable stripping: 2
    Processed in 0.00 seconds
    starting compilation...
    finished in 0.04 seconds. Local cache hits 2 (0.08s CPU time), remote cache hits 0 (0.00s CPU time), compiled 0 variants (0.00s CPU time), skipped 0 variants
    Prepared data for serialisation in 0.00s
Compiling shader "Hidden/Universal/CoreBlit" pass "" (fp)
    Full variant space:         4
    After settings filtering:   2
    After built-in stripping:   2
    After scriptable stripping: 2
    Processed in 0.00 seconds
    starting compilation...
    finished in 0.00 seconds. Local cache hits 2 (0.00s CPU time), remote cache hits 0 (0.00s CPU time), compiled 0 variants (0.00s CPU time), skipped 0 variants
    Prepared data for serialisation in 0.00s
Compiling shader "Hidden/Universal/CoreBlit" pass "" (vp)
    Full variant space:         4
    After settings filtering:   2
    After built-in stripping:   2
    After scriptable stripping: 2
    Processed in 0.00 seconds
    starting compilation...
    finished in 0.00 seconds. Local cache hits 2 (0.00s CPU time), remote cache hits 0 (0.00s CPU time), compiled 0 variants (0.00s CPU time), skipped 0 variants
    Prepared data for serialisation in 0.00s
Compiling shader "Hidden/Universal/CoreBlit" pass "" (fp)
    Full variant space:         4
    After settings filtering:   2
    After built-in stripping:   2
    After scriptable stripping: 2
    Processed in 0.00 seconds
    starting compilation...
    finished in 0.01 seconds. Local cache hits 2 (0.02s CPU time), remote cache hits 0 (0.00s CPU time), compiled 0 variants (0.00s CPU time), skipped 0 variants
    Prepared data for serialisation in 0.00s
Compiling shader "Hidden/Universal/CoreBlit" pass "" (vp)
    Full variant space:         4
    After settings filtering:   2
    After built-in stripping:   2
    After scriptable stripping: 2
    Processed in 0.00 seconds
    starting compilation...
    finished in 0.00 seconds. Local cache hits 2 (0.00s CPU time), remote cache hits 0 (0.00s CPU time), compiled 0 variants (0.00s CPU time), skipped 0 variants
    Prepared data for serialisation in 0.00s
Compiling shader "Hidden/Universal/CoreBlit" pass "" (fp)
    Full variant space:         4
    After settings filtering:   2
    After built-in stripping:   2
    After scriptable stripping: 2
    Processed in 0.00 seconds
    starting compilation...
    finished in 0.05 seconds. Local cache hits 2 (0.10s CPU time), remote cache hits 0 (0.00s CPU time), compiled 0 variants (0.00s CPU time), skipped 0 variants
    Prepared data for serialisation in 0.00s
Compiling shader "Hidden/Universal/CoreBlit" pass "" (vp)
    Full variant space:         4
    After settings filtering:   2
    After built-in stripping:   2
    After scriptable stripping: 2
    Processed in 0.00 seconds
    starting compilation...
    finished in 0.00 seconds. Local cache hits 2 (0.00s CPU time), remote cache hits 0 (0.00s CPU time), compiled 0 variants (0.00s CPU time), skipped 0 variants
    Prepared data for serialisation in 0.00s
Compiling shader "Hidden/Universal/CoreBlit" pass "" (fp)
    Full variant space:         4
    After settings filtering:   2
    After built-in stripping:   2
    After scriptable stripping: 2
    Processed in 0.00 seconds
    starting compilation...
    finished in 0.00 seconds. Local cache hits 2 (0.00s CPU time), remote cache hits 0 (0.00s CPU time), compiled 0 variants (0.00s CPU time), skipped 0 variants
    Prepared data for serialisation in 0.00s
Compiling shader "Hidden/Universal/CoreBlit" pass "" (vp)
    Full variant space:         4
    After settings filtering:   2
    After built-in stripping:   2
    After scriptable stripping: 2
    Processed in 0.00 seconds
    starting compilation...
    finished in 0.01 seconds. Local cache hits 2 (0.02s CPU time), remote cache hits 0 (0.00s CPU time), compiled 0 variants (0.00s CPU time), skipped 0 variants
    Prepared data for serialisation in 0.00s
Compiling shader "Hidden/Universal/CoreBlit" pass "" (fp)
    Full variant space:         4
    After settings filtering:   2
    After built-in stripping:   2
    After scriptable stripping: 2
    Processed in 0.00 seconds
    starting compilation...
    finished in 0.00 seconds. Local cache hits 2 (0.00s CPU time), remote cache hits 0 (0.00s CPU time), compiled 0 variants (0.00s CPU time), skipped 0 variants
    Prepared data for serialisation in 0.00s
Compiling shader "Hidden/Universal/CoreBlit" pass "" (vp)
    Full variant space:         4
    After settings filtering:   2
    After built-in stripping:   2
    After scriptable stripping: 2
    Processed in 0.00 seconds
    starting compilation...
    finished in 0.00 seconds. Local cache hits 2 (0.00s CPU time), remote cache hits 0 (0.00s CPU time), compiled 0 variants (0.00s CPU time), skipped 0 variants
    Prepared data for serialisation in 0.00s
Compiling shader "Hidden/Universal/CoreBlit" pass "" (fp)
    Full variant space:         4
    After settings filtering:   2
    After built-in stripping:   2
    After scriptable stripping: 2
    Processed in 0.00 seconds
    starting compilation...
    finished in 0.00 seconds. Local cache hits 2 (0.00s CPU time), remote cache hits 0 (0.00s CPU time), compiled 0 variants (0.00s CPU time), skipped 0 variants
    Prepared data for serialisation in 0.00s
Compiling shader "Hidden/Universal/CoreBlit" pass "" (vp)
    Full variant space:         4
    After settings filtering:   2
    After built-in stripping:   2
    After scriptable stripping: 2
    Processed in 0.00 seconds
    starting compilation...
    finished in 0.00 seconds. Local cache hits 2 (0.00s CPU time), remote cache hits 0 (0.00s CPU time), compiled 0 variants (0.00s CPU time), skipped 0 variants
    Prepared data for serialisation in 0.00s
Compiling shader "Hidden/Universal/CoreBlit" pass "" (fp)
    Full variant space:         4
    After settings filtering:   2
    After built-in stripping:   2
    After scriptable stripping: 2
    Processed in 0.00 seconds
    starting compilation...
    finished in 0.00 seconds. Local cache hits 2 (0.00s CPU time), remote cache hits 0 (0.00s CPU time), compiled 0 variants (0.00s CPU time), skipped 0 variants
    Prepared data for serialisation in 0.00s
Compiling shader "Hidden/Universal/CoreBlit" pass "" (vp)
    Full variant space:         4
    After settings filtering:   2
    After built-in stripping:   2
    After scriptable stripping: 2
    Processed in 0.00 seconds
    starting compilation...
    finished in 0.00 seconds. Local cache hits 2 (0.00s CPU time), remote cache hits 0 (0.00s CPU time), compiled 0 variants (0.00s CPU time), skipped 0 variants
    Prepared data for serialisation in 0.00s
Compiling shader "Hidden/Universal/CoreBlit" pass "" (fp)
    Full variant space:         4
    After settings filtering:   2
    After built-in stripping:   2
    After scriptable stripping: 2
    Processed in 0.00 seconds
    starting compilation...
    finished in 0.00 seconds. Local cache hits 2 (0.00s CPU time), remote cache hits 0 (0.00s CPU time), compiled 0 variants (0.00s CPU time), skipped 0 variants
    Prepared data for serialisation in 0.00s
Compiling shader "Hidden/Universal/CoreBlit" pass "" (vp)
    Full variant space:         4
    After settings filtering:   2
    After built-in stripping:   2
    After scriptable stripping: 2
    Processed in 0.00 seconds
    starting compilation...
    finished in 0.00 seconds. Local cache hits 2 (0.00s CPU time), remote cache hits 0 (0.00s CPU time), compiled 0 variants (0.00s CPU time), skipped 0 variants
    Prepared data for serialisation in 0.00s
Compiling shader "Hidden/Universal/CoreBlit" pass "" (fp)
    Full variant space:         4
    After settings filtering:   2
    After built-in stripping:   2
    After scriptable stripping: 2
    Processed in 0.00 seconds
    starting compilation...
    finished in 0.00 seconds. Local cache hits 2 (0.00s CPU time), remote cache hits 0 (0.00s CPU time), compiled 0 variants (0.00s CPU time), skipped 0 variants
    Prepared data for serialisation in 0.00s
Compiling shader "Hidden/Universal/CoreBlit" pass "" (vp)
    Full variant space:         4
    After settings filtering:   2
    After built-in stripping:   2
    After scriptable stripping: 2
    Processed in 0.00 seconds
    starting compilation...
    finished in 0.00 seconds. Local cache hits 2 (0.00s CPU time), remote cache hits 0 (0.00s CPU time), compiled 0 variants (0.00s CPU time), skipped 0 variants
    Prepared data for serialisation in 0.00s
Compiling shader "Hidden/Universal/CoreBlit" pass "" (fp)
    Full variant space:         4
    After settings filtering:   2
    After built-in stripping:   2
    After scriptable stripping: 2
    Processed in 0.00 seconds
    starting compilation...
    finished in 0.00 seconds. Local cache hits 2 (0.00s CPU time), remote cache hits 0 (0.00s CPU time), compiled 0 variants (0.00s CPU time), skipped 0 variants
    Prepared data for serialisation in 0.00s
Compiling shader "Hidden/Universal/CoreBlit" pass "" (vp)
    Full variant space:         4
    After settings filtering:   2
    After built-in stripping:   2
    After scriptable stripping: 2
    Processed in 0.00 seconds
    starting compilation...
    finished in 0.02 seconds. Local cache hits 2 (0.05s CPU time), remote cache hits 0 (0.00s CPU time), compiled 0 variants (0.00s CPU time), skipped 0 variants
    Prepared data for serialisation in 0.00s
Compiling shader "Hidden/Universal/CoreBlit" pass "" (fp)
    Full variant space:         4
    After settings filtering:   2
    After built-in stripping:   2
    After scriptable stripping: 2
    Processed in 0.00 seconds
    starting compilation...
    finished in 0.00 seconds. Local cache hits 2 (0.00s CPU time), remote cache hits 0 (0.00s CPU time), compiled 0 variants (0.00s CPU time), skipped 0 variants
    Prepared data for serialisation in 0.00s
Compiling shader "Hidden/Universal/CoreBlit" pass "" (vp)
    Full variant space:         4
    After settings filtering:   2
    After built-in stripping:   2
    After scriptable stripping: 2
    Processed in 0.00 seconds
    starting compilation...
    finished in 0.00 seconds. Local cache hits 2 (0.00s CPU time), remote cache hits 0 (0.00s CPU time), compiled 0 variants (0.00s CPU time), skipped 0 variants
    Prepared data for serialisation in 0.00s
Compiling shader "Hidden/Universal/CoreBlit" pass "" (fp)
    Full variant space:         4
    After settings filtering:   2
    After built-in stripping:   2
    After scriptable stripping: 2
    Processed in 0.00 seconds
    starting compilation...
    finished in 0.00 seconds. Local cache hits 2 (0.00s CPU time), remote cache hits 0 (0.00s CPU time), compiled 0 variants (0.00s CPU time), skipped 0 variants
    Prepared data for serialisation in 0.00s
Compiling shader "Hidden/Universal/CoreBlit" pass "" (vp)
    Full variant space:         4
    After settings filtering:   2
    After built-in stripping:   2
    After scriptable stripping: 2
    Processed in 0.00 seconds
    starting compilation...
    finished in 0.00 seconds. Local cache hits 2 (0.00s CPU time), remote cache hits 0 (0.00s CPU time), compiled 0 variants (0.00s CPU time), skipped 0 variants
    Prepared data for serialisation in 0.00s
Compiling shader "Hidden/Universal/CoreBlit" pass "" (fp)
    Full variant space:         4
    After settings filtering:   2
    After built-in stripping:   2
    After scriptable stripping: 2
    Processed in 0.00 seconds
    starting compilation...
    finished in 0.00 seconds. Local cache hits 2 (0.00s CPU time), remote cache hits 0 (0.00s CPU time), compiled 0 variants (0.00s CPU time), skipped 0 variants
    Prepared data for serialisation in 0.00s
Compiling shader "Hidden/Universal/CoreBlit" pass "" (vp)
    Full variant space:         4
    After settings filtering:   2
    After built-in stripping:   2
    After scriptable stripping: 2
    Processed in 0.00 seconds
    starting compilation...
    finished in 0.00 seconds. Local cache hits 2 (0.00s CPU time), remote cache hits 0 (0.00s CPU time), compiled 0 variants (0.00s CPU time), skipped 0 variants
    Prepared data for serialisation in 0.00s
Compiling shader "Hidden/Universal/CoreBlit" pass "" (fp)
    Full variant space:         4
    After settings filtering:   2
    After built-in stripping:   2
    After scriptable stripping: 2
    Processed in 0.00 seconds
    starting compilation...
    finished in 0.00 seconds. Local cache hits 2 (0.00s CPU time), remote cache hits 0 (0.00s CPU time), compiled 0 variants (0.00s CPU time), skipped 0 variants
    Prepared data for serialisation in 0.00s
Compiling shader "Hidden/Universal/CoreBlit" pass "" (vp)
    Full variant space:         4
    After settings filtering:   2
    After built-in stripping:   2
    After scriptable stripping: 2
    Processed in 0.00 seconds
    starting compilation...
    finished in 0.00 seconds. Local cache hits 2 (0.00s CPU time), remote cache hits 0 (0.00s CPU time), compiled 0 variants (0.00s CPU time), skipped 0 variants
    Prepared data for serialisation in 0.00s
Compiling shader "Hidden/Universal/CoreBlit" pass "" (fp)
    Full variant space:         4
    After settings filtering:   2
    After built-in stripping:   2
    After scriptable stripping: 2
    Processed in 0.00 seconds
    starting compilation...
    finished in 0.00 seconds. Local cache hits 2 (0.00s CPU time), remote cache hits 0 (0.00s CPU time), compiled 0 variants (0.00s CPU time), skipped 0 variants
    Prepared data for serialisation in 0.00s
Compiling shader "Hidden/Universal/CoreBlit" pass "" (vp)
    Full variant space:         4
    After settings filtering:   2
    After built-in stripping:   2
    After scriptable stripping: 2
    Processed in 0.00 seconds
    starting compilation...
    finished in 0.00 seconds. Local cache hits 2 (0.00s CPU time), remote cache hits 0 (0.00s CPU time), compiled 0 variants (0.00s CPU time), skipped 0 variants
    Prepared data for serialisation in 0.00s
Compiling shader "Hidden/Universal/CoreBlit" pass "" (fp)
    Full variant space:         4
    After settings filtering:   2
    After built-in stripping:   2
    After scriptable stripping: 2
    Processed in 0.00 seconds
    starting compilation...
    finished in 0.00 seconds. Local cache hits 2 (0.00s CPU time), remote cache hits 0 (0.00s CPU time), compiled 0 variants (0.00s CPU time), skipped 0 variants
    Prepared data for serialisation in 0.00s
Compiling shader "Hidden/Universal/CoreBlit" pass "" (vp)
    Full variant space:         4
    After settings filtering:   2
    After built-in stripping:   2
    After scriptable stripping: 2
    Processed in 0.00 seconds
    starting compilation...
    finished in 0.00 seconds. Local cache hits 2 (0.00s CPU time), remote cache hits 0 (0.00s CPU time), compiled 0 variants (0.00s CPU time), skipped 0 variants
    Prepared data for serialisation in 0.00s
Compiling shader "Hidden/Universal/CoreBlit" pass "" (fp)
    Full variant space:         4
    After settings filtering:   2
    After built-in stripping:   2
    After scriptable stripping: 2
    Processed in 0.00 seconds
    starting compilation...
    finished in 0.00 seconds. Local cache hits 2 (0.00s CPU time), remote cache hits 0 (0.00s CPU time), compiled 0 variants (0.00s CPU time), skipped 0 variants
    Prepared data for serialisation in 0.00s
Compiling shader "Hidden/Universal/CoreBlit" pass "" (vp)
    Full variant space:         4
    After settings filtering:   2
    After built-in stripping:   2
    After scriptable stripping: 2
    Processed in 0.00 seconds
    starting compilation...
    finished in 0.00 seconds. Local cache hits 2 (0.00s CPU time), remote cache hits 0 (0.00s CPU time), compiled 0 variants (0.00s CPU time), skipped 0 variants
    Prepared data for serialisation in 0.00s
Compiling shader "Hidden/Universal/CoreBlit" pass "" (fp)
    Full variant space:         4
    After settings filtering:   2
    After built-in stripping:   2
    After scriptable stripping: 2
    Processed in 0.00 seconds
    starting compilation...
    finished in 0.01 seconds. Local cache hits 2 (0.02s CPU time), remote cache hits 0 (0.00s CPU time), compiled 0 variants (0.00s CPU time), skipped 0 variants
    Prepared data for serialisation in 0.00s
Compiling shader "Hidden/Universal/CoreBlit" pass "" (vp)
    Full variant space:         4
    After settings filtering:   2
    After built-in stripping:   2
    After scriptable stripping: 2
    Processed in 0.00 seconds
    starting compilation...
    finished in 0.00 seconds. Local cache hits 2 (0.00s CPU time), remote cache hits 0 (0.00s CPU time), compiled 0 variants (0.00s CPU time), skipped 0 variants
    Prepared data for serialisation in 0.00s
Compiling shader "Hidden/Universal/CoreBlit" pass "" (fp)
    Full variant space:         4
    After settings filtering:   2
    After built-in stripping:   2
    After scriptable stripping: 2
    Processed in 0.00 seconds
    starting compilation...
    finished in 0.00 seconds. Local cache hits 2 (0.00s CPU time), remote cache hits 0 (0.00s CPU time), compiled 0 variants (0.00s CPU time), skipped 0 variants
    Prepared data for serialisation in 0.00s
Compiling shader "Hidden/Universal/CoreBlit" pass "" (vp)
    Full variant space:         4
    After settings filtering:   2
    After built-in stripping:   2
    After scriptable stripping: 2
    Processed in 0.00 seconds
    starting compilation...
    finished in 0.00 seconds. Local cache hits 2 (0.00s CPU time), remote cache hits 0 (0.00s CPU time), compiled 0 variants (0.00s CPU time), skipped 0 variants
    Prepared data for serialisation in 0.00s
Compiling shader "Hidden/Universal/CoreBlit" pass "" (fp)
    Full variant space:         4
    After settings filtering:   2
    After built-in stripping:   2
    After scriptable stripping: 2
    Processed in 0.00 seconds
    starting compilation...
    finished in 0.00 seconds. Local cache hits 2 (0.00s CPU time), remote cache hits 0 (0.00s CPU time), compiled 0 variants (0.00s CPU time), skipped 0 variants
    Prepared data for serialisation in 0.00s
Compiling shader "Hidden/Universal/CoreBlit" pass "" (vp)
    Full variant space:         8
    After settings filtering:   4
    After built-in stripping:   4
    After scriptable stripping: 4
    Processed in 0.00 seconds
    starting compilation...
    finished in 0.00 seconds. Local cache hits 4 (0.00s CPU time), remote cache hits 0 (0.00s CPU time), compiled 0 variants (0.00s CPU time), skipped 0 variants
    Prepared data for serialisation in 0.00s
Compiling shader "Hidden/Universal/CoreBlit" pass "" (fp)
    Full variant space:         8
    After settings filtering:   4
    After built-in stripping:   4
    After scriptable stripping: 4
    Processed in 0.00 seconds
    starting compilation...
    finished in 0.00 seconds. Local cache hits 4 (0.00s CPU time), remote cache hits 0 (0.00s CPU time), compiled 0 variants (0.00s CPU time), skipped 0 variants
    Prepared data for serialisation in 0.00s
Compiling shader "Hidden/Universal/CoreBlit" pass "" (vp)
    Full variant space:         8
    After settings filtering:   4
    After built-in stripping:   4
    After scriptable stripping: 4
    Processed in 0.00 seconds
    starting compilation...
    finished in 0.00 seconds. Local cache hits 4 (0.00s CPU time), remote cache hits 0 (0.00s CPU time), compiled 0 variants (0.00s CPU time), skipped 0 variants
    Prepared data for serialisation in 0.00s
Compiling shader "Hidden/Universal/CoreBlit" pass "" (fp)
    Full variant space:         8
    After settings filtering:   4
    After built-in stripping:   4
    After scriptable stripping: 4
    Processed in 0.00 seconds
    starting compilation...
    finished in 0.00 seconds. Local cache hits 4 (0.00s CPU time), remote cache hits 0 (0.00s CPU time), compiled 0 variants (0.00s CPU time), skipped 0 variants
    Prepared data for serialisation in 0.00s
Compiling shader "Hidden/Universal/CoreBlit" pass "BilinearDebugDraw" (vp)
    Full variant space:         4
    After settings filtering:   2
    After built-in stripping:   2
    After scriptable stripping: 2
    Processed in 0.00 seconds
    starting compilation...
    finished in 0.00 seconds. Local cache hits 2 (0.00s CPU time), remote cache hits 0 (0.00s CPU time), compiled 0 variants (0.00s CPU time), skipped 0 variants
    Prepared data for serialisation in 0.00s
Compiling shader "Hidden/Universal/CoreBlit" pass "BilinearDebugDraw" (fp)
    Full variant space:         16
    After settings filtering:   4
    After built-in stripping:   4
    After scriptable stripping: 4
    Processed in 0.00 seconds
    starting compilation...
    finished in 0.00 seconds. Local cache hits 4 (0.00s CPU time), remote cache hits 0 (0.00s CPU time), compiled 0 variants (0.00s CPU time), skipped 0 variants
    Prepared data for serialisation in 0.00s
Compiling shader "Hidden/Universal/CoreBlit" pass "NearestDebugDraw" (vp)
    Full variant space:         4
    After settings filtering:   2
    After built-in stripping:   2
    After scriptable stripping: 2
    Processed in 0.00 seconds
    starting compilation...
    finished in 0.00 seconds. Local cache hits 2 (0.00s CPU time), remote cache hits 0 (0.00s CPU time), compiled 0 variants (0.00s CPU time), skipped 0 variants
    Prepared data for serialisation in 0.00s
Compiling shader "Hidden/Universal/CoreBlit" pass "NearestDebugDraw" (fp)
    Full variant space:         16
    After settings filtering:   4
    After built-in stripping:   4
    After scriptable stripping: 4
    Processed in 0.00 seconds
    starting compilation...
    finished in 0.00 seconds. Local cache hits 4 (0.00s CPU time), remote cache hits 0 (0.00s CPU time), compiled 0 variants (0.00s CPU time), skipped 0 variants
    Prepared data for serialisation in 0.00s
Serialized binary data for shader Hidden/Universal/CoreBlit in 0.00s
    d3d11 (total internal programs: 112, unique: 32)
Compiling shader "Hidden/Universal Render Pipeline/PaniniProjection" pass "Panini Projection" (vp)
    Full variant space:         2
    After settings filtering:   2
    After built-in stripping:   2
    After scriptable stripping: 2
    Processed in 0.00 seconds
    starting compilation...
    finished in 0.02 seconds. Local cache hits 2 (0.05s CPU time), remote cache hits 0 (0.00s CPU time), compiled 0 variants (0.00s CPU time), skipped 0 variants
    Prepared data for serialisation in 0.00s
Compiling shader "Hidden/Universal Render Pipeline/PaniniProjection" pass "Panini Projection" (fp)
    Full variant space:         2
    After settings filtering:   2
    After built-in stripping:   2
    After scriptable stripping: 2
    Processed in 0.00 seconds
    starting compilation...
    finished in 0.00 seconds. Local cache hits 2 (0.00s CPU time), remote cache hits 0 (0.00s CPU time), compiled 0 variants (0.00s CPU time), skipped 0 variants
    Prepared data for serialisation in 0.00s
Serialized binary data for shader Hidden/Universal Render Pipeline/PaniniProjection in 0.00s
    d3d11 (total internal programs: 4, unique: 4)
Compiling shader "Hidden/Universal/BlitHDROverlay" pass "BilinearDebugDraw" (vp)
    Full variant space:         4
    After settings filtering:   2
    After built-in stripping:   2
    After scriptable stripping: 0
    Processed in 0.00 seconds
    Prepared data for serialisation in 0.00s
Compiling shader "Hidden/Universal/BlitHDROverlay" pass "NearestDebugDraw" (vp)
    Full variant space:         4
    After settings filtering:   2
    After built-in stripping:   2
    After scriptable stripping: 0
    Processed in 0.00 seconds
    Prepared data for serialisation in 0.00s
Serialized binary data for shader Hidden/Universal/BlitHDROverlay in 0.00s
    d3d11 (total internal programs: 0, unique: 0)
Compiling shader "Hidden/Universal Render Pipeline/FinalPost" pass "FinalPost" (vp)
    Full variant space:         1
    After settings filtering:   1
    After built-in stripping:   1
    After scriptable stripping: 1
    Processed in 0.00 seconds
    starting compilation...
    finished in 0.00 seconds. Local cache hits 1 (0.00s CPU time), remote cache hits 0 (0.00s CPU time), compiled 0 variants (0.00s CPU time), skipped 0 variants
    Prepared data for serialisation in 0.00s
Compiling shader "Hidden/Universal Render Pipeline/FinalPost" pass "FinalPost" (fp)
    Full variant space:         1280
    After settings filtering:   64
    After built-in stripping:   64
    After scriptable stripping: 48
    Processed in 0.00 seconds
    starting compilation...
    finished in 0.01 seconds. Local cache hits 48 (0.07s CPU time), remote cache hits 0 (0.00s CPU time), compiled 0 variants (0.00s CPU time), skipped 0 variants
    Prepared data for serialisation in 0.00s
Compiling shader "Hidden/Universal Render Pipeline/FinalPost" pass "FinalPost" (vp)
    Full variant space:         1
    After settings filtering:   1
    After built-in stripping:   1
    After scriptable stripping: 1
    Processed in 0.00 seconds
    starting compilation...
    finished in 0.01 seconds. Local cache hits 1 (0.01s CPU time), remote cache hits 0 (0.00s CPU time), compiled 0 variants (0.00s CPU time), skipped 0 variants
    Prepared data for serialisation in 0.00s
Compiling shader "Hidden/Universal Render Pipeline/FinalPost" pass "FinalPost" (fp)
    Full variant space:         1280
    After settings filtering:   64
    After built-in stripping:   64
    After scriptable stripping: 48
    Processed in 0.00 seconds
    starting compilation...
    finished in 0.01 seconds. Local cache hits 48 (0.10s CPU time), remote cache hits 0 (0.00s CPU time), compiled 0 variants (0.00s CPU time), skipped 0 variants
    Prepared data for serialisation in 0.00s
Serialized binary data for shader Hidden/Universal Render Pipeline/FinalPost in 0.00s
    d3d11 (total internal programs: 98, unique: 98)
Compiling shader "Hidden/Light2d-Point-Volumetric" pass "" (vp)
    Full variant space:         2
    After settings filtering:   2
    After built-in stripping:   2
    After scriptable stripping: 2
    Processed in 0.00 seconds
    starting compilation...
    finished in 0.00 seconds. Local cache hits 2 (0.00s CPU time), remote cache hits 0 (0.00s CPU time), compiled 0 variants (0.00s CPU time), skipped 0 variants
    Prepared data for serialisation in 0.00s
Compiling shader "Hidden/Light2d-Point-Volumetric" pass "" (fp)
    Full variant space:         2
    After settings filtering:   2
    After built-in stripping:   2
    After scriptable stripping: 2
    Processed in 0.00 seconds
    starting compilation...
    finished in 0.00 seconds. Local cache hits 2 (0.00s CPU time), remote cache hits 0 (0.00s CPU time), compiled 0 variants (0.00s CPU time), skipped 0 variants
    Prepared data for serialisation in 0.00s
Serialized binary data for shader Hidden/Light2d-Point-Volumetric in 0.00s
    d3d11 (total internal programs: 4, unique: 4)
Compiling shader "Hidden/ShadowProjected2D" pass "" (vp)
    Full variant space:         1
    After settings filtering:   1
    After built-in stripping:   1
    After scriptable stripping: 1
    Processed in 0.00 seconds
    starting compilation...
    finished in 0.00 seconds. Local cache hits 1 (0.00s CPU time), remote cache hits 0 (0.00s CPU time), compiled 0 variants (0.00s CPU time), skipped 0 variants
    Prepared data for serialisation in 0.00s
Compiling shader "Hidden/ShadowProjected2D" pass "" (fp)
    Full variant space:         1
    After settings filtering:   1
    After built-in stripping:   1
    After scriptable stripping: 1
    Processed in 0.00 seconds
    starting compilation...
    finished in 0.02 seconds. Local cache hits 1 (0.02s CPU time), remote cache hits 0 (0.00s CPU time), compiled 0 variants (0.00s CPU time), skipped 0 variants
    Prepared data for serialisation in 0.00s
Compiling shader "Hidden/ShadowProjected2D" pass "" (vp)
    Full variant space:         1
    After settings filtering:   1
    After built-in stripping:   1
    After scriptable stripping: 1
    Processed in 0.00 seconds
    starting compilation...
    finished in 0.00 seconds. Local cache hits 1 (0.00s CPU time), remote cache hits 0 (0.00s CPU time), compiled 0 variants (0.00s CPU time), skipped 0 variants
    Prepared data for serialisation in 0.00s
Compiling shader "Hidden/ShadowProjected2D" pass "" (fp)
    Full variant space:         1
    After settings filtering:   1
    After built-in stripping:   1
    After scriptable stripping: 1
    Processed in 0.00 seconds
    starting compilation...
    finished in 0.00 seconds. Local cache hits 1 (0.00s CPU time), remote cache hits 0 (0.00s CPU time), compiled 0 variants (0.00s CPU time), skipped 0 variants
    Prepared data for serialisation in 0.00s
Serialized binary data for shader Hidden/ShadowProjected2D in 0.00s
    d3d11 (total internal programs: 4, unique: 2)
Compiling shader "Hidden/Universal Render Pipeline/Debug/DebugReplacement" pass "Vertex Attributes" (vp)
    Full variant space:         2
    After settings filtering:   2
    After built-in stripping:   1
    After scriptable stripping: 1
    Processed in 0.00 seconds
    starting compilation...
    finished in 0.00 seconds. Local cache hits 1 (0.00s CPU time), remote cache hits 0 (0.00s CPU time), compiled 0 variants (0.00s CPU time), skipped 0 variants
    Prepared data for serialisation in 0.00s
Compiling shader "Hidden/Universal Render Pipeline/Debug/DebugReplacement" pass "Vertex Attributes" (fp)
    Full variant space:         2
    After settings filtering:   2
    After built-in stripping:   1
    After scriptable stripping: 1
    Processed in 0.00 seconds
    starting compilation...
    finished in 0.00 seconds. Local cache hits 1 (0.00s CPU time), remote cache hits 0 (0.00s CPU time), compiled 0 variants (0.00s CPU time), skipped 0 variants
    Prepared data for serialisation in 0.00s
Serialized binary data for shader Hidden/Universal Render Pipeline/Debug/DebugReplacement in 0.00s
    d3d11 (total internal programs: 2, unique: 2)
Compiling shader "Hidden/Universal/CoreBlitColorAndDepth" pass "" (vp)
    Full variant space:         4
    After settings filtering:   2
    After built-in stripping:   2
    After scriptable stripping: 2
    Processed in 0.00 seconds
    starting compilation...
    finished in 0.00 seconds. Local cache hits 2 (0.00s CPU time), remote cache hits 0 (0.00s CPU time), compiled 0 variants (0.00s CPU time), skipped 0 variants
    Prepared data for serialisation in 0.00s
Compiling shader "Hidden/Universal/CoreBlitColorAndDepth" pass "" (fp)
    Full variant space:         4
    After settings filtering:   2
    After built-in stripping:   2
    After scriptable stripping: 2
    Processed in 0.00 seconds
    starting compilation...
    finished in 0.00 seconds. Local cache hits 2 (0.00s CPU time), remote cache hits 0 (0.00s CPU time), compiled 0 variants (0.00s CPU time), skipped 0 variants
    Prepared data for serialisation in 0.00s
Compiling shader "Hidden/Universal/CoreBlitColorAndDepth" pass "" (vp)
    Full variant space:         4
    After settings filtering:   2
    After built-in stripping:   2
    After scriptable stripping: 2
    Processed in 0.00 seconds
    starting compilation...
    finished in 0.00 seconds. Local cache hits 2 (0.00s CPU time), remote cache hits 0 (0.00s CPU time), compiled 0 variants (0.00s CPU time), skipped 0 variants
    Prepared data for serialisation in 0.00s
Compiling shader "Hidden/Universal/CoreBlitColorAndDepth" pass "" (fp)
    Full variant space:         4
    After settings filtering:   2
    After built-in stripping:   2
    After scriptable stripping: 2
    Processed in 0.00 seconds
    starting compilation...
    finished in 0.00 seconds. Local cache hits 2 (0.00s CPU time), remote cache hits 0 (0.00s CPU time), compiled 0 variants (0.00s CPU time), skipped 0 variants
    Prepared data for serialisation in 0.00s
Serialized binary data for shader Hidden/Universal/CoreBlitColorAndDepth in 0.00s
    d3d11 (total internal programs: 8, unique: 6)
Compiling shader "Hidden/Light2D-Shape" pass "" (vp)
    Full variant space:         16
    After settings filtering:   16
    After built-in stripping:   16
    After scriptable stripping: 16
    Processed in 0.00 seconds
    starting compilation...
    finished in 0.00 seconds. Local cache hits 16 (0.01s CPU time), remote cache hits 0 (0.00s CPU time), compiled 0 variants (0.00s CPU time), skipped 0 variants
    Prepared data for serialisation in 0.00s
Compiling shader "Hidden/Light2D-Shape" pass "" (fp)
    Full variant space:         16
    After settings filtering:   16
    After built-in stripping:   16
    After scriptable stripping: 16
    Processed in 0.00 seconds
    starting compilation...
    finished in 0.00 seconds. Local cache hits 16 (0.02s CPU time), remote cache hits 0 (0.00s CPU time), compiled 0 variants (0.00s CPU time), skipped 0 variants
    Prepared data for serialisation in 0.00s
Serialized binary data for shader Hidden/Light2D-Shape in 0.00s
    d3d11 (total internal programs: 32, unique: 32)
Compiling shader "Hidden/Shadow2DUnshadowSprite" pass "" (vp)
    Full variant space:         1
    After settings filtering:   1
    After built-in stripping:   1
    After scriptable stripping: 1
    Processed in 0.00 seconds
    starting compilation...
    finished in 0.00 seconds. Local cache hits 1 (0.00s CPU time), remote cache hits 0 (0.00s CPU time), compiled 0 variants (0.00s CPU time), skipped 0 variants
    Prepared data for serialisation in 0.00s
Compiling shader "Hidden/Shadow2DUnshadowSprite" pass "" (fp)
    Full variant space:         1
    After settings filtering:   1
    After built-in stripping:   1
    After scriptable stripping: 1
    Processed in 0.00 seconds
    starting compilation...
    finished in 0.00 seconds. Local cache hits 1 (0.00s CPU time), remote cache hits 0 (0.00s CPU time), compiled 0 variants (0.00s CPU time), skipped 0 variants
    Prepared data for serialisation in 0.00s
Serialized binary data for shader Hidden/Shadow2DUnshadowSprite in 0.00s
    d3d11 (total internal programs: 2, unique: 2)
Compiling shader "Hidden/Light2D-Point" pass "" (vp)
    Full variant space:         16
    After settings filtering:   16
    After built-in stripping:   16
    After scriptable stripping: 16
    Processed in 0.00 seconds
    starting compilation...
    finished in 0.00 seconds. Local cache hits 16 (0.02s CPU time), remote cache hits 0 (0.00s CPU time), compiled 0 variants (0.00s CPU time), skipped 0 variants
    Prepared data for serialisation in 0.00s
Compiling shader "Hidden/Light2D-Point" pass "" (fp)
    Full variant space:         16
    After settings filtering:   16
    After built-in stripping:   16
    After scriptable stripping: 16
    Processed in 0.00 seconds
    starting compilation...
    finished in 0.00 seconds. Local cache hits 16 (0.01s CPU time), remote cache hits 0 (0.00s CPU time), compiled 0 variants (0.00s CPU time), skipped 0 variants
    Prepared data for serialisation in 0.00s
Serialized binary data for shader Hidden/Light2D-Point in 0.00s
    d3d11 (total internal programs: 32, unique: 32)
Compiling shader "Hidden/Universal Render Pipeline/FallbackError" pass "" (vp)
    Full variant space:         6
    After settings filtering:   6
    After built-in stripping:   1
    After scriptable stripping: 1
    Processed in 0.00 seconds
    starting compilation...
    finished in 0.00 seconds. Local cache hits 1 (0.00s CPU time), remote cache hits 0 (0.00s CPU time), compiled 0 variants (0.00s CPU time), skipped 0 variants
    Prepared data for serialisation in 0.00s
Compiling shader "Hidden/Universal Render Pipeline/FallbackError" pass "" (fp)
    Full variant space:         6
    After settings filtering:   6
    After built-in stripping:   1
    After scriptable stripping: 1
    Processed in 0.00 seconds
    starting compilation...
    finished in 0.00 seconds. Local cache hits 1 (0.00s CPU time), remote cache hits 0 (0.00s CPU time), compiled 0 variants (0.00s CPU time), skipped 0 variants
    Prepared data for serialisation in 0.00s
Serialized binary data for shader Hidden/Universal Render Pipeline/FallbackError in 0.00s
    d3d11 (total internal programs: 2, unique: 2)
Compiling shader "Hidden/Universal Render Pipeline/UberPost" pass "UberPost" (vp)
    Full variant space:         1
    After settings filtering:   1
    After built-in stripping:   1
    After scriptable stripping: 1
    Processed in 0.00 seconds
    starting compilation...
    finished in 0.00 seconds. Local cache hits 1 (0.00s CPU time), remote cache hits 0 (0.00s CPU time), compiled 0 variants (0.00s CPU time), skipped 0 variants
    Prepared data for serialisation in 0.00s
Compiling shader "Hidden/Universal Render Pipeline/UberPost" pass "UberPost" (fp)
    Full variant space:         23040
    After settings filtering:   960
    After built-in stripping:   960
    After scriptable stripping: 720
    Processed in 0.00 seconds
    starting compilation...
    finished in 0.09 seconds. Local cache hits 720 (1.64s CPU time), remote cache hits 0 (0.00s CPU time), compiled 0 variants (0.00s CPU time), skipped 0 variants
    Prepared data for serialisation in 0.01s
Serialized binary data for shader Hidden/Universal Render Pipeline/UberPost in 0.00s
    d3d11 (total internal programs: 721, unique: 721)
Compressed shader 'Hidden/Universal Render Pipeline/UberPost' on d3d11 from 4.68MB to 0.11MB
Compressed shader 'Hidden/Universal Render Pipeline/UberPost' in 0.03s
Compiling shader "Hidden/Universal Render Pipeline/Scaling Setup" pass "ScalingSetup" (vp)
    Full variant space:         1
    After settings filtering:   1
    After built-in stripping:   1
    After scriptable stripping: 1
    Processed in 0.00 seconds
    starting compilation...
    finished in 0.00 seconds. Local cache hits 1 (0.00s CPU time), remote cache hits 0 (0.00s CPU time), compiled 0 variants (0.00s CPU time), skipped 0 variants
    Prepared data for serialisation in 0.00s
Compiling shader "Hidden/Universal Render Pipeline/Scaling Setup" pass "ScalingSetup" (fp)
    Full variant space:         6
    After settings filtering:   3
    After built-in stripping:   3
    After scriptable stripping: 3
    Processed in 0.00 seconds
    starting compilation...
    finished in 0.00 seconds. Local cache hits 3 (0.00s CPU time), remote cache hits 0 (0.00s CPU time), compiled 0 variants (0.00s CPU time), skipped 0 variants
    Prepared data for serialisation in 0.00s
Serialized binary data for shader Hidden/Universal Render Pipeline/Scaling Setup in 0.00s
    d3d11 (total internal programs: 4, unique: 4)
Compiling shader "Hidden/Universal Render Pipeline/LutBuilderHdr" pass "LutBuilderHdr" (vp)
    Full variant space:         3
    After settings filtering:   3
    After built-in stripping:   3
    After scriptable stripping: 3
    Processed in 0.00 seconds
    starting compilation...
    finished in 0.00 seconds. Local cache hits 3 (0.00s CPU time), remote cache hits 0 (0.00s CPU time), compiled 0 variants (0.00s CPU time), skipped 0 variants
    Prepared data for serialisation in 0.00s
Compiling shader "Hidden/Universal Render Pipeline/LutBuilderHdr" pass "LutBuilderHdr" (fp)
    Full variant space:         6
    After settings filtering:   3
    After built-in stripping:   3
    After scriptable stripping: 3
    Processed in 0.00 seconds
    starting compilation...
    finished in 0.00 seconds. Local cache hits 3 (0.00s CPU time), remote cache hits 0 (0.00s CPU time), compiled 0 variants (0.00s CPU time), skipped 0 variants
    Prepared data for serialisation in 0.00s
Serialized binary data for shader Hidden/Universal Render Pipeline/LutBuilderHdr in 0.00s
    d3d11 (total internal programs: 6, unique: 6)
Compiling shader "TextMeshPro/Distance Field" pass "" (vp)
    Full variant space:         8
    After settings filtering:   8
    After built-in stripping:   8
    After scriptable stripping: 8
    Processed in 0.00 seconds
    starting compilation...
    finished in 0.00 seconds. Local cache hits 8 (0.01s CPU time), remote cache hits 0 (0.00s CPU time), compiled 0 variants (0.00s CPU time), skipped 0 variants
    Prepared data for serialisation in 0.00s
Compiling shader "TextMeshPro/Distance Field" pass "" (fp)
    Full variant space:         8
    After settings filtering:   8
    After built-in stripping:   8
    After scriptable stripping: 8
    Processed in 0.00 seconds
    starting compilation...
    finished in 0.00 seconds. Local cache hits 8 (0.00s CPU time), remote cache hits 0 (0.00s CPU time), compiled 0 variants (0.00s CPU time), skipped 0 variants
    Prepared data for serialisation in 0.00s
Serialized binary data for shader TextMeshPro/Distance Field in 0.00s
    d3d11 (total internal programs: 16, unique: 16)
Compiling shader "TextMeshPro/Sprite" pass "Default" (vp)
    Full variant space:         4
    After settings filtering:   4
    After built-in stripping:   4
    After scriptable stripping: 4
    Processed in 0.00 seconds
    starting compilation...
    finished in 0.00 seconds. Local cache hits 4 (0.00s CPU time), remote cache hits 0 (0.00s CPU time), compiled 0 variants (0.00s CPU time), skipped 0 variants
    Prepared data for serialisation in 0.00s
Compiling shader "TextMeshPro/Sprite" pass "Default" (fp)
    Full variant space:         4
    After settings filtering:   4
    After built-in stripping:   4
    After scriptable stripping: 4
    Processed in 0.00 seconds
    starting compilation...
    finished in 0.00 seconds. Local cache hits 4 (0.00s CPU time), remote cache hits 0 (0.00s CPU time), compiled 0 variants (0.00s CPU time), skipped 0 variants
    Prepared data for serialisation in 0.00s
Serialized binary data for shader TextMeshPro/Sprite in 0.00s
    d3d11 (total internal programs: 8, unique: 8)
Compiling shader "TextMeshPro/Mobile/Distance Field" pass "" (vp)
    Full variant space:         16
    After settings filtering:   16
    After built-in stripping:   16
    After scriptable stripping: 16
    Processed in 0.00 seconds
    starting compilation...
    finished in 0.00 seconds. Local cache hits 16 (0.01s CPU time), remote cache hits 0 (0.00s CPU time), compiled 0 variants (0.00s CPU time), skipped 0 variants
    Prepared data for serialisation in 0.00s
Compiling shader "TextMeshPro/Mobile/Distance Field" pass "" (fp)
    Full variant space:         16
    After settings filtering:   16
    After built-in stripping:   16
    After scriptable stripping: 16
    Processed in 0.00 seconds
    starting compilation...
    finished in 0.00 seconds. Local cache hits 16 (0.01s CPU time), remote cache hits 0 (0.00s CPU time), compiled 0 variants (0.00s CPU time), skipped 0 variants
    Prepared data for serialisation in 0.00s
Serialized binary data for shader TextMeshPro/Mobile/Distance Field in 0.00s
    d3d11 (total internal programs: 32, unique: 32)
Compiling shader "Legacy Shaders/Particles/Alpha Blended Premultiply" pass "" (vp)
    Full variant space:         2
    After settings filtering:   2
    After built-in stripping:   2
    After scriptable stripping: 2
    Processed in 0.00 seconds
    starting compilation...
    finished in 0.00 seconds. Local cache hits 2 (0.00s CPU time), remote cache hits 0 (0.00s CPU time), compiled 0 variants (0.00s CPU time), skipped 0 variants
    Prepared data for serialisation in 0.00s
Compiling shader "Legacy Shaders/Particles/Alpha Blended Premultiply" pass "" (fp)
    Full variant space:         2
    After settings filtering:   2
    After built-in stripping:   2
    After scriptable stripping: 2
    Processed in 0.00 seconds
    starting compilation...
    finished in 0.00 seconds. Local cache hits 2 (0.00s CPU time), remote cache hits 0 (0.00s CPU time), compiled 0 variants (0.00s CPU time), skipped 0 variants
    Prepared data for serialisation in 0.00s
Serialized binary data for shader Legacy Shaders/Particles/Alpha Blended Premultiply in 0.00s
    d3d11 (total internal programs: 4, unique: 4)
Compiling shader "Unlit/Transparent" pass "" (vp)
    Full variant space:         4
    After settings filtering:   4
    After built-in stripping:   1
    After scriptable stripping: 1
    Processed in 0.00 seconds
    starting compilation...
    finished in 0.00 seconds. Local cache hits 1 (0.00s CPU time), remote cache hits 0 (0.00s CPU time), compiled 0 variants (0.00s CPU time), skipped 0 variants
    Prepared data for serialisation in 0.00s
Compiling shader "Unlit/Transparent" pass "" (fp)
    Full variant space:         4
    After settings filtering:   4
    After built-in stripping:   1
    After scriptable stripping: 1
    Processed in 0.00 seconds
    starting compilation...
    finished in 0.00 seconds. Local cache hits 1 (0.00s CPU time), remote cache hits 0 (0.00s CPU time), compiled 0 variants (0.00s CPU time), skipped 0 variants
    Prepared data for serialisation in 0.00s
Serialized binary data for shader Unlit/Transparent in 0.00s
    d3d11 (total internal programs: 2, unique: 2)
Asset 'enemigodiablo': Transition 'ataquediavloxdxd -> flyyyy' in state 'ataquediavloxdxd' doesn't have an Exit Time or any condition, transition will be ignored
UnityEngine.StackTraceUtility:ExtractStackTrace ()
UnityEditor.BuildPipeline:BuildPlayerInternal (string[],string,string,UnityEditor.BuildTargetGroup,UnityEditor.BuildTarget,int,UnityEditor.BuildOptions,string[])
UnityEditor.BuildPipeline:BuildPlayer (string[],string,string,UnityEditor.BuildTargetGroup,UnityEditor.BuildTarget,int,UnityEditor.BuildOptions,string[])
UnityEditor.BuildPipeline:BuildPlayer (UnityEditor.BuildPlayerOptions)
BuildPC:Construir () (at Assets/scripts/Editor/BuildPC.cs:40)

[Assets/scripts/Editor/BuildPC.cs line 40]

Compiling shader "Skybox/Procedural" pass "" (vp)
    Full variant space:         3
    After settings filtering:   3
    After built-in stripping:   3
    After scriptable stripping: 3
    Processed in 0.00 seconds
    starting compilation...
    finished in 0.01 seconds. Local cache hits 3 (0.00s CPU time), remote cache hits 0 (0.00s CPU time), compiled 0 variants (0.00s CPU time), skipped 0 variants
    Prepared data for serialisation in 0.00s
Compiling shader "Skybox/Procedural" pass "" (fp)
    Full variant space:         3
    After settings filtering:   3
    After built-in stripping:   3
    After scriptable stripping: 3
    Processed in 0.00 seconds
    starting compilation...
    finished in 0.00 seconds. Local cache hits 3 (0.00s CPU time), remote cache hits 0 (0.00s CPU time), compiled 0 variants (0.00s CPU time), skipped 0 variants
    Prepared data for serialisation in 0.00s
Serialized binary data for shader Skybox/Procedural in 0.00s
    d3d11 (total internal programs: 6, unique: 6)
Compiling shader "Universal Render Pipeline/2D/Sprite-Lit-Default" pass "" (vp)
    Full variant space:         64
    After settings filtering:   32
    After built-in stripping:   16
    After scriptable stripping: 16
    Processed in 0.00 seconds
    starting compilation...
    finished in 0.00 seconds. Local cache hits 16 (0.01s CPU time), remote cache hits 0 (0.00s CPU time), compiled 0 variants (0.00s CPU time), skipped 0 variants
    Prepared data for serialisation in 0.00s
Compiling shader "Universal Render Pipeline/2D/Sprite-Lit-Default" pass "" (fp)
    Full variant space:         64
    After settings filtering:   32
    After built-in stripping:   16
    After scriptable stripping: 16
    Processed in 0.00 seconds
    starting compilation...
    finished in 0.00 seconds. Local cache hits 16 (0.02s CPU time), remote cache hits 0 (0.00s CPU time), compiled 0 variants (0.00s CPU time), skipped 0 variants
    Prepared data for serialisation in 0.00s
Compiling shader "Universal Render Pipeline/2D/Sprite-Lit-Default" pass "" (vp)
    Full variant space:         2
    After settings filtering:   2
    After built-in stripping:   1
    After scriptable stripping: 1
    Processed in 0.00 seconds
    starting compilation...
    finished in 0.00 seconds. Local cache hits 1 (0.00s CPU time), remote cache hits 0 (0.00s CPU time), compiled 0 variants (0.00s CPU time), skipped 0 variants
    Prepared data for serialisation in 0.00s
Compiling shader "Universal Render Pipeline/2D/Sprite-Lit-Default" pass "" (fp)
    Full variant space:         2
    After settings filtering:   2
    After built-in stripping:   1
    After scriptable stripping: 1
    Processed in 0.00 seconds
    starting compilation...
    finished in 0.00 seconds. Local cache hits 1 (0.00s CPU time), remote cache hits 0 (0.00s CPU time), compiled 0 variants (0.00s CPU time), skipped 0 variants
    Prepared data for serialisation in 0.00s
Compiling shader "Universal Render Pipeline/2D/Sprite-Lit-Default" pass "" (vp)
    Full variant space:         2
    After settings filtering:   2
    After built-in stripping:   1
    After scriptable stripping: 1
    Processed in 0.00 seconds
    starting compilation...
    finished in 0.16 seconds. Local cache hits 1 (0.16s CPU time), remote cache hits 0 (0.00s CPU time), compiled 0 variants (0.00s CPU time), skipped 0 variants
    Prepared data for serialisation in 0.00s
Compiling shader "Universal Render Pipeline/2D/Sprite-Lit-Default" pass "" (fp)
    Full variant space:         2
    After settings filtering:   2
    After built-in stripping:   1
    After scriptable stripping: 1
    Processed in 0.00 seconds
    starting compilation...
    finished in 0.01 seconds. Local cache hits 1 (0.01s CPU time), remote cache hits 0 (0.00s CPU time), compiled 0 variants (0.00s CPU time), skipped 0 variants
    Prepared data for serialisation in 0.00s
Serialized binary data for shader Universal Render Pipeline/2D/Sprite-Lit-Default in 0.00s
    d3d11 (total internal programs: 36, unique: 36)
Compiling shader "Legacy Shaders/VertexLit" pass "" (vp)
    Full variant space:         12
    After settings filtering:   12
    After built-in stripping:   3
    After scriptable stripping: 3
    Processed in 0.00 seconds
    starting compilation...
    finished in 0.00 seconds. Local cache hits 3 (0.00s CPU time), remote cache hits 0 (0.00s CPU time), compiled 0 variants (0.00s CPU time), skipped 0 variants
    Prepared data for serialisation in 0.00s
Compiling shader "Legacy Shaders/VertexLit" pass "" (fp)
    Full variant space:         12
    After settings filtering:   12
    After built-in stripping:   3
    After scriptable stripping: 3
    Processed in 0.00 seconds
    starting compilation...
    finished in 0.00 seconds. Local cache hits 3 (0.00s CPU time), remote cache hits 0 (0.00s CPU time), compiled 0 variants (0.00s CPU time), skipped 0 variants
    Prepared data for serialisation in 0.00s
Compiling shader "Legacy Shaders/VertexLit" pass "" (vp)
    Full variant space:         4
    After settings filtering:   4
    After built-in stripping:   1
    After scriptable stripping: 1
    Processed in 0.00 seconds
    starting compilation...
    finished in 0.00 seconds. Local cache hits 1 (0.00s CPU time), remote cache hits 0 (0.00s CPU time), compiled 0 variants (0.00s CPU time), skipped 0 variants
    Prepared data for serialisation in 0.00s
Compiling shader "Legacy Shaders/VertexLit" pass "" (fp)
    Full variant space:         4
    After settings filtering:   4
    After built-in stripping:   1
    After scriptable stripping: 1
    Processed in 0.00 seconds
    starting compilation...
    finished in 0.00 seconds. Local cache hits 1 (0.00s CPU time), remote cache hits 0 (0.00s CPU time), compiled 0 variants (0.00s CPU time), skipped 0 variants
    Prepared data for serialisation in 0.00s
Compiling shader "Legacy Shaders/VertexLit" pass "ShadowCaster" (vp)
    Full variant space:         4
    After settings filtering:   4
    After built-in stripping:   2
    After scriptable stripping: 2
    Processed in 0.00 seconds
    starting compilation...
    finished in 0.00 seconds. Local cache hits 2 (0.00s CPU time), remote cache hits 0 (0.00s CPU time), compiled 0 variants (0.00s CPU time), skipped 0 variants
    Prepared data for serialisation in 0.00s
Compiling shader "Legacy Shaders/VertexLit" pass "ShadowCaster" (fp)
    Full variant space:         4
    After settings filtering:   4
    After built-in stripping:   2
    After scriptable stripping: 2
    Processed in 0.00 seconds
    starting compilation...
    finished in 0.00 seconds. Local cache hits 2 (0.00s CPU time), remote cache hits 0 (0.00s CPU time), compiled 0 variants (0.00s CPU time), skipped 0 variants
    Prepared data for serialisation in 0.00s
Serialized binary data for shader Legacy Shaders/VertexLit in 0.00s
    d3d11 (total internal programs: 12, unique: 12)
Compiling shader "Legacy Shaders/Diffuse" pass "FORWARD" (vp)
    Full variant space:         664
    After settings filtering:   664
    After built-in stripping:   8
    After scriptable stripping: 8
    Processed in 0.00 seconds
    starting compilation...
    finished in 0.00 seconds. Local cache hits 8 (0.00s CPU time), remote cache hits 0 (0.00s CPU time), compiled 0 variants (0.00s CPU time), skipped 0 variants
    Prepared data for serialisation in 0.00s
Compiling shader "Legacy Shaders/Diffuse" pass "FORWARD" (fp)
    Full variant space:         504
    After settings filtering:   504
    After built-in stripping:   4
    After scriptable stripping: 4
    Processed in 0.00 seconds
    starting compilation...
    finished in 0.00 seconds. Local cache hits 4 (0.00s CPU time), remote cache hits 0 (0.00s CPU time), compiled 0 variants (0.00s CPU time), skipped 0 variants
    Prepared data for serialisation in 0.00s
Compiling shader "Legacy Shaders/Diffuse" pass "FORWARD" (vp)
    Full variant space:         20
    After settings filtering:   20
    After built-in stripping:   5
    After scriptable stripping: 5
    Processed in 0.00 seconds
    starting compilation...
    finished in 0.00 seconds. Local cache hits 5 (0.00s CPU time), remote cache hits 0 (0.00s CPU time), compiled 0 variants (0.00s CPU time), skipped 0 variants
    Prepared data for serialisation in 0.00s
Compiling shader "Legacy Shaders/Diffuse" pass "FORWARD" (fp)
    Full variant space:         20
    After settings filtering:   20
    After built-in stripping:   5
    After scriptable stripping: 5
    Processed in 0.00 seconds
    starting compilation...
    finished in 0.00 seconds. Local cache hits 5 (0.00s CPU time), remote cache hits 0 (0.00s CPU time), compiled 0 variants (0.00s CPU time), skipped 0 variants
    Prepared data for serialisation in 0.00s
Compiling shader "Legacy Shaders/Diffuse" pass "DEFERRED" (vp)
    Full variant space:         76
    After settings filtering:   76
    After built-in stripping:   4
    After scriptable stripping: 4
    Processed in 0.00 seconds
    starting compilation...
    finished in 0.00 seconds. Local cache hits 4 (0.01s CPU time), remote cache hits 0 (0.00s CPU time), compiled 0 variants (0.00s CPU time), skipped 0 variants
    Prepared data for serialisation in 0.00s
Compiling shader "Legacy Shaders/Diffuse" pass "DEFERRED" (fp)
    Full variant space:         76
    After settings filtering:   76
    After built-in stripping:   4
    After scriptable stripping: 4
    Processed in 0.00 seconds
    starting compilation...
    finished in 0.00 seconds. Local cache hits 4 (0.00s CPU time), remote cache hits 0 (0.00s CPU time), compiled 0 variants (0.00s CPU time), skipped 0 variants
    Prepared data for serialisation in 0.00s
Serialized binary data for shader Legacy Shaders/Diffuse in 0.00s
    d3d11 (total internal programs: 30, unique: 30)
Compiling shader "Hidden/Internal-StencilWrite" pass "" (vp)
    Full variant space:         1
    After settings filtering:   1
    After built-in stripping:   1
    After scriptable stripping: 1
    Processed in 0.00 seconds
    starting compilation...
    finished in 0.00 seconds. Local cache hits 1 (0.00s CPU time), remote cache hits 0 (0.00s CPU time), compiled 0 variants (0.00s CPU time), skipped 0 variants
    Prepared data for serialisation in 0.00s
Compiling shader "Hidden/Internal-StencilWrite" pass "" (fp)
    Full variant space:         1
    After settings filtering:   1
    After built-in stripping:   1
    After scriptable stripping: 1
    Processed in 0.00 seconds
    starting compilation...
    finished in 0.00 seconds. Local cache hits 1 (0.00s CPU time), remote cache hits 0 (0.00s CPU time), compiled 0 variants (0.00s CPU time), skipped 0 variants
    Prepared data for serialisation in 0.00s
Serialized binary data for shader Hidden/Internal-StencilWrite in 0.00s
    d3d11 (total internal programs: 2, unique: 2)
Compiling shader "Hidden/Internal-DepthNormalsTexture" pass "" (vp)
    Full variant space:         1
    After settings filtering:   1
    After built-in stripping:   1
    After scriptable stripping: 1
    Processed in 0.00 seconds
    starting compilation...
    finished in 0.00 seconds. Local cache hits 1 (0.00s CPU time), remote cache hits 0 (0.00s CPU time), compiled 0 variants (0.00s CPU time), skipped 0 variants
    Prepared data for serialisation in 0.00s
Compiling shader "Hidden/Internal-DepthNormalsTexture" pass "" (fp)
    Full variant space:         1
    After settings filtering:   1
    After built-in stripping:   1
    After scriptable stripping: 1
    Processed in 0.00 seconds
    starting compilation...
    finished in 0.00 seconds. Local cache hits 1 (0.00s CPU time), remote cache hits 0 (0.00s CPU time), compiled 0 variants (0.00s CPU time), skipped 0 variants
    Prepared data for serialisation in 0.00s
Compiling shader "Hidden/Internal-DepthNormalsTexture" pass "" (vp)
    Full variant space:         1
    After settings filtering:   1
    After built-in stripping:   1
    After scriptable stripping: 1
    Processed in 0.00 seconds
    starting compilation...
    finished in 0.00 seconds. Local cache hits 1 (0.00s CPU time), remote cache hits 0 (0.00s CPU time), compiled 0 variants (0.00s CPU time), skipped 0 variants
    Prepared data for serialisation in 0.00s
Compiling shader "Hidden/Internal-DepthNormalsTexture" pass "" (fp)
    Full variant space:         1
    After settings filtering:   1
    After built-in stripping:   1
    After scriptable stripping: 1
    Processed in 0.00 seconds
    starting compilation...
    finished in 0.00 seconds. Local cache hits 1 (0.00s CPU time), remote cache hits 0 (0.00s CPU time), compiled 0 variants (0.00s CPU time), skipped 0 variants
    Prepared data for serialisation in 0.00s
Compiling shader "Hidden/Internal-DepthNormalsTexture" pass "" (vp)
    Full variant space:         1
    After settings filtering:   1
    After built-in stripping:   1
    After scriptable stripping: 1
    Processed in 0.00 seconds
    starting compilation...
    finished in 0.00 seconds. Local cache hits 1 (0.00s CPU time), remote cache hits 0 (0.00s CPU time), compiled 0 variants (0.00s CPU time), skipped 0 variants
    Prepared data for serialisation in 0.00s
Compiling shader "Hidden/Internal-DepthNormalsTexture" pass "" (fp)
    Full variant space:         1
    After settings filtering:   1
    After built-in stripping:   1
    After scriptable stripping: 1
    Processed in 0.00 seconds
    starting compilation...
    finished in 0.00 seconds. Local cache hits 1 (0.00s CPU time), remote cache hits 0 (0.00s CPU time), compiled 0 variants (0.00s CPU time), skipped 0 variants
    Prepared data for serialisation in 0.00s
Compiling shader "Hidden/Internal-DepthNormalsTexture" pass "" (vp)
    Full variant space:         1
    After settings filtering:   1
    After built-in stripping:   1
    After scriptable stripping: 1
    Processed in 0.00 seconds
    starting compilation...
    finished in 0.00 seconds. Local cache hits 1 (0.00s CPU time), remote cache hits 0 (0.00s CPU time), compiled 0 variants (0.00s CPU time), skipped 0 variants
    Prepared data for serialisation in 0.00s
Compiling shader "Hidden/Internal-DepthNormalsTexture" pass "" (fp)
    Full variant space:         1
    After settings filtering:   1
    After built-in stripping:   1
    After scriptable stripping: 1
    Processed in 0.00 seconds
    starting compilation...
    finished in 0.00 seconds. Local cache hits 1 (0.00s CPU time), remote cache hits 0 (0.00s CPU time), compiled 0 variants (0.00s CPU time), skipped 0 variants
    Prepared data for serialisation in 0.00s
Compiling shader "Hidden/Internal-DepthNormalsTexture" pass "" (vp)
    Full variant space:         1
    After settings filtering:   1
    After built-in stripping:   1
    After scriptable stripping: 1
    Processed in 0.00 seconds
    starting compilation...
    finished in 0.00 seconds. Local cache hits 1 (0.00s CPU time), remote cache hits 0 (0.00s CPU time), compiled 0 variants (0.00s CPU time), skipped 0 variants
    Prepared data for serialisation in 0.00s
Compiling shader "Hidden/Internal-DepthNormalsTexture" pass "" (fp)
    Full variant space:         1
    After settings filtering:   1
    After built-in stripping:   1
    After scriptable stripping: 1
    Processed in 0.00 seconds
    starting compilation...
    finished in 0.00 seconds. Local cache hits 1 (0.00s CPU time), remote cache hits 0 (0.00s CPU time), compiled 0 variants (0.00s CPU time), skipped 0 variants
    Prepared data for serialisation in 0.00s
Compiling shader "Hidden/Internal-DepthNormalsTexture" pass "" (vp)
    Full variant space:         1
    After settings filtering:   1
    After built-in stripping:   1
    After scriptable stripping: 1
    Processed in 0.00 seconds
    starting compilation...
    finished in 0.00 seconds. Local cache hits 1 (0.00s CPU time), remote cache hits 0 (0.00s CPU time), compiled 0 variants (0.00s CPU time), skipped 0 variants
    Prepared data for serialisation in 0.00s
Compiling shader "Hidden/Internal-DepthNormalsTexture" pass "" (fp)
    Full variant space:         1
    After settings filtering:   1
    After built-in stripping:   1
    After scriptable stripping: 1
    Processed in 0.00 seconds
    starting compilation...
    finished in 0.00 seconds. Local cache hits 1 (0.00s CPU time), remote cache hits 0 (0.00s CPU time), compiled 0 variants (0.00s CPU time), skipped 0 variants
    Prepared data for serialisation in 0.00s
Compiling shader "Hidden/Internal-DepthNormalsTexture" pass "" (vp)
    Full variant space:         1
    After settings filtering:   1
    After built-in stripping:   1
    After scriptable stripping: 1
    Processed in 0.00 seconds
    starting compilation...
    finished in 0.00 seconds. Local cache hits 1 (0.00s CPU time), remote cache hits 0 (0.00s CPU time), compiled 0 variants (0.00s CPU time), skipped 0 variants
    Prepared data for serialisation in 0.00s
Compiling shader "Hidden/Internal-DepthNormalsTexture" pass "" (fp)
    Full variant space:         1
    After settings filtering:   1
    After built-in stripping:   1
    After scriptable stripping: 1
    Processed in 0.00 seconds
    starting compilation...
    finished in 0.00 seconds. Local cache hits 1 (0.00s CPU time), remote cache hits 0 (0.00s CPU time), compiled 0 variants (0.00s CPU time), skipped 0 variants
    Prepared data for serialisation in 0.00s
Compiling shader "Hidden/Internal-DepthNormalsTexture" pass "" (vp)
    Full variant space:         1
    After settings filtering:   1
    After built-in stripping:   1
    After scriptable stripping: 1
    Processed in 0.00 seconds
    starting compilation...
    finished in 0.00 seconds. Local cache hits 1 (0.00s CPU time), remote cache hits 0 (0.00s CPU time), compiled 0 variants (0.00s CPU time), skipped 0 variants
    Prepared data for serialisation in 0.00s
Compiling shader "Hidden/Internal-DepthNormalsTexture" pass "" (fp)
    Full variant space:         1
    After settings filtering:   1
    After built-in stripping:   1
    After scriptable stripping: 1
    Processed in 0.00 seconds
    starting compilation...
    finished in 0.00 seconds. Local cache hits 1 (0.00s CPU time), remote cache hits 0 (0.00s CPU time), compiled 0 variants (0.00s CPU time), skipped 0 variants
    Prepared data for serialisation in 0.00s
Compiling shader "Hidden/Internal-DepthNormalsTexture" pass "" (vp)
    Full variant space:         1
    After settings filtering:   1
    After built-in stripping:   1
    After scriptable stripping: 1
    Processed in 0.00 seconds
    starting compilation...
    finished in 0.00 seconds. Local cache hits 1 (0.00s CPU time), remote cache hits 0 (0.00s CPU time), compiled 0 variants (0.00s CPU time), skipped 0 variants
    Prepared data for serialisation in 0.00s
Compiling shader "Hidden/Internal-DepthNormalsTexture" pass "" (fp)
    Full variant space:         1
    After settings filtering:   1
    After built-in stripping:   1
    After scriptable stripping: 1
    Processed in 0.00 seconds
    starting compilation...
    finished in 0.00 seconds. Local cache hits 1 (0.00s CPU time), remote cache hits 0 (0.00s CPU time), compiled 0 variants (0.00s CPU time), skipped 0 variants
    Prepared data for serialisation in 0.00s
Compiling shader "Hidden/Internal-DepthNormalsTexture" pass "" (vp)
    Full variant space:         1
    After settings filtering:   1
    After built-in stripping:   1
    After scriptable stripping: 1
    Processed in 0.00 seconds
    starting compilation...
    finished in 0.00 seconds. Local cache hits 1 (0.00s CPU time), remote cache hits 0 (0.00s CPU time), compiled 0 variants (0.00s CPU time), skipped 0 variants
    Prepared data for serialisation in 0.00s
Compiling shader "Hidden/Internal-DepthNormalsTexture" pass "" (fp)
    Full variant space:         1
    After settings filtering:   1
    After built-in stripping:   1
    After scriptable stripping: 1
    Processed in 0.00 seconds
    starting compilation...
    finished in 0.00 seconds. Local cache hits 1 (0.00s CPU time), remote cache hits 0 (0.00s CPU time), compiled 0 variants (0.00s CPU time), skipped 0 variants
    Prepared data for serialisation in 0.00s
Serialized binary data for shader Hidden/Internal-DepthNormalsTexture in 0.00s
    d3d11 (total internal programs: 20, unique: 17)
Compiling shader "Hidden/Internal-ScreenSpaceShadows" pass "" (vp)
    Full variant space:         4
    After settings filtering:   4
    After built-in stripping:   4
    After scriptable stripping: 4
    Processed in 0.00 seconds
    starting compilation...
    finished in 0.00 seconds. Local cache hits 4 (0.00s CPU time), remote cache hits 0 (0.00s CPU time), compiled 0 variants (0.00s CPU time), skipped 0 variants
    Prepared data for serialisation in 0.00s
Compiling shader "Hidden/Internal-ScreenSpaceShadows" pass "" (fp)
    Full variant space:         4
    After settings filtering:   4
    After built-in stripping:   4
    After scriptable stripping: 4
    Processed in 0.00 seconds
    starting compilation...
    finished in 0.00 seconds. Local cache hits 4 (0.00s CPU time), remote cache hits 0 (0.00s CPU time), compiled 0 variants (0.00s CPU time), skipped 0 variants
    Prepared data for serialisation in 0.00s
Compiling shader "Hidden/Internal-ScreenSpaceShadows" pass "" (vp)
    Full variant space:         4
    After settings filtering:   4
    After built-in stripping:   4
    After scriptable stripping: 4
    Processed in 0.00 seconds
    starting compilation...
    finished in 0.00 seconds. Local cache hits 4 (0.00s CPU time), remote cache hits 0 (0.00s CPU time), compiled 0 variants (0.00s CPU time), skipped 0 variants
    Prepared data for serialisation in 0.00s
Compiling shader "Hidden/Internal-ScreenSpaceShadows" pass "" (fp)
    Full variant space:         4
    After settings filtering:   4
    After built-in stripping:   4
    After scriptable stripping: 4
    Processed in 0.00 seconds
    starting compilation...
    finished in 0.00 seconds. Local cache hits 4 (0.00s CPU time), remote cache hits 0 (0.00s CPU time), compiled 0 variants (0.00s CPU time), skipped 0 variants
    Prepared data for serialisation in 0.00s
Compiling shader "Hidden/Internal-ScreenSpaceShadows" pass "" (vp)
    Full variant space:         4
    After settings filtering:   4
    After built-in stripping:   4
    After scriptable stripping: 4
    Processed in 0.00 seconds
    starting compilation...
    finished in 0.00 seconds. Local cache hits 4 (0.00s CPU time), remote cache hits 0 (0.00s CPU time), compiled 0 variants (0.00s CPU time), skipped 0 variants
    Prepared data for serialisation in 0.00s
Compiling shader "Hidden/Internal-ScreenSpaceShadows" pass "" (fp)
    Full variant space:         4
    After settings filtering:   4
    After built-in stripping:   4
    After scriptable stripping: 4
    Processed in 0.00 seconds
    starting compilation...
    finished in 0.00 seconds. Local cache hits 4 (0.00s CPU time), remote cache hits 0 (0.00s CPU time), compiled 0 variants (0.00s CPU time), skipped 0 variants
    Prepared data for serialisation in 0.00s
Compiling shader "Hidden/Internal-ScreenSpaceShadows" pass "" (vp)
    Full variant space:         4
    After settings filtering:   4
    After built-in stripping:   4
    After scriptable stripping: 4
    Processed in 0.00 seconds
    starting compilation...
    finished in 0.00 seconds. Local cache hits 4 (0.00s CPU time), remote cache hits 0 (0.00s CPU time), compiled 0 variants (0.00s CPU time), skipped 0 variants
    Prepared data for serialisation in 0.00s
Compiling shader "Hidden/Internal-ScreenSpaceShadows" pass "" (fp)
    Full variant space:         4
    After settings filtering:   4
    After built-in stripping:   4
    After scriptable stripping: 4
    Processed in 0.00 seconds
    starting compilation...
    finished in 0.00 seconds. Local cache hits 4 (0.00s CPU time), remote cache hits 0 (0.00s CPU time), compiled 0 variants (0.00s CPU time), skipped 0 variants
    Prepared data for serialisation in 0.00s
Serialized binary data for shader Hidden/Internal-ScreenSpaceShadows in 0.00s
    d3d11 (total internal programs: 32, unique: 20)
Compiling shader "Hidden/Internal-CombineDepthNormals" pass "" (vp)
    Full variant space:         1
    After settings filtering:   1
    After built-in stripping:   1
    After scriptable stripping: 1
    Processed in 0.00 seconds
    starting compilation...
    finished in 0.00 seconds. Local cache hits 1 (0.00s CPU time), remote cache hits 0 (0.00s CPU time), compiled 0 variants (0.00s CPU time), skipped 0 variants
    Prepared data for serialisation in 0.00s
Compiling shader "Hidden/Internal-CombineDepthNormals" pass "" (fp)
    Full variant space:         1
    After settings filtering:   1
    After built-in stripping:   1
    After scriptable stripping: 1
    Processed in 0.00 seconds
    starting compilation...
    finished in 0.00 seconds. Local cache hits 1 (0.00s CPU time), remote cache hits 0 (0.00s CPU time), compiled 0 variants (0.00s CPU time), skipped 0 variants
    Prepared data for serialisation in 0.00s
Serialized binary data for shader Hidden/Internal-CombineDepthNormals in 0.00s
    d3d11 (total internal programs: 2, unique: 2)
Compiling shader "Hidden/BlitCopy" pass "" (vp)
    Full variant space:         1
    After settings filtering:   1
    After built-in stripping:   1
    After scriptable stripping: 1
    Processed in 0.00 seconds
    starting compilation...
    finished in 0.00 seconds. Local cache hits 1 (0.00s CPU time), remote cache hits 0 (0.00s CPU time), compiled 0 variants (0.00s CPU time), skipped 0 variants
    Prepared data for serialisation in 0.00s
Compiling shader "Hidden/BlitCopy" pass "" (fp)
    Full variant space:         1
    After settings filtering:   1
    After built-in stripping:   1
    After scriptable stripping: 1
    Processed in 0.00 seconds
    starting compilation...
    finished in 0.00 seconds. Local cache hits 1 (0.00s CPU time), remote cache hits 0 (0.00s CPU time), compiled 0 variants (0.00s CPU time), skipped 0 variants
    Prepared data for serialisation in 0.00s
Serialized binary data for shader Hidden/BlitCopy in 0.00s
    d3d11 (total internal programs: 2, unique: 2)
Compiling shader "Hidden/BlitCopyDepth" pass "" (vp)
    Full variant space:         1
    After settings filtering:   1
    After built-in stripping:   1
    After scriptable stripping: 1
    Processed in 0.00 seconds
    starting compilation...
    finished in 0.00 seconds. Local cache hits 1 (0.00s CPU time), remote cache hits 0 (0.00s CPU time), compiled 0 variants (0.00s CPU time), skipped 0 variants
    Prepared data for serialisation in 0.00s
Compiling shader "Hidden/BlitCopyDepth" pass "" (fp)
    Full variant space:         1
    After settings filtering:   1
    After built-in stripping:   1
    After scriptable stripping: 1
    Processed in 0.00 seconds
    starting compilation...
    finished in 0.00 seconds. Local cache hits 1 (0.00s CPU time), remote cache hits 0 (0.00s CPU time), compiled 0 variants (0.00s CPU time), skipped 0 variants
    Prepared data for serialisation in 0.00s
Serialized binary data for shader Hidden/BlitCopyDepth in 0.00s
    d3d11 (total internal programs: 2, unique: 2)
Compiling shader "Hidden/ConvertTexture" pass "" (vp)
    Full variant space:         1
    After settings filtering:   1
    After built-in stripping:   1
    After scriptable stripping: 1
    Processed in 0.00 seconds
    starting compilation...
    finished in 0.00 seconds. Local cache hits 1 (0.00s CPU time), remote cache hits 0 (0.00s CPU time), compiled 0 variants (0.00s CPU time), skipped 0 variants
    Prepared data for serialisation in 0.00s
Compiling shader "Hidden/ConvertTexture" pass "" (fp)
    Full variant space:         1
    After settings filtering:   1
    After built-in stripping:   1
    After scriptable stripping: 1
    Processed in 0.00 seconds
    starting compilation...
    finished in 0.00 seconds. Local cache hits 1 (0.00s CPU time), remote cache hits 0 (0.00s CPU time), compiled 0 variants (0.00s CPU time), skipped 0 variants
    Prepared data for serialisation in 0.00s
Serialized binary data for shader Hidden/ConvertTexture in 0.00s
    d3d11 (total internal programs: 2, unique: 2)
Compiling shader "Hidden/Internal-DeferredShading" pass "" (vp)
    Full variant space:         94
    After settings filtering:   94
    After built-in stripping:   26
    After scriptable stripping: 26
    Processed in 0.00 seconds
    starting compilation...
    finished in 0.00 seconds. Local cache hits 26 (0.02s CPU time), remote cache hits 0 (0.00s CPU time), compiled 0 variants (0.00s CPU time), skipped 0 variants
    Prepared data for serialisation in 0.00s
Compiling shader "Hidden/Internal-DeferredShading" pass "" (fp)
    Full variant space:         94
    After settings filtering:   94
    After built-in stripping:   26
    After scriptable stripping: 26
    Processed in 0.00 seconds
    starting compilation...
    finished in 0.00 seconds. Local cache hits 26 (0.04s CPU time), remote cache hits 0 (0.00s CPU time), compiled 0 variants (0.00s CPU time), skipped 0 variants
    Prepared data for serialisation in 0.00s
Compiling shader "Hidden/Internal-DeferredShading" pass "" (vp)
    Full variant space:         1
    After settings filtering:   1
    After built-in stripping:   1
    After scriptable stripping: 1
    Processed in 0.00 seconds
    starting compilation...
    finished in 0.00 seconds. Local cache hits 1 (0.00s CPU time), remote cache hits 0 (0.00s CPU time), compiled 0 variants (0.00s CPU time), skipped 0 variants
    Prepared data for serialisation in 0.00s
Compiling shader "Hidden/Internal-DeferredShading" pass "" (fp)
    Full variant space:         1
    After settings filtering:   1
    After built-in stripping:   1
    After scriptable stripping: 1
    Processed in 0.00 seconds
    starting compilation...
    finished in 0.00 seconds. Local cache hits 1 (0.00s CPU time), remote cache hits 0 (0.00s CPU time), compiled 0 variants (0.00s CPU time), skipped 0 variants
    Prepared data for serialisation in 0.00s
Serialized binary data for shader Hidden/Internal-DeferredShading in 0.00s
    d3d11 (total internal programs: 54, unique: 54)
Compiling shader "Hidden/Internal-DeferredReflections" pass "" (vp)
    Full variant space:         1
    After settings filtering:   1
    After built-in stripping:   1
    After scriptable stripping: 1
    Processed in 0.00 seconds
    starting compilation...
    finished in 0.00 seconds. Local cache hits 1 (0.00s CPU time), remote cache hits 0 (0.00s CPU time), compiled 0 variants (0.00s CPU time), skipped 0 variants
    Prepared data for serialisation in 0.00s
Compiling shader "Hidden/Internal-DeferredReflections" pass "" (fp)
    Full variant space:         1
    After settings filtering:   1
    After built-in stripping:   1
    After scriptable stripping: 1
    Processed in 0.00 seconds
    starting compilation...
    finished in 0.00 seconds. Local cache hits 1 (0.00s CPU time), remote cache hits 0 (0.00s CPU time), compiled 0 variants (0.00s CPU time), skipped 0 variants
    Prepared data for serialisation in 0.00s
Compiling shader "Hidden/Internal-DeferredReflections" pass "" (vp)
    Full variant space:         2
    After settings filtering:   2
    After built-in stripping:   2
    After scriptable stripping: 2
    Processed in 0.00 seconds
    starting compilation...
    finished in 0.00 seconds. Local cache hits 2 (0.00s CPU time), remote cache hits 0 (0.00s CPU time), compiled 0 variants (0.00s CPU time), skipped 0 variants
    Prepared data for serialisation in 0.00s
Compiling shader "Hidden/Internal-DeferredReflections" pass "" (fp)
    Full variant space:         2
    After settings filtering:   2
    After built-in stripping:   2
    After scriptable stripping: 2
    Processed in 0.00 seconds
    starting compilation...
    finished in 0.00 seconds. Local cache hits 2 (0.00s CPU time), remote cache hits 0 (0.00s CPU time), compiled 0 variants (0.00s CPU time), skipped 0 variants
    Prepared data for serialisation in 0.00s
Serialized binary data for shader Hidden/Internal-DeferredReflections in 0.00s
    d3d11 (total internal programs: 6, unique: 6)
Compiling shader "Hidden/Internal-MotionVectors" pass "" (vp)
    Full variant space:         1
    After settings filtering:   1
    After built-in stripping:   1
    After scriptable stripping: 1
    Processed in 0.00 seconds
    starting compilation...
    finished in 0.00 seconds. Local cache hits 1 (0.00s CPU time), remote cache hits 0 (0.00s CPU time), compiled 0 variants (0.00s CPU time), skipped 0 variants
    Prepared data for serialisation in 0.00s
Compiling shader "Hidden/Internal-MotionVectors" pass "" (fp)
    Full variant space:         1
    After settings filtering:   1
    After built-in stripping:   1
    After scriptable stripping: 1
    Processed in 0.00 seconds
    starting compilation...
    finished in 0.00 seconds. Local cache hits 1 (0.00s CPU time), remote cache hits 0 (0.00s CPU time), compiled 0 variants (0.00s CPU time), skipped 0 variants
    Prepared data for serialisation in 0.00s
Compiling shader "Hidden/Internal-MotionVectors" pass "" (vp)
    Full variant space:         1
    After settings filtering:   1
    After built-in stripping:   1
    After scriptable stripping: 1
    Processed in 0.00 seconds
    starting compilation...
    finished in 0.00 seconds. Local cache hits 1 (0.00s CPU time), remote cache hits 0 (0.00s CPU time), compiled 0 variants (0.00s CPU time), skipped 0 variants
    Prepared data for serialisation in 0.00s
Compiling shader "Hidden/Internal-MotionVectors" pass "" (fp)
    Full variant space:         1
    After settings filtering:   1
    After built-in stripping:   1
    After scriptable stripping: 1
    Processed in 0.00 seconds
    starting compilation...
    finished in 0.00 seconds. Local cache hits 1 (0.00s CPU time), remote cache hits 0 (0.00s CPU time), compiled 0 variants (0.00s CPU time), skipped 0 variants
    Prepared data for serialisation in 0.00s
Compiling shader "Hidden/Internal-MotionVectors" pass "" (vp)
    Full variant space:         1
    After settings filtering:   1
    After built-in stripping:   1
    After scriptable stripping: 1
    Processed in 0.00 seconds
    starting compilation...
    finished in 0.00 seconds. Local cache hits 1 (0.00s CPU time), remote cache hits 0 (0.00s CPU time), compiled 0 variants (0.00s CPU time), skipped 0 variants
    Prepared data for serialisation in 0.00s
Compiling shader "Hidden/Internal-MotionVectors" pass "" (fp)
    Full variant space:         1
    After settings filtering:   1
    After built-in stripping:   1
    After scriptable stripping: 1
    Processed in 0.00 seconds
    starting compilation...
    finished in 0.00 seconds. Local cache hits 1 (0.00s CPU time), remote cache hits 0 (0.00s CPU time), compiled 0 variants (0.00s CPU time), skipped 0 variants
    Prepared data for serialisation in 0.00s
Serialized binary data for shader Hidden/Internal-MotionVectors in 0.00s
    d3d11 (total internal programs: 6, unique: 5)
Compiling shader "Hidden/Internal-Flare" pass "" (vp)
    Full variant space:         1
    After settings filtering:   1
    After built-in stripping:   1
    After scriptable stripping: 1
    Processed in 0.00 seconds
    starting compilation...
    finished in 0.00 seconds. Local cache hits 1 (0.00s CPU time), remote cache hits 0 (0.00s CPU time), compiled 0 variants (0.00s CPU time), skipped 0 variants
    Prepared data for serialisation in 0.00s
Compiling shader "Hidden/Internal-Flare" pass "" (fp)
    Full variant space:         1
    After settings filtering:   1
    After built-in stripping:   1
    After scriptable stripping: 1
    Processed in 0.00 seconds
    starting compilation...
    finished in 0.00 seconds. Local cache hits 1 (0.00s CPU time), remote cache hits 0 (0.00s CPU time), compiled 0 variants (0.00s CPU time), skipped 0 variants
    Prepared data for serialisation in 0.00s
Serialized binary data for shader Hidden/Internal-Flare in 0.00s
    d3d11 (total internal programs: 2, unique: 2)
Compiling shader "Hidden/Internal-Halo" pass "" (vp)
    Full variant space:         4
    After settings filtering:   4
    After built-in stripping:   1
    After scriptable stripping: 1
    Processed in 0.00 seconds
    starting compilation...
    finished in 0.00 seconds. Local cache hits 1 (0.00s CPU time), remote cache hits 0 (0.00s CPU time), compiled 0 variants (0.00s CPU time), skipped 0 variants
    Prepared data for serialisation in 0.00s
Compiling shader "Hidden/Internal-Halo" pass "" (fp)
    Full variant space:         4
    After settings filtering:   4
    After built-in stripping:   1
    After scriptable stripping: 1
    Processed in 0.00 seconds
    starting compilation...
    finished in 0.00 seconds. Local cache hits 1 (0.00s CPU time), remote cache hits 0 (0.00s CPU time), compiled 0 variants (0.00s CPU time), skipped 0 variants
    Prepared data for serialisation in 0.00s
Serialized binary data for shader Hidden/Internal-Halo in 0.00s
    d3d11 (total internal programs: 2, unique: 2)
Compiling shader "Hidden/BlitCopyWithDepth" pass "" (vp)
    Full variant space:         1
    After settings filtering:   1
    After built-in stripping:   1
    After scriptable stripping: 1
    Processed in 0.00 seconds
    starting compilation...
    finished in 0.00 seconds. Local cache hits 1 (0.00s CPU time), remote cache hits 0 (0.00s CPU time), compiled 0 variants (0.00s CPU time), skipped 0 variants
    Prepared data for serialisation in 0.00s
Compiling shader "Hidden/BlitCopyWithDepth" pass "" (fp)
    Full variant space:         1
    After settings filtering:   1
    After built-in stripping:   1
    After scriptable stripping: 1
    Processed in 0.00 seconds
    starting compilation...
    finished in 0.00 seconds. Local cache hits 1 (0.00s CPU time), remote cache hits 0 (0.00s CPU time), compiled 0 variants (0.00s CPU time), skipped 0 variants
    Prepared data for serialisation in 0.00s
Serialized binary data for shader Hidden/BlitCopyWithDepth in 0.00s
    d3d11 (total internal programs: 2, unique: 2)
Compiling shader "Hidden/BlitToDepth" pass "" (vp)
    Full variant space:         1
    After settings filtering:   1
    After built-in stripping:   1
    After scriptable stripping: 1
    Processed in 0.00 seconds
    starting compilation...
    finished in 0.00 seconds. Local cache hits 1 (0.00s CPU time), remote cache hits 0 (0.00s CPU time), compiled 0 variants (0.00s CPU time), skipped 0 variants
    Prepared data for serialisation in 0.00s
Compiling shader "Hidden/BlitToDepth" pass "" (fp)
    Full variant space:         1
    After settings filtering:   1
    After built-in stripping:   1
    After scriptable stripping: 1
    Processed in 0.00 seconds
    starting compilation...
    finished in 0.00 seconds. Local cache hits 1 (0.00s CPU time), remote cache hits 0 (0.00s CPU time), compiled 0 variants (0.00s CPU time), skipped 0 variants
    Prepared data for serialisation in 0.00s
Serialized binary data for shader Hidden/BlitToDepth in 0.00s
    d3d11 (total internal programs: 2, unique: 2)
Compiling shader "Hidden/BlitToDepth_MSAA" pass "" (vp)
    Full variant space:         1
    After settings filtering:   1
    After built-in stripping:   1
    After scriptable stripping: 1
    Processed in 0.00 seconds
    starting compilation...
    finished in 0.00 seconds. Local cache hits 1 (0.00s CPU time), remote cache hits 0 (0.00s CPU time), compiled 0 variants (0.00s CPU time), skipped 0 variants
    Prepared data for serialisation in 0.00s
Compiling shader "Hidden/BlitToDepth_MSAA" pass "" (fp)
    Full variant space:         1
    After settings filtering:   1
    After built-in stripping:   1
    After scriptable stripping: 1
    Processed in 0.00 seconds
    starting compilation...
    finished in 0.00 seconds. Local cache hits 1 (0.00s CPU time), remote cache hits 0 (0.00s CPU time), compiled 0 variants (0.00s CPU time), skipped 0 variants
    Prepared data for serialisation in 0.00s
Serialized binary data for shader Hidden/BlitToDepth_MSAA in 0.00s
    d3d11 (total internal programs: 2, unique: 2)
Compiling shader "Hidden/BlitCopyHDRTonemap" pass "" (vp)
    Full variant space:         1
    After settings filtering:   1
    After built-in stripping:   1
    After scriptable stripping: 1
    Processed in 0.00 seconds
    starting compilation...
    finished in 0.00 seconds. Local cache hits 1 (0.00s CPU time), remote cache hits 0 (0.00s CPU time), compiled 0 variants (0.00s CPU time), skipped 0 variants
    Prepared data for serialisation in 0.00s
Compiling shader "Hidden/BlitCopyHDRTonemap" pass "" (fp)
    Full variant space:         1
    After settings filtering:   1
    After built-in stripping:   1
    After scriptable stripping: 1
    Processed in 0.00 seconds
    starting compilation...
    finished in 0.00 seconds. Local cache hits 1 (0.00s CPU time), remote cache hits 0 (0.00s CPU time), compiled 0 variants (0.00s CPU time), skipped 0 variants
    Prepared data for serialisation in 0.00s
Serialized binary data for shader Hidden/BlitCopyHDRTonemap in 0.00s
    d3d11 (total internal programs: 2, unique: 2)
Compiling shader "Hidden/Internal-DebugPattern" pass "Target Color and DepthStencil" (vp)
    Full variant space:         1
    After settings filtering:   1
    After built-in stripping:   1
    After scriptable stripping: 1
    Processed in 0.00 seconds
    starting compilation...
    finished in 0.00 seconds. Local cache hits 1 (0.00s CPU time), remote cache hits 0 (0.00s CPU time), compiled 0 variants (0.00s CPU time), skipped 0 variants
    Prepared data for serialisation in 0.00s
Compiling shader "Hidden/Internal-DebugPattern" pass "Target Color and DepthStencil" (fp)
    Full variant space:         1
    After settings filtering:   1
    After built-in stripping:   1
    After scriptable stripping: 1
    Processed in 0.00 seconds
    starting compilation...
    finished in 0.00 seconds. Local cache hits 1 (0.00s CPU time), remote cache hits 0 (0.00s CPU time), compiled 0 variants (0.00s CPU time), skipped 0 variants
    Prepared data for serialisation in 0.00s
Compiling shader "Hidden/Internal-DebugPattern" pass "Target only Color" (vp)
    Full variant space:         1
    After settings filtering:   1
    After built-in stripping:   1
    After scriptable stripping: 1
    Processed in 0.00 seconds
    starting compilation...
    finished in 0.00 seconds. Local cache hits 1 (0.00s CPU time), remote cache hits 0 (0.00s CPU time), compiled 0 variants (0.00s CPU time), skipped 0 variants
    Prepared data for serialisation in 0.00s
Compiling shader "Hidden/Internal-DebugPattern" pass "Target only Color" (fp)
    Full variant space:         1
    After settings filtering:   1
    After built-in stripping:   1
    After scriptable stripping: 1
    Processed in 0.00 seconds
    starting compilation...
    finished in 0.00 seconds. Local cache hits 1 (0.00s CPU time), remote cache hits 0 (0.00s CPU time), compiled 0 variants (0.00s CPU time), skipped 0 variants
    Prepared data for serialisation in 0.00s
Compiling shader "Hidden/Internal-DebugPattern" pass "Target only DepthStencil" (vp)
    Full variant space:         1
    After settings filtering:   1
    After built-in stripping:   1
    After scriptable stripping: 1
    Processed in 0.00 seconds
    starting compilation...
    finished in 0.00 seconds. Local cache hits 1 (0.00s CPU time), remote cache hits 0 (0.00s CPU time), compiled 0 variants (0.00s CPU time), skipped 0 variants
    Prepared data for serialisation in 0.00s
Compiling shader "Hidden/Internal-DebugPattern" pass "Target only DepthStencil" (fp)
    Full variant space:         1
    After settings filtering:   1
    After built-in stripping:   1
    After scriptable stripping: 1
    Processed in 0.00 seconds
    starting compilation...
    finished in 0.00 seconds. Local cache hits 1 (0.00s CPU time), remote cache hits 0 (0.00s CPU time), compiled 0 variants (0.00s CPU time), skipped 0 variants
    Prepared data for serialisation in 0.00s
Serialized binary data for shader Hidden/Internal-DebugPattern in 0.00s
    d3d11 (total internal programs: 6, unique: 4)
Compiling shader "Hidden/Internal-GUITextureClip" pass "" (vp)
    Full variant space:         1
    After settings filtering:   1
    After built-in stripping:   1
    After scriptable stripping: 1
    Processed in 0.00 seconds
    starting compilation...
    finished in 0.00 seconds. Local cache hits 1 (0.00s CPU time), remote cache hits 0 (0.00s CPU time), compiled 0 variants (0.00s CPU time), skipped 0 variants
    Prepared data for serialisation in 0.00s
Compiling shader "Hidden/Internal-GUITextureClip" pass "" (fp)
    Full variant space:         1
    After settings filtering:   1
    After built-in stripping:   1
    After scriptable stripping: 1
    Processed in 0.00 seconds
    starting compilation...
    finished in 0.00 seconds. Local cache hits 1 (0.00s CPU time), remote cache hits 0 (0.00s CPU time), compiled 0 variants (0.00s CPU time), skipped 0 variants
    Prepared data for serialisation in 0.00s
Compiling shader "Hidden/Internal-GUITextureClip" pass "" (vp)
    Full variant space:         1
    After settings filtering:   1
    After built-in stripping:   1
    After scriptable stripping: 1
    Processed in 0.00 seconds
    starting compilation...
    finished in 0.00 seconds. Local cache hits 1 (0.00s CPU time), remote cache hits 0 (0.00s CPU time), compiled 0 variants (0.00s CPU time), skipped 0 variants
    Prepared data for serialisation in 0.00s
Compiling shader "Hidden/Internal-GUITextureClip" pass "" (fp)
    Full variant space:         1
    After settings filtering:   1
    After built-in stripping:   1
    After scriptable stripping: 1
    Processed in 0.00 seconds
    starting compilation...
    finished in 0.00 seconds. Local cache hits 1 (0.00s CPU time), remote cache hits 0 (0.00s CPU time), compiled 0 variants (0.00s CPU time), skipped 0 variants
    Prepared data for serialisation in 0.00s
Serialized binary data for shader Hidden/Internal-GUITextureClip in 0.00s
    d3d11 (total internal programs: 4, unique: 2)
Compiling shader "Hidden/Internal-GUITextureClipText" pass "" (vp)
    Full variant space:         1
    After settings filtering:   1
    After built-in stripping:   1
    After scriptable stripping: 1
    Processed in 0.00 seconds
    starting compilation...
    finished in 0.00 seconds. Local cache hits 1 (0.00s CPU time), remote cache hits 0 (0.00s CPU time), compiled 0 variants (0.00s CPU time), skipped 0 variants
    Prepared data for serialisation in 0.00s
Compiling shader "Hidden/Internal-GUITextureClipText" pass "" (fp)
    Full variant space:         1
    After settings filtering:   1
    After built-in stripping:   1
    After scriptable stripping: 1
    Processed in 0.00 seconds
    starting compilation...
    finished in 0.00 seconds. Local cache hits 1 (0.00s CPU time), remote cache hits 0 (0.00s CPU time), compiled 0 variants (0.00s CPU time), skipped 0 variants
    Prepared data for serialisation in 0.00s
Compiling shader "Hidden/Internal-GUITextureClipText" pass "" (vp)
    Full variant space:         1
    After settings filtering:   1
    After built-in stripping:   1
    After scriptable stripping: 1
    Processed in 0.00 seconds
    starting compilation...
    finished in 0.00 seconds. Local cache hits 1 (0.00s CPU time), remote cache hits 0 (0.00s CPU time), compiled 0 variants (0.00s CPU time), skipped 0 variants
    Prepared data for serialisation in 0.00s
Compiling shader "Hidden/Internal-GUITextureClipText" pass "" (fp)
    Full variant space:         1
    After settings filtering:   1
    After built-in stripping:   1
    After scriptable stripping: 1
    Processed in 0.00 seconds
    starting compilation...
    finished in 0.00 seconds. Local cache hits 1 (0.00s CPU time), remote cache hits 0 (0.00s CPU time), compiled 0 variants (0.00s CPU time), skipped 0 variants
    Prepared data for serialisation in 0.00s
Serialized binary data for shader Hidden/Internal-GUITextureClipText in 0.00s
    d3d11 (total internal programs: 4, unique: 2)
Compiling shader "Hidden/Internal-GUITexture" pass "" (vp)
    Full variant space:         1
    After settings filtering:   1
    After built-in stripping:   1
    After scriptable stripping: 1
    Processed in 0.00 seconds
    starting compilation...
    finished in 0.00 seconds. Local cache hits 1 (0.00s CPU time), remote cache hits 0 (0.00s CPU time), compiled 0 variants (0.00s CPU time), skipped 0 variants
    Prepared data for serialisation in 0.00s
Compiling shader "Hidden/Internal-GUITexture" pass "" (fp)
    Full variant space:         1
    After settings filtering:   1
    After built-in stripping:   1
    After scriptable stripping: 1
    Processed in 0.00 seconds
    starting compilation...
    finished in 0.00 seconds. Local cache hits 1 (0.00s CPU time), remote cache hits 0 (0.00s CPU time), compiled 0 variants (0.00s CPU time), skipped 0 variants
    Prepared data for serialisation in 0.00s
Compiling shader "Hidden/Internal-GUITexture" pass "" (vp)
    Full variant space:         1
    After settings filtering:   1
    After built-in stripping:   1
    After scriptable stripping: 1
    Processed in 0.00 seconds
    starting compilation...
    finished in 0.00 seconds. Local cache hits 1 (0.00s CPU time), remote cache hits 0 (0.00s CPU time), compiled 0 variants (0.00s CPU time), skipped 0 variants
    Prepared data for serialisation in 0.00s
Compiling shader "Hidden/Internal-GUITexture" pass "" (fp)
    Full variant space:         1
    After settings filtering:   1
    After built-in stripping:   1
    After scriptable stripping: 1
    Processed in 0.00 seconds
    starting compilation...
    finished in 0.00 seconds. Local cache hits 1 (0.00s CPU time), remote cache hits 0 (0.00s CPU time), compiled 0 variants (0.00s CPU time), skipped 0 variants
    Prepared data for serialisation in 0.00s
Serialized binary data for shader Hidden/Internal-GUITexture in 0.00s
    d3d11 (total internal programs: 4, unique: 2)
Compiling shader "Hidden/Internal-GUITextureBlit" pass "" (vp)
    Full variant space:         1
    After settings filtering:   1
    After built-in stripping:   1
    After scriptable stripping: 1
    Processed in 0.00 seconds
    starting compilation...
    finished in 0.00 seconds. Local cache hits 1 (0.00s CPU time), remote cache hits 0 (0.00s CPU time), compiled 0 variants (0.00s CPU time), skipped 0 variants
    Prepared data for serialisation in 0.00s
Compiling shader "Hidden/Internal-GUITextureBlit" pass "" (fp)
    Full variant space:         1
    After settings filtering:   1
    After built-in stripping:   1
    After scriptable stripping: 1
    Processed in 0.00 seconds
    starting compilation...
    finished in 0.00 seconds. Local cache hits 1 (0.00s CPU time), remote cache hits 0 (0.00s CPU time), compiled 0 variants (0.00s CPU time), skipped 0 variants
    Prepared data for serialisation in 0.00s
Compiling shader "Hidden/Internal-GUITextureBlit" pass "" (vp)
    Full variant space:         1
    After settings filtering:   1
    After built-in stripping:   1
    After scriptable stripping: 1
    Processed in 0.00 seconds
    starting compilation...
    finished in 0.00 seconds. Local cache hits 1 (0.00s CPU time), remote cache hits 0 (0.00s CPU time), compiled 0 variants (0.00s CPU time), skipped 0 variants
    Prepared data for serialisation in 0.00s
Compiling shader "Hidden/Internal-GUITextureBlit" pass "" (fp)
    Full variant space:         1
    After settings filtering:   1
    After built-in stripping:   1
    After scriptable stripping: 1
    Processed in 0.00 seconds
    starting compilation...
    finished in 0.00 seconds. Local cache hits 1 (0.00s CPU time), remote cache hits 0 (0.00s CPU time), compiled 0 variants (0.00s CPU time), skipped 0 variants
    Prepared data for serialisation in 0.00s
Serialized binary data for shader Hidden/Internal-GUITextureBlit in 0.00s
    d3d11 (total internal programs: 4, unique: 2)
Compiling shader "Hidden/Internal-GUIRoundedRect" pass "" (vp)
    Full variant space:         1
    After settings filtering:   1
    After built-in stripping:   1
    After scriptable stripping: 1
    Processed in 0.00 seconds
    starting compilation...
    finished in 0.00 seconds. Local cache hits 1 (0.00s CPU time), remote cache hits 0 (0.00s CPU time), compiled 0 variants (0.00s CPU time), skipped 0 variants
    Prepared data for serialisation in 0.00s
Compiling shader "Hidden/Internal-GUIRoundedRect" pass "" (fp)
    Full variant space:         1
    After settings filtering:   1
    After built-in stripping:   1
    After scriptable stripping: 1
    Processed in 0.00 seconds
    starting compilation...
    finished in 0.00 seconds. Local cache hits 1 (0.00s CPU time), remote cache hits 0 (0.00s CPU time), compiled 0 variants (0.00s CPU time), skipped 0 variants
    Prepared data for serialisation in 0.00s
Compiling shader "Hidden/Internal-GUIRoundedRect" pass "" (vp)
    Full variant space:         1
    After settings filtering:   1
    After built-in stripping:   1
    After scriptable stripping: 1
    Processed in 0.00 seconds
    starting compilation...
    finished in 0.00 seconds. Local cache hits 1 (0.00s CPU time), remote cache hits 0 (0.00s CPU time), compiled 0 variants (0.00s CPU time), skipped 0 variants
    Prepared data for serialisation in 0.00s
Compiling shader "Hidden/Internal-GUIRoundedRect" pass "" (fp)
    Full variant space:         1
    After settings filtering:   1
    After built-in stripping:   1
    After scriptable stripping: 1
    Processed in 0.00 seconds
    starting compilation...
    finished in 0.00 seconds. Local cache hits 1 (0.00s CPU time), remote cache hits 0 (0.00s CPU time), compiled 0 variants (0.00s CPU time), skipped 0 variants
    Prepared data for serialisation in 0.00s
Serialized binary data for shader Hidden/Internal-GUIRoundedRect in 0.00s
    d3d11 (total internal programs: 4, unique: 2)
Compiling shader "Hidden/Internal-GUIRoundedRectWithColorPerBorder" pass "" (vp)
    Full variant space:         1
    After settings filtering:   1
    After built-in stripping:   1
    After scriptable stripping: 1
    Processed in 0.00 seconds
    starting compilation...
    finished in 0.00 seconds. Local cache hits 1 (0.00s CPU time), remote cache hits 0 (0.00s CPU time), compiled 0 variants (0.00s CPU time), skipped 0 variants
    Prepared data for serialisation in 0.00s
Compiling shader "Hidden/Internal-GUIRoundedRectWithColorPerBorder" pass "" (fp)
    Full variant space:         1
    After settings filtering:   1
    After built-in stripping:   1
    After scriptable stripping: 1
    Processed in 0.00 seconds
    starting compilation...
    finished in 0.00 seconds. Local cache hits 1 (0.00s CPU time), remote cache hits 0 (0.00s CPU time), compiled 0 variants (0.00s CPU time), skipped 0 variants
    Prepared data for serialisation in 0.00s
Compiling shader "Hidden/Internal-GUIRoundedRectWithColorPerBorder" pass "" (vp)
    Full variant space:         1
    After settings filtering:   1
    After built-in stripping:   1
    After scriptable stripping: 1
    Processed in 0.00 seconds
    starting compilation...
    finished in 0.00 seconds. Local cache hits 1 (0.00s CPU time), remote cache hits 0 (0.00s CPU time), compiled 0 variants (0.00s CPU time), skipped 0 variants
    Prepared data for serialisation in 0.00s
Compiling shader "Hidden/Internal-GUIRoundedRectWithColorPerBorder" pass "" (fp)
    Full variant space:         1
    After settings filtering:   1
    After built-in stripping:   1
    After scriptable stripping: 1
    Processed in 0.00 seconds
    starting compilation...
    finished in 0.00 seconds. Local cache hits 1 (0.00s CPU time), remote cache hits 0 (0.00s CPU time), compiled 0 variants (0.00s CPU time), skipped 0 variants
    Prepared data for serialisation in 0.00s
Serialized binary data for shader Hidden/Internal-GUIRoundedRectWithColorPerBorder in 0.00s
    d3d11 (total internal programs: 4, unique: 2)
Compiling shader "Hidden/Internal-UIRDefault" pass "" (vp)
    Full variant space:         1
    After settings filtering:   1
    After built-in stripping:   1
    After scriptable stripping: 1
    Processed in 0.00 seconds
    starting compilation...
    finished in 0.00 seconds. Local cache hits 1 (0.00s CPU time), remote cache hits 0 (0.00s CPU time), compiled 0 variants (0.00s CPU time), skipped 0 variants
    Prepared data for serialisation in 0.00s
Compiling shader "Hidden/Internal-UIRDefault" pass "" (fp)
    Full variant space:         1
    After settings filtering:   1
    After built-in stripping:   1
    After scriptable stripping: 1
    Processed in 0.00 seconds
    starting compilation...
    finished in 0.00 seconds. Local cache hits 1 (0.00s CPU time), remote cache hits 0 (0.00s CPU time), compiled 0 variants (0.00s CPU time), skipped 0 variants
    Prepared data for serialisation in 0.00s
Compiling shader "Hidden/Internal-UIRDefault" pass "" (vp)
    Full variant space:         1
    After settings filtering:   1
    After built-in stripping:   1
    After scriptable stripping: 1
    Processed in 0.00 seconds
    starting compilation...
    finished in 0.00 seconds. Local cache hits 1 (0.00s CPU time), remote cache hits 0 (0.00s CPU time), compiled 0 variants (0.00s CPU time), skipped 0 variants
    Prepared data for serialisation in 0.00s
Compiling shader "Hidden/Internal-UIRDefault" pass "" (fp)
    Full variant space:         1
    After settings filtering:   1
    After built-in stripping:   1
    After scriptable stripping: 1
    Processed in 0.00 seconds
    starting compilation...
    finished in 0.00 seconds. Local cache hits 1 (0.00s CPU time), remote cache hits 0 (0.00s CPU time), compiled 0 variants (0.00s CPU time), skipped 0 variants
    Prepared data for serialisation in 0.00s
Serialized binary data for shader Hidden/Internal-UIRDefault in 0.00s
    d3d11 (total internal programs: 4, unique: 4)
Compiling shader "Hidden/Internal-UIRAtlasBlitCopy" pass "" (vp)
    Full variant space:         1
    After settings filtering:   1
    After built-in stripping:   1
    After scriptable stripping: 1
    Processed in 0.00 seconds
    starting compilation...
    finished in 0.00 seconds. Local cache hits 1 (0.00s CPU time), remote cache hits 0 (0.00s CPU time), compiled 0 variants (0.00s CPU time), skipped 0 variants
    Prepared data for serialisation in 0.00s
Compiling shader "Hidden/Internal-UIRAtlasBlitCopy" pass "" (fp)
    Full variant space:         1
    After settings filtering:   1
    After built-in stripping:   1
    After scriptable stripping: 1
    Processed in 0.00 seconds
    starting compilation...
    finished in 0.00 seconds. Local cache hits 1 (0.00s CPU time), remote cache hits 0 (0.00s CPU time), compiled 0 variants (0.00s CPU time), skipped 0 variants
    Prepared data for serialisation in 0.00s
Serialized binary data for shader Hidden/Internal-UIRAtlasBlitCopy in 0.00s
    d3d11 (total internal programs: 2, unique: 2)
Compiling shader "Hidden/Internal-UIRDefaultWorld" pass "" (vp)
    Full variant space:         1
    After settings filtering:   1
    After built-in stripping:   1
    After scriptable stripping: 1
    Processed in 0.00 seconds
    starting compilation...
    finished in 0.00 seconds. Local cache hits 1 (0.00s CPU time), remote cache hits 0 (0.00s CPU time), compiled 0 variants (0.00s CPU time), skipped 0 variants
    Prepared data for serialisation in 0.00s
Compiling shader "Hidden/Internal-UIRDefaultWorld" pass "" (fp)
    Full variant space:         1
    After settings filtering:   1
    After built-in stripping:   1
    After scriptable stripping: 1
    Processed in 0.00 seconds
    starting compilation...
    finished in 0.00 seconds. Local cache hits 1 (0.00s CPU time), remote cache hits 0 (0.00s CPU time), compiled 0 variants (0.00s CPU time), skipped 0 variants
    Prepared data for serialisation in 0.00s
Compiling shader "Hidden/Internal-UIRDefaultWorld" pass "" (vp)
    Full variant space:         1
    After settings filtering:   1
    After built-in stripping:   1
    After scriptable stripping: 1
    Processed in 0.00 seconds
    starting compilation...
    finished in 0.00 seconds. Local cache hits 1 (0.00s CPU time), remote cache hits 0 (0.00s CPU time), compiled 0 variants (0.00s CPU time), skipped 0 variants
    Prepared data for serialisation in 0.00s
Compiling shader "Hidden/Internal-UIRDefaultWorld" pass "" (fp)
    Full variant space:         1
    After settings filtering:   1
    After built-in stripping:   1
    After scriptable stripping: 1
    Processed in 0.00 seconds
    starting compilation...
    finished in 0.00 seconds. Local cache hits 1 (0.00s CPU time), remote cache hits 0 (0.00s CPU time), compiled 0 variants (0.00s CPU time), skipped 0 variants
    Prepared data for serialisation in 0.00s
Serialized binary data for shader Hidden/Internal-UIRDefaultWorld in 0.00s
    d3d11 (total internal programs: 4, unique: 4)
Compiling shader "Sprites/Default" pass "" (vp)
    Full variant space:         8
    After settings filtering:   8
    After built-in stripping:   4
    After scriptable stripping: 4
    Processed in 0.00 seconds
    starting compilation...
    finished in 0.00 seconds. Local cache hits 4 (0.00s CPU time), remote cache hits 0 (0.00s CPU time), compiled 0 variants (0.00s CPU time), skipped 0 variants
    Prepared data for serialisation in 0.00s
Compiling shader "Sprites/Default" pass "" (fp)
    Full variant space:         8
    After settings filtering:   8
    After built-in stripping:   4
    After scriptable stripping: 4
    Processed in 0.00 seconds
    starting compilation...
    finished in 0.00 seconds. Local cache hits 4 (0.00s CPU time), remote cache hits 0 (0.00s CPU time), compiled 0 variants (0.00s CPU time), skipped 0 variants
    Prepared data for serialisation in 0.00s
Serialized binary data for shader Sprites/Default in 0.00s
    d3d11 (total internal programs: 8, unique: 8)
Compiling shader "Sprites/Mask" pass "" (vp)
    Full variant space:         4
    After settings filtering:   4
    After built-in stripping:   4
    After scriptable stripping: 4
    Processed in 0.00 seconds
    starting compilation...
    finished in 0.00 seconds. Local cache hits 4 (0.00s CPU time), remote cache hits 0 (0.00s CPU time), compiled 0 variants (0.00s CPU time), skipped 0 variants
    Prepared data for serialisation in 0.00s
Compiling shader "Sprites/Mask" pass "" (fp)
    Full variant space:         4
    After settings filtering:   4
    After built-in stripping:   4
    After scriptable stripping: 4
    Processed in 0.00 seconds
    starting compilation...
    finished in 0.00 seconds. Local cache hits 4 (0.00s CPU time), remote cache hits 0 (0.00s CPU time), compiled 0 variants (0.00s CPU time), skipped 0 variants
    Prepared data for serialisation in 0.00s
Serialized binary data for shader Sprites/Mask in 0.00s
    d3d11 (total internal programs: 8, unique: 8)
Compiling shader "UI/Default" pass "Default" (vp)
    Full variant space:         4
    After settings filtering:   4
    After built-in stripping:   4
    After scriptable stripping: 4
    Processed in 0.00 seconds
    starting compilation...
    finished in 0.00 seconds. Local cache hits 4 (0.00s CPU time), remote cache hits 0 (0.00s CPU time), compiled 0 variants (0.00s CPU time), skipped 0 variants
    Prepared data for serialisation in 0.00s
Compiling shader "UI/Default" pass "Default" (fp)
    Full variant space:         4
    After settings filtering:   4
    After built-in stripping:   4
    After scriptable stripping: 4
    Processed in 0.00 seconds
    starting compilation...
    finished in 0.00 seconds. Local cache hits 4 (0.00s CPU time), remote cache hits 0 (0.00s CPU time), compiled 0 variants (0.00s CPU time), skipped 0 variants
    Prepared data for serialisation in 0.00s
Serialized binary data for shader UI/Default in 0.00s
    d3d11 (total internal programs: 8, unique: 8)
Compiling shader "UI/DefaultETC1" pass "Default" (vp)
    Full variant space:         4
    After settings filtering:   4
    After built-in stripping:   4
    After scriptable stripping: 4
    Processed in 0.00 seconds
    starting compilation...
    finished in 0.00 seconds. Local cache hits 4 (0.01s CPU time), remote cache hits 0 (0.00s CPU time), compiled 0 variants (0.00s CPU time), skipped 0 variants
    Prepared data for serialisation in 0.00s
Compiling shader "UI/DefaultETC1" pass "Default" (fp)
    Full variant space:         4
    After settings filtering:   4
    After built-in stripping:   4
    After scriptable stripping: 4
    Processed in 0.00 seconds
    starting compilation...
    finished in 0.00 seconds. Local cache hits 4 (0.00s CPU time), remote cache hits 0 (0.00s CPU time), compiled 0 variants (0.00s CPU time), skipped 0 variants
    Prepared data for serialisation in 0.00s
Serialized binary data for shader UI/DefaultETC1 in 0.00s
    d3d11 (total internal programs: 8, unique: 8)
Compiling shader "Hidden/CubeBlur" pass "" (vp)
    Full variant space:         1
    After settings filtering:   1
    After built-in stripping:   1
    After scriptable stripping: 1
    Processed in 0.00 seconds
    starting compilation...
    finished in 0.00 seconds. Local cache hits 1 (0.00s CPU time), remote cache hits 0 (0.00s CPU time), compiled 0 variants (0.00s CPU time), skipped 0 variants
    Prepared data for serialisation in 0.00s
Compiling shader "Hidden/CubeBlur" pass "" (fp)
    Full variant space:         1
    After settings filtering:   1
    After built-in stripping:   1
    After scriptable stripping: 1
    Processed in 0.00 seconds
    starting compilation...
    finished in 0.00 seconds. Local cache hits 1 (0.00s CPU time), remote cache hits 0 (0.00s CPU time), compiled 0 variants (0.00s CPU time), skipped 0 variants
    Prepared data for serialisation in 0.00s
Compiling shader "Hidden/CubeBlur" pass "" (vp)
    Full variant space:         1
    After settings filtering:   1
    After built-in stripping:   1
    After scriptable stripping: 1
    Processed in 0.00 seconds
    starting compilation...
    finished in 0.00 seconds. Local cache hits 1 (0.00s CPU time), remote cache hits 0 (0.00s CPU time), compiled 0 variants (0.00s CPU time), skipped 0 variants
    Prepared data for serialisation in 0.00s
Compiling shader "Hidden/CubeBlur" pass "" (fp)
    Full variant space:         1
    After settings filtering:   1
    After built-in stripping:   1
    After scriptable stripping: 1
    Processed in 0.00 seconds
    starting compilation...
    finished in 0.00 seconds. Local cache hits 1 (0.00s CPU time), remote cache hits 0 (0.00s CPU time), compiled 0 variants (0.00s CPU time), skipped 0 variants
    Prepared data for serialisation in 0.00s
Serialized binary data for shader Hidden/CubeBlur in 0.00s
    d3d11 (total internal programs: 4, unique: 3)
Compiling shader "Hidden/CubeCopy" pass "" (vp)
    Full variant space:         1
    After settings filtering:   1
    After built-in stripping:   1
    After scriptable stripping: 1
    Processed in 0.00 seconds
    starting compilation...
    finished in 0.00 seconds. Local cache hits 1 (0.00s CPU time), remote cache hits 0 (0.00s CPU time), compiled 0 variants (0.00s CPU time), skipped 0 variants
    Prepared data for serialisation in 0.00s
Compiling shader "Hidden/CubeCopy" pass "" (fp)
    Full variant space:         1
    After settings filtering:   1
    After built-in stripping:   1
    After scriptable stripping: 1
    Processed in 0.00 seconds
    starting compilation...
    finished in 0.00 seconds. Local cache hits 1 (0.00s CPU time), remote cache hits 0 (0.00s CPU time), compiled 0 variants (0.00s CPU time), skipped 0 variants
    Prepared data for serialisation in 0.00s
Compiling shader "Hidden/CubeCopy" pass "" (vp)
    Full variant space:         1
    After settings filtering:   1
    After built-in stripping:   1
    After scriptable stripping: 1
    Processed in 0.00 seconds
    starting compilation...
    finished in 0.00 seconds. Local cache hits 1 (0.00s CPU time), remote cache hits 0 (0.00s CPU time), compiled 0 variants (0.00s CPU time), skipped 0 variants
    Prepared data for serialisation in 0.00s
Compiling shader "Hidden/CubeCopy" pass "" (fp)
    Full variant space:         1
    After settings filtering:   1
    After built-in stripping:   1
    After scriptable stripping: 1
    Processed in 0.00 seconds
    starting compilation...
    finished in 0.00 seconds. Local cache hits 1 (0.00s CPU time), remote cache hits 0 (0.00s CPU time), compiled 0 variants (0.00s CPU time), skipped 0 variants
    Prepared data for serialisation in 0.00s
Serialized binary data for shader Hidden/CubeCopy in 0.00s
    d3d11 (total internal programs: 4, unique: 2)
Compiling shader "Hidden/CubeBlend" pass "" (vp)
    Full variant space:         1
    After settings filtering:   1
    After built-in stripping:   1
    After scriptable stripping: 1
    Processed in 0.00 seconds
    starting compilation...
    finished in 0.00 seconds. Local cache hits 1 (0.00s CPU time), remote cache hits 0 (0.00s CPU time), compiled 0 variants (0.00s CPU time), skipped 0 variants
    Prepared data for serialisation in 0.00s
Compiling shader "Hidden/CubeBlend" pass "" (fp)
    Full variant space:         1
    After settings filtering:   1
    After built-in stripping:   1
    After scriptable stripping: 1
    Processed in 0.00 seconds
    starting compilation...
    finished in 0.00 seconds. Local cache hits 1 (0.00s CPU time), remote cache hits 0 (0.00s CPU time), compiled 0 variants (0.00s CPU time), skipped 0 variants
    Prepared data for serialisation in 0.00s
Compiling shader "Hidden/CubeBlend" pass "" (vp)
    Full variant space:         1
    After settings filtering:   1
    After built-in stripping:   1
    After scriptable stripping: 1
    Processed in 0.00 seconds
    starting compilation...
    finished in 0.00 seconds. Local cache hits 1 (0.00s CPU time), remote cache hits 0 (0.00s CPU time), compiled 0 variants (0.00s CPU time), skipped 0 variants
    Prepared data for serialisation in 0.00s
Compiling shader "Hidden/CubeBlend" pass "" (fp)
    Full variant space:         1
    After settings filtering:   1
    After built-in stripping:   1
    After scriptable stripping: 1
    Processed in 0.00 seconds
    starting compilation...
    finished in 0.00 seconds. Local cache hits 1 (0.00s CPU time), remote cache hits 0 (0.00s CPU time), compiled 0 variants (0.00s CPU time), skipped 0 variants
    Prepared data for serialisation in 0.00s
Serialized binary data for shader Hidden/CubeBlend in 0.00s
    d3d11 (total internal programs: 4, unique: 2)
Compiling shader "Hidden/VR/BlitTexArraySlice" pass "" (vp)
    Full variant space:         1
    After settings filtering:   1
    After built-in stripping:   1
    After scriptable stripping: 1
    Processed in 0.00 seconds
    starting compilation...
    finished in 0.00 seconds. Local cache hits 1 (0.00s CPU time), remote cache hits 0 (0.00s CPU time), compiled 0 variants (0.00s CPU time), skipped 0 variants
    Prepared data for serialisation in 0.00s
Compiling shader "Hidden/VR/BlitTexArraySlice" pass "" (fp)
    Full variant space:         1
    After settings filtering:   1
    After built-in stripping:   1
    After scriptable stripping: 1
    Processed in 0.00 seconds
    starting compilation...
    finished in 0.00 seconds. Local cache hits 1 (0.00s CPU time), remote cache hits 0 (0.00s CPU time), compiled 0 variants (0.00s CPU time), skipped 0 variants
    Prepared data for serialisation in 0.00s
Serialized binary data for shader Hidden/VR/BlitTexArraySlice in 0.00s
    d3d11 (total internal programs: 2, unique: 2)
Compiling shader "Hidden/Internal-ODSWorldTexture" pass "" (vp)
    Full variant space:         1
    After settings filtering:   1
    After built-in stripping:   1
    After scriptable stripping: 1
    Processed in 0.00 seconds
    starting compilation...
    finished in 0.00 seconds. Local cache hits 1 (0.00s CPU time), remote cache hits 0 (0.00s CPU time), compiled 0 variants (0.00s CPU time), skipped 0 variants
    Prepared data for serialisation in 0.00s
Compiling shader "Hidden/Internal-ODSWorldTexture" pass "" (fp)
    Full variant space:         1
    After settings filtering:   1
    After built-in stripping:   1
    After scriptable stripping: 1
    Processed in 0.00 seconds
    starting compilation...
    finished in 0.00 seconds. Local cache hits 1 (0.00s CPU time), remote cache hits 0 (0.00s CPU time), compiled 0 variants (0.00s CPU time), skipped 0 variants
    Prepared data for serialisation in 0.00s
Compiling shader "Hidden/Internal-ODSWorldTexture" pass "" (vp)
    Full variant space:         1
    After settings filtering:   1
    After built-in stripping:   1
    After scriptable stripping: 1
    Processed in 0.00 seconds
    starting compilation...
    finished in 0.00 seconds. Local cache hits 1 (0.00s CPU time), remote cache hits 0 (0.00s CPU time), compiled 0 variants (0.00s CPU time), skipped 0 variants
    Prepared data for serialisation in 0.00s
Compiling shader "Hidden/Internal-ODSWorldTexture" pass "" (fp)
    Full variant space:         1
    After settings filtering:   1
    After built-in stripping:   1
    After scriptable stripping: 1
    Processed in 0.00 seconds
    starting compilation...
    finished in 0.00 seconds. Local cache hits 1 (0.00s CPU time), remote cache hits 0 (0.00s CPU time), compiled 0 variants (0.00s CPU time), skipped 0 variants
    Prepared data for serialisation in 0.00s
Compiling shader "Hidden/Internal-ODSWorldTexture" pass "" (vp)
    Full variant space:         1
    After settings filtering:   1
    After built-in stripping:   1
    After scriptable stripping: 1
    Processed in 0.00 seconds
    starting compilation...
    finished in 0.00 seconds. Local cache hits 1 (0.00s CPU time), remote cache hits 0 (0.00s CPU time), compiled 0 variants (0.00s CPU time), skipped 0 variants
    Prepared data for serialisation in 0.00s
Compiling shader "Hidden/Internal-ODSWorldTexture" pass "" (fp)
    Full variant space:         1
    After settings filtering:   1
    After built-in stripping:   1
    After scriptable stripping: 1
    Processed in 0.00 seconds
    starting compilation...
    finished in 0.00 seconds. Local cache hits 1 (0.00s CPU time), remote cache hits 0 (0.00s CPU time), compiled 0 variants (0.00s CPU time), skipped 0 variants
    Prepared data for serialisation in 0.00s
Compiling shader "Hidden/Internal-ODSWorldTexture" pass "" (vp)
    Full variant space:         1
    After settings filtering:   1
    After built-in stripping:   1
    After scriptable stripping: 1
    Processed in 0.00 seconds
    starting compilation...
    finished in 0.00 seconds. Local cache hits 1 (0.00s CPU time), remote cache hits 0 (0.00s CPU time), compiled 0 variants (0.00s CPU time), skipped 0 variants
    Prepared data for serialisation in 0.00s
Compiling shader "Hidden/Internal-ODSWorldTexture" pass "" (fp)
    Full variant space:         1
    After settings filtering:   1
    After built-in stripping:   1
    After scriptable stripping: 1
    Processed in 0.00 seconds
    starting compilation...
    finished in 0.00 seconds. Local cache hits 1 (0.00s CPU time), remote cache hits 0 (0.00s CPU time), compiled 0 variants (0.00s CPU time), skipped 0 variants
    Prepared data for serialisation in 0.00s
Compiling shader "Hidden/Internal-ODSWorldTexture" pass "" (vp)
    Full variant space:         1
    After settings filtering:   1
    After built-in stripping:   1
    After scriptable stripping: 1
    Processed in 0.00 seconds
    starting compilation...
    finished in 0.00 seconds. Local cache hits 1 (0.00s CPU time), remote cache hits 0 (0.00s CPU time), compiled 0 variants (0.00s CPU time), skipped 0 variants
    Prepared data for serialisation in 0.00s
Compiling shader "Hidden/Internal-ODSWorldTexture" pass "" (fp)
    Full variant space:         1
    After settings filtering:   1
    After built-in stripping:   1
    After scriptable stripping: 1
    Processed in 0.00 seconds
    starting compilation...
    finished in 0.00 seconds. Local cache hits 1 (0.00s CPU time), remote cache hits 0 (0.00s CPU time), compiled 0 variants (0.00s CPU time), skipped 0 variants
    Prepared data for serialisation in 0.00s
Compiling shader "Hidden/Internal-ODSWorldTexture" pass "" (vp)
    Full variant space:         1
    After settings filtering:   1
    After built-in stripping:   1
    After scriptable stripping: 1
    Processed in 0.00 seconds
    starting compilation...
    finished in 0.00 seconds. Local cache hits 1 (0.00s CPU time), remote cache hits 0 (0.00s CPU time), compiled 0 variants (0.00s CPU time), skipped 0 variants
    Prepared data for serialisation in 0.00s
Compiling shader "Hidden/Internal-ODSWorldTexture" pass "" (fp)
    Full variant space:         1
    After settings filtering:   1
    After built-in stripping:   1
    After scriptable stripping: 1
    Processed in 0.00 seconds
    starting compilation...
    finished in 0.00 seconds. Local cache hits 1 (0.00s CPU time), remote cache hits 0 (0.00s CPU time), compiled 0 variants (0.00s CPU time), skipped 0 variants
    Prepared data for serialisation in 0.00s
Compiling shader "Hidden/Internal-ODSWorldTexture" pass "" (vp)
    Full variant space:         1
    After settings filtering:   1
    After built-in stripping:   1
    After scriptable stripping: 1
    Processed in 0.00 seconds
    starting compilation...
    finished in 0.00 seconds. Local cache hits 1 (0.00s CPU time), remote cache hits 0 (0.00s CPU time), compiled 0 variants (0.00s CPU time), skipped 0 variants
    Prepared data for serialisation in 0.00s
Compiling shader "Hidden/Internal-ODSWorldTexture" pass "" (fp)
    Full variant space:         1
    After settings filtering:   1
    After built-in stripping:   1
    After scriptable stripping: 1
    Processed in 0.00 seconds
    starting compilation...
    finished in 0.00 seconds. Local cache hits 1 (0.00s CPU time), remote cache hits 0 (0.00s CPU time), compiled 0 variants (0.00s CPU time), skipped 0 variants
    Prepared data for serialisation in 0.00s
Compiling shader "Hidden/Internal-ODSWorldTexture" pass "" (vp)
    Full variant space:         1
    After settings filtering:   1
    After built-in stripping:   1
    After scriptable stripping: 1
    Processed in 0.00 seconds
    starting compilation...
    finished in 0.00 seconds. Local cache hits 1 (0.00s CPU time), remote cache hits 0 (0.00s CPU time), compiled 0 variants (0.00s CPU time), skipped 0 variants
    Prepared data for serialisation in 0.00s
Compiling shader "Hidden/Internal-ODSWorldTexture" pass "" (fp)
    Full variant space:         1
    After settings filtering:   1
    After built-in stripping:   1
    After scriptable stripping: 1
    Processed in 0.00 seconds
    starting compilation...
    finished in 0.00 seconds. Local cache hits 1 (0.00s CPU time), remote cache hits 0 (0.00s CPU time), compiled 0 variants (0.00s CPU time), skipped 0 variants
    Prepared data for serialisation in 0.00s
Compiling shader "Hidden/Internal-ODSWorldTexture" pass "" (vp)
    Full variant space:         1
    After settings filtering:   1
    After built-in stripping:   1
    After scriptable stripping: 1
    Processed in 0.00 seconds
    starting compilation...
    finished in 0.00 seconds. Local cache hits 1 (0.00s CPU time), remote cache hits 0 (0.00s CPU time), compiled 0 variants (0.00s CPU time), skipped 0 variants
    Prepared data for serialisation in 0.00s
Compiling shader "Hidden/Internal-ODSWorldTexture" pass "" (fp)
    Full variant space:         1
    After settings filtering:   1
    After built-in stripping:   1
    After scriptable stripping: 1
    Processed in 0.00 seconds
    starting compilation...
    finished in 0.00 seconds. Local cache hits 1 (0.00s CPU time), remote cache hits 0 (0.00s CPU time), compiled 0 variants (0.00s CPU time), skipped 0 variants
    Prepared data for serialisation in 0.00s
Compiling shader "Hidden/Internal-ODSWorldTexture" pass "" (vp)
    Full variant space:         1
    After settings filtering:   1
    After built-in stripping:   1
    After scriptable stripping: 1
    Processed in 0.00 seconds
    starting compilation...
    finished in 0.00 seconds. Local cache hits 1 (0.00s CPU time), remote cache hits 0 (0.00s CPU time), compiled 0 variants (0.00s CPU time), skipped 0 variants
    Prepared data for serialisation in 0.00s
Compiling shader "Hidden/Internal-ODSWorldTexture" pass "" (fp)
    Full variant space:         1
    After settings filtering:   1
    After built-in stripping:   1
    After scriptable stripping: 1
    Processed in 0.00 seconds
    starting compilation...
    finished in 0.00 seconds. Local cache hits 1 (0.00s CPU time), remote cache hits 0 (0.00s CPU time), compiled 0 variants (0.00s CPU time), skipped 0 variants
    Prepared data for serialisation in 0.00s
Serialized binary data for shader Hidden/Internal-ODSWorldTexture in 0.00s
    d3d11 (total internal programs: 20, unique: 15)
Compiling shader "Hidden/Internal-CubemapToEquirect" pass "" (vp)
    Full variant space:         1
    After settings filtering:   1
    After built-in stripping:   1
    After scriptable stripping: 1
    Processed in 0.00 seconds
    starting compilation...
    finished in 0.00 seconds. Local cache hits 1 (0.00s CPU time), remote cache hits 0 (0.00s CPU time), compiled 0 variants (0.00s CPU time), skipped 0 variants
    Prepared data for serialisation in 0.00s
Compiling shader "Hidden/Internal-CubemapToEquirect" pass "" (fp)
    Full variant space:         1
    After settings filtering:   1
    After built-in stripping:   1
    After scriptable stripping: 1
    Processed in 0.00 seconds
    starting compilation...
    finished in 0.00 seconds. Local cache hits 1 (0.00s CPU time), remote cache hits 0 (0.00s CPU time), compiled 0 variants (0.00s CPU time), skipped 0 variants
    Prepared data for serialisation in 0.00s
Serialized binary data for shader Hidden/Internal-CubemapToEquirect in 0.00s
    d3d11 (total internal programs: 2, unique: 2)
Compiling shader "Hidden/VR/BlitFromTex2DToTexArraySlice" pass "" (vp)
    Full variant space:         1
    After settings filtering:   1
    After built-in stripping:   1
    After scriptable stripping: 1
    Processed in 0.00 seconds
    starting compilation...
    finished in 0.00 seconds. Local cache hits 1 (0.00s CPU time), remote cache hits 0 (0.00s CPU time), compiled 0 variants (0.00s CPU time), skipped 0 variants
    Prepared data for serialisation in 0.00s
Compiling shader "Hidden/VR/BlitFromTex2DToTexArraySlice" pass "" (fp)
    Full variant space:         1
    After settings filtering:   1
    After built-in stripping:   1
    After scriptable stripping: 1
    Processed in 0.00 seconds
    starting compilation...
    finished in 0.00 seconds. Local cache hits 1 (0.00s CPU time), remote cache hits 0 (0.00s CPU time), compiled 0 variants (0.00s CPU time), skipped 0 variants
    Prepared data for serialisation in 0.00s
Compiling shader "Hidden/VR/BlitFromTex2DToTexArraySlice" pass "" (vp)
    Full variant space:         1
    After settings filtering:   1
    After built-in stripping:   1
    After scriptable stripping: 1
    Processed in 0.00 seconds
    starting compilation...
    finished in 0.00 seconds. Local cache hits 1 (0.00s CPU time), remote cache hits 0 (0.00s CPU time), compiled 0 variants (0.00s CPU time), skipped 0 variants
    Prepared data for serialisation in 0.00s
Compiling shader "Hidden/VR/BlitFromTex2DToTexArraySlice" pass "" (fp)
    Full variant space:         1
    After settings filtering:   1
    After built-in stripping:   1
    After scriptable stripping: 1
    Processed in 0.00 seconds
    starting compilation...
    finished in 0.00 seconds. Local cache hits 1 (0.00s CPU time), remote cache hits 0 (0.00s CPU time), compiled 0 variants (0.00s CPU time), skipped 0 variants
    Prepared data for serialisation in 0.00s
Compiling shader "Hidden/VR/BlitFromTex2DToTexArraySlice" pass "" (gp)
    Full variant space:         1
    After settings filtering:   1
    After built-in stripping:   1
    After scriptable stripping: 1
    Processed in 0.00 seconds
    starting compilation...
    finished in 0.00 seconds. Local cache hits 1 (0.00s CPU time), remote cache hits 0 (0.00s CPU time), compiled 0 variants (0.00s CPU time), skipped 0 variants
    Prepared data for serialisation in 0.00s
Serialized binary data for shader Hidden/VR/BlitFromTex2DToTexArraySlice in 0.00s
    d3d11 (total internal programs: 5, unique: 5)
Compiling shader "Hidden/VideoComposite" pass "Default" (vp)
    Full variant space:         1
    After settings filtering:   1
    After built-in stripping:   1
    After scriptable stripping: 1
    Processed in 0.00 seconds
    starting compilation...
    finished in 0.00 seconds. Local cache hits 1 (0.00s CPU time), remote cache hits 0 (0.00s CPU time), compiled 0 variants (0.00s CPU time), skipped 0 variants
    Prepared data for serialisation in 0.00s
Compiling shader "Hidden/VideoComposite" pass "Default" (fp)
    Full variant space:         1
    After settings filtering:   1
    After built-in stripping:   1
    After scriptable stripping: 1
    Processed in 0.00 seconds
    starting compilation...
    finished in 0.00 seconds. Local cache hits 1 (0.00s CPU time), remote cache hits 0 (0.00s CPU time), compiled 0 variants (0.00s CPU time), skipped 0 variants
    Prepared data for serialisation in 0.00s
Serialized binary data for shader Hidden/VideoComposite in 0.00s
    d3d11 (total internal programs: 2, unique: 2)
Compiling shader "Hidden/VideoDecode" pass "YCbCr_To_RGB1" (vp)
    Full variant space:         2
    After settings filtering:   2
    After built-in stripping:   2
    After scriptable stripping: 2
    Processed in 0.00 seconds
    starting compilation...
    finished in 0.00 seconds. Local cache hits 2 (0.00s CPU time), remote cache hits 0 (0.00s CPU time), compiled 0 variants (0.00s CPU time), skipped 0 variants
    Prepared data for serialisation in 0.00s
Compiling shader "Hidden/VideoDecode" pass "YCbCr_To_RGB1" (fp)
    Full variant space:         2
    After settings filtering:   2
    After built-in stripping:   2
    After scriptable stripping: 2
    Processed in 0.00 seconds
    starting compilation...
    finished in 0.00 seconds. Local cache hits 2 (0.00s CPU time), remote cache hits 0 (0.00s CPU time), compiled 0 variants (0.00s CPU time), skipped 0 variants
    Prepared data for serialisation in 0.00s
Compiling shader "Hidden/VideoDecode" pass "YCbCrA_To_RGBAFull" (vp)
    Full variant space:         2
    After settings filtering:   2
    After built-in stripping:   2
    After scriptable stripping: 2
    Processed in 0.00 seconds
    starting compilation...
    finished in 0.00 seconds. Local cache hits 2 (0.00s CPU time), remote cache hits 0 (0.00s CPU time), compiled 0 variants (0.00s CPU time), skipped 0 variants
    Prepared data for serialisation in 0.00s
Compiling shader "Hidden/VideoDecode" pass "YCbCrA_To_RGBAFull" (fp)
    Full variant space:         2
    After settings filtering:   2
    After built-in stripping:   2
    After scriptable stripping: 2
    Processed in 0.00 seconds
    starting compilation...
    finished in 0.00 seconds. Local cache hits 2 (0.00s CPU time), remote cache hits 0 (0.00s CPU time), compiled 0 variants (0.00s CPU time), skipped 0 variants
    Prepared data for serialisation in 0.00s
Compiling shader "Hidden/VideoDecode" pass "YCbCrA_To_RGBA" (vp)
    Full variant space:         2
    After settings filtering:   2
    After built-in stripping:   2
    After scriptable stripping: 2
    Processed in 0.00 seconds
    starting compilation...
    finished in 0.00 seconds. Local cache hits 2 (0.00s CPU time), remote cache hits 0 (0.00s CPU time), compiled 0 variants (0.00s CPU time), skipped 0 variants
    Prepared data for serialisation in 0.00s
Compiling shader "Hidden/VideoDecode" pass "YCbCrA_To_RGBA" (fp)
    Full variant space:         2
    After settings filtering:   2
    After built-in stripping:   2
    After scriptable stripping: 2
    Processed in 0.00 seconds
    starting compilation...
    finished in 0.00 seconds. Local cache hits 2 (0.00s CPU time), remote cache hits 0 (0.00s CPU time), compiled 0 variants (0.00s CPU time), skipped 0 variants
    Prepared data for serialisation in 0.00s
Compiling shader "Hidden/VideoDecode" pass "Flip_RGBA_To_RGBA" (vp)
    Full variant space:         2
    After settings filtering:   2
    After built-in stripping:   2
    After scriptable stripping: 2
    Processed in 0.00 seconds
    starting compilation...
    finished in 0.00 seconds. Local cache hits 2 (0.00s CPU time), remote cache hits 0 (0.00s CPU time), compiled 0 variants (0.00s CPU time), skipped 0 variants
    Prepared data for serialisation in 0.00s
Compiling shader "Hidden/VideoDecode" pass "Flip_RGBA_To_RGBA" (fp)
    Full variant space:         2
    After settings filtering:   2
    After built-in stripping:   2
    After scriptable stripping: 2
    Processed in 0.00 seconds
    starting compilation...
    finished in 0.00 seconds. Local cache hits 2 (0.00s CPU time), remote cache hits 0 (0.00s CPU time), compiled 0 variants (0.00s CPU time), skipped 0 variants
    Prepared data for serialisation in 0.00s
Compiling shader "Hidden/VideoDecode" pass "Flip_RGBASplit_To_RGBA" (vp)
    Full variant space:         2
    After settings filtering:   2
    After built-in stripping:   2
    After scriptable stripping: 2
    Processed in 0.00 seconds
    starting compilation...
    finished in 0.00 seconds. Local cache hits 2 (0.00s CPU time), remote cache hits 0 (0.00s CPU time), compiled 0 variants (0.00s CPU time), skipped 0 variants
    Prepared data for serialisation in 0.00s
Compiling shader "Hidden/VideoDecode" pass "Flip_RGBASplit_To_RGBA" (fp)
    Full variant space:         2
    After settings filtering:   2
    After built-in stripping:   2
    After scriptable stripping: 2
    Processed in 0.00 seconds
    starting compilation...
    finished in 0.00 seconds. Local cache hits 2 (0.00s CPU time), remote cache hits 0 (0.00s CPU time), compiled 0 variants (0.00s CPU time), skipped 0 variants
    Prepared data for serialisation in 0.00s
Compiling shader "Hidden/VideoDecode" pass "Flip_NV12_To_RGB1" (vp)
    Full variant space:         2
    After settings filtering:   2
    After built-in stripping:   2
    After scriptable stripping: 2
    Processed in 0.00 seconds
    starting compilation...
    finished in 0.00 seconds. Local cache hits 2 (0.00s CPU time), remote cache hits 0 (0.00s CPU time), compiled 0 variants (0.00s CPU time), skipped 0 variants
    Prepared data for serialisation in 0.00s
Compiling shader "Hidden/VideoDecode" pass "Flip_NV12_To_RGB1" (fp)
    Full variant space:         2
    After settings filtering:   2
    After built-in stripping:   2
    After scriptable stripping: 2
    Processed in 0.00 seconds
    starting compilation...
    finished in 0.00 seconds. Local cache hits 2 (0.00s CPU time), remote cache hits 0 (0.00s CPU time), compiled 0 variants (0.00s CPU time), skipped 0 variants
    Prepared data for serialisation in 0.00s
Compiling shader "Hidden/VideoDecode" pass "Flip_NV12_To_RGBA" (vp)
    Full variant space:         2
    After settings filtering:   2
    After built-in stripping:   2
    After scriptable stripping: 2
    Processed in 0.00 seconds
    starting compilation...
    finished in 0.00 seconds. Local cache hits 2 (0.00s CPU time), remote cache hits 0 (0.00s CPU time), compiled 0 variants (0.00s CPU time), skipped 0 variants
    Prepared data for serialisation in 0.00s
Compiling shader "Hidden/VideoDecode" pass "Flip_NV12_To_RGBA" (fp)
    Full variant space:         2
    After settings filtering:   2
    After built-in stripping:   2
    After scriptable stripping: 2
    Processed in 0.00 seconds
    starting compilation...
    finished in 0.00 seconds. Local cache hits 2 (0.00s CPU time), remote cache hits 0 (0.00s CPU time), compiled 0 variants (0.00s CPU time), skipped 0 variants
    Prepared data for serialisation in 0.00s
Compiling shader "Hidden/VideoDecode" pass "Flip_P010_To_RGB1" (vp)
    Full variant space:         1
    After settings filtering:   1
    After built-in stripping:   1
    After scriptable stripping: 1
    Processed in 0.00 seconds
    starting compilation...
    finished in 0.00 seconds. Local cache hits 1 (0.00s CPU time), remote cache hits 0 (0.00s CPU time), compiled 0 variants (0.00s CPU time), skipped 0 variants
    Prepared data for serialisation in 0.00s
Compiling shader "Hidden/VideoDecode" pass "Flip_P010_To_RGB1" (fp)
    Full variant space:         1
    After settings filtering:   1
    After built-in stripping:   1
    After scriptable stripping: 1
    Processed in 0.00 seconds
    starting compilation...
    finished in 0.00 seconds. Local cache hits 1 (0.00s CPU time), remote cache hits 0 (0.00s CPU time), compiled 0 variants (0.00s CPU time), skipped 0 variants
    Prepared data for serialisation in 0.00s
Serialized binary data for shader Hidden/VideoDecode in 0.00s
    d3d11 (total internal programs: 30, unique: 19)
Compiling shader "Hidden/TextCore/Distance Field SSD" pass "" (vp)
    Full variant space:         1
    After settings filtering:   1
    After built-in stripping:   1
    After scriptable stripping: 1
    Processed in 0.00 seconds
    starting compilation...
    finished in 0.00 seconds. Local cache hits 1 (0.00s CPU time), remote cache hits 0 (0.00s CPU time), compiled 0 variants (0.00s CPU time), skipped 0 variants
    Prepared data for serialisation in 0.00s
Compiling shader "Hidden/TextCore/Distance Field SSD" pass "" (fp)
    Full variant space:         1
    After settings filtering:   1
    After built-in stripping:   1
    After scriptable stripping: 1
    Processed in 0.00 seconds
    starting compilation...
    finished in 0.00 seconds. Local cache hits 1 (0.00s CPU time), remote cache hits 0 (0.00s CPU time), compiled 0 variants (0.00s CPU time), skipped 0 variants
    Prepared data for serialisation in 0.00s
Serialized binary data for shader Hidden/TextCore/Distance Field SSD in 0.00s
    d3d11 (total internal programs: 2, unique: 2)
info: Microsoft.AspNetCore.Hosting.Diagnostics[1]
      Request starting HTTP/2 POST http://ilpp/UnityILPP.PostProcessing/Ping application/grpc -
info: Microsoft.AspNetCore.Routing.EndpointMiddleware[0]
      Executing endpoint 'gRPC - /UnityILPP.PostProcessing/Ping'
info: Microsoft.AspNetCore.Routing.EndpointMiddleware[1]
      Executed endpoint 'gRPC - /UnityILPP.PostProcessing/Ping'
info: Microsoft.AspNetCore.Hosting.Diagnostics[2]
      Request finished HTTP/2 POST http://ilpp/UnityILPP.PostProcessing/Ping application/grpc - - 200 - application/grpc 1.2377ms
Starting: C:\Program Files\Unity\Hub\Editor\2022.3.62f3\Editor\Data\bee_backend.exe --ipc --dagfile="Library/Bee/Playerf46b9f42.dag" --profile="Library/Bee/backend1.traceevents" Player
WorkingDir: C:/Users/sebas/objetivo-15/objetivo-15
Rebuilding DAG because directory contents changed: Library/PlayerDataCache/Win64/Data
*** Tundra requires additional run (0.04 seconds), 0 items updated, 0 evaluated
Starting: C:\Program Files\Unity\Hub\Editor\2022.3.62f3\Editor\Data\Tools\netcorerun\netcorerun.exe "C:\Program Files\Unity\Hub\Editor\2022.3.62f3\Editor\Data\PlaybackEngines\WindowsStandaloneSupport\WinPlayerBuildProgram.exe" "C:/Program Files/Unity/Hub/Editor/2022.3.62f3/Editor/Data/PlaybackEngines/WindowsStandaloneSupport/Bee;C:/Program Files/Unity/Hub/Editor/2022.3.62f3/Editor/Data/Tools/BuildPipeline" "Library/Bee/Playerf46b9f42.dag.json" "Library/Bee/Playerf46b9f42-inputdata.json" "Library\Bee\buildprogram0.traceevents"
WorkingDir: C:/Users/sebas/objetivo-15/objetivo-15
ExitCode: 4 Duration: 0s93ms
DisplayProgressbar: Incremental Player Build
ExitCode: 0 Duration: 2s844ms
Starting: C:\Program Files\Unity\Hub\Editor\2022.3.62f3\Editor\Data\bee_backend.exe --ipc --dagfile="Library/Bee/Playerf46b9f42.dag" --dagfilejson="Library\Bee\Playerf46b9f42.dag.json" --profile="Library/Bee/backend2.traceevents" Player
WorkingDir: C:/Users/sebas/objetivo-15/objetivo-15
Finished compiling graph: 240 nodes, 477 flattened edges (477 ToBuild, 0 ToUse), maximum node priority 7
[146/239    0s] CopyFiles C:/Users/sebas/objetivo-15/Build/Objetivo 15 version final/Objetivo 15 version final_Data/Managed/Assembly-CSharp.dll
[147/239    0s] CopyFiles C:/Users/sebas/objetivo-15/Build/Objetivo 15 version final/Objetivo 15 version final_Data/sharedassets5.resource
[148/239    0s] CopyFiles C:/Users/sebas/objetivo-15/Build/Objetivo 15 version final/Objetivo 15 version final_Data/sharedassets4.assets
[149/239    0s] CopyFiles C:/Users/sebas/objetivo-15/Build/Objetivo 15 version final/Objetivo 15 version final_Data/sharedassets7.assets
[150/239    0s] CopyFiles C:/Users/sebas/objetivo-15/Build/Objetivo 15 version final/Objetivo 15 version final_Data/sharedassets3.resource
[151/239    0s] CopyFiles C:/Users/sebas/objetivo-15/Build/Objetivo 15 version final/Objetivo 15 version final_Data/sharedassets4.resource
[152/239    0s] CopyFiles C:/Users/sebas/objetivo-15/Build/Objetivo 15 version final/Objetivo 15 version final_Data/sharedassets7.resource
[153/239    0s] CopyFiles C:/Users/sebas/objetivo-15/Build/Objetivo 15 version final/Objetivo 15 version final_Data/sharedassets9.resource
[154/239    0s] CopyFiles C:/Users/sebas/objetivo-15/Build/Objetivo 15 version final/Objetivo 15 version final_Data/sharedassets8.resource
[155/239    0s] CopyFiles C:/Users/sebas/objetivo-15/Build/Objetivo 15 version final/Objetivo 15 version final_Data/sharedassets6.resource
[156/239    0s] CopyFiles C:/Users/sebas/objetivo-15/Build/Objetivo 15 version final/Objetivo 15 version final_Data/sharedassets8.assets
[157/239    0s] CopyFiles C:/Users/sebas/objetivo-15/Build/Objetivo 15 version final/Objetivo 15 version final_Data/sharedassets9.assets
[158/239    0s] CopyFiles C:/Users/sebas/objetivo-15/Build/Objetivo 15 version final/Objetivo 15 version final_Data/sharedassets3.assets.resS
[159/239    0s] CopyFiles C:/Users/sebas/objetivo-15/Build/Objetivo 15 version final/Objetivo 15 version final_Data/sharedassets5.assets
[160/239    0s] CopyFiles C:/Users/sebas/objetivo-15/Build/Objetivo 15 version final/Objetivo 15 version final_Data/sharedassets6.assets
[161/239    0s] CopyFiles C:/Users/sebas/objetivo-15/Build/Objetivo 15 version final/Objetivo 15 version final_Data/sharedassets2.resource
[162/239    0s] CopyFiles C:/Users/sebas/objetivo-15/Build/Objetivo 15 version final/Objetivo 15 version final_Data/sharedassets3.assets
[163/239    0s] CopyFiles C:/Users/sebas/objetivo-15/Build/Objetivo 15 version final/Objetivo 15 version final_Data/sharedassets18.assets
[164/239    0s] CopyFiles C:/Users/sebas/objetivo-15/Build/Objetivo 15 version final/Objetivo 15 version final_Data/sharedassets2.assets.resS
[165/239    0s] CopyFiles C:/Users/sebas/objetivo-15/Build/Objetivo 15 version final/Objetivo 15 version final_Data/sharedassets2.assets
[166/239    0s] CopyFiles C:/Users/sebas/objetivo-15/Build/Objetivo 15 version final/Objetivo 15 version final_Data/sharedassets18.assets.resS
[167/239    0s] CopyFiles C:/Users/sebas/objetivo-15/Build/Objetivo 15 version final/Objetivo 15 version final_Data/sharedassets19.assets
[168/239    0s] CopyFiles C:/Users/sebas/objetivo-15/Build/Objetivo 15 version final/Objetivo 15 version final_Data/sharedassets18.resource
[169/239    0s] CopyFiles C:/Users/sebas/objetivo-15/Build/Objetivo 15 version final/Objetivo 15 version final_Data/sharedassets19.assets.resS
[170/239    0s] CopyFiles C:/Users/sebas/objetivo-15/Build/Objetivo 15 version final/Objetivo 15 version final_Data/sharedassets14.resource
[171/239    0s] CopyFiles C:/Users/sebas/objetivo-15/Build/Objetivo 15 version final/Objetivo 15 version final_Data/sharedassets16.assets
[172/239    0s] CopyFiles C:/Users/sebas/objetivo-15/Build/Objetivo 15 version final/Objetivo 15 version final_Data/sharedassets16.resource
[173/239    0s] CopyFiles C:/Users/sebas/objetivo-15/Build/Objetivo 15 version final/Objetivo 15 version final_Data/sharedassets15.assets
[174/239    0s] CopyFiles C:/Users/sebas/objetivo-15/Build/Objetivo 15 version final/Objetivo 15 version final_Data/sharedassets14.assets
[175/239    0s] CopyFiles C:/Users/sebas/objetivo-15/Build/Objetivo 15 version final/Objetivo 15 version final_Data/sharedassets17.assets
[176/239    0s] CopyFiles C:/Users/sebas/objetivo-15/Build/Objetivo 15 version final/Objetivo 15 version final_Data/sharedassets15.resource
[177/239    0s] CopyFiles C:/Users/sebas/objetivo-15/Build/Objetivo 15 version final/Objetivo 15 version final_Data/sharedassets19.resource
[178/239    0s] CopyFiles C:/Users/sebas/objetivo-15/Build/Objetivo 15 version final/Objetivo 15 version final_Data/sharedassets14.assets.resS
[179/239    0s] CopyFiles C:/Users/sebas/objetivo-15/Build/Objetivo 15 version final/Objetivo 15 version final_Data/sharedassets17.assets.resS
[180/239    0s] CopyFiles C:/Users/sebas/objetivo-15/Build/Objetivo 15 version final/Objetivo 15 version final_Data/sharedassets15.assets.resS
[181/239    0s] CopyFiles C:/Users/sebas/objetivo-15/Build/Objetivo 15 version final/Objetivo 15 version final_Data/sharedassets13.resource
[182/239    0s] CopyFiles C:/Users/sebas/objetivo-15/Build/Objetivo 15 version final/Objetivo 15 version final_Data/sharedassets13.assets.resS
[185/239    0s] CopyFiles C:/Users/sebas/objetivo-15/Build/Objetivo 15 version final/Objetivo 15 version final_Data/sharedassets0.assets
[186/239    0s] CopyFiles C:/Users/sebas/objetivo-15/Build/Objetivo 15 version final/Objetivo 15 version final_Data/resources.assets.resS
[187/239    0s] CopyFiles C:/Users/sebas/objetivo-15/Build/Objetivo 15 version final/Objetivo 15 version final_Data/sharedassets12.assets.resS
[188/239    0s] CopyFiles C:/Users/sebas/objetivo-15/Build/Objetivo 15 version final/Objetivo 15 version final_Data/sharedassets12.assets
[189/239    0s] CopyFiles C:/Users/sebas/objetivo-15/Build/Objetivo 15 version final/Objetivo 15 version final_Data/sharedassets11.resource
[190/239    0s] WriteText Library/Bee/artifacts/csharpactions/boot.config_tyr4.info
[191/239    0s] CopyFiles C:/Users/sebas/objetivo-15/Build/Objetivo 15 version final/Objetivo 15 version final_Data/resources.assets
[192/239    0s] CopyFiles C:/Users/sebas/objetivo-15/Build/Objetivo 15 version final/Objetivo 15 version final_Data/sharedassets1.assets
[193/239    0s] CopyFiles C:/Users/sebas/objetivo-15/Build/Objetivo 15 version final/Objetivo 15 version final_Data/level8
[194/239    0s] CopyFiles C:/Users/sebas/objetivo-15/Build/Objetivo 15 version final/Objetivo 15 version final_Data/level7
[195/239    0s] CopyFiles C:/Users/sebas/objetivo-15/Build/Objetivo 15 version final/Objetivo 15 version final_Data/level6.resS
[196/239    0s] CopyFiles C:/Users/sebas/objetivo-15/Build/Objetivo 15 version final/Objetivo 15 version final_Data/sharedassets11.assets
[197/239    0s] CopyFiles C:/Users/sebas/objetivo-15/Build/Objetivo 15 version final/Objetivo 15 version final_Data/Resources/unity_builtin_extra
[198/239    0s] CopyFiles C:/Users/sebas/objetivo-15/Build/Objetivo 15 version final/Objetivo 15 version final_Data/sharedassets10.assets
[199/239    0s] CopyFiles C:/Users/sebas/objetivo-15/Build/Objetivo 15 version final/Objetivo 15 version final_Data/sharedassets10.resource
[200/239    0s] CopyFiles C:/Users/sebas/objetivo-15/Build/Objetivo 15 version final/Objetivo 15 version final_Data/sharedassets12.resource
[201/239    0s] CopyFiles C:/Users/sebas/objetivo-15/Build/Objetivo 15 version final/Objetivo 15 version final_Data/level6
[202/239    0s] CopyFiles C:/Users/sebas/objetivo-15/Build/Objetivo 15 version final/Objetivo 15 version final_Data/level5.resS
[203/239    0s] CopyFiles C:/Users/sebas/objetivo-15/Build/Objetivo 15 version final/Objetivo 15 version final_Data/level3
[204/239    0s] CopyFiles C:/Users/sebas/objetivo-15/Build/Objetivo 15 version final/Objetivo 15 version final_Data/level2
[205/239    0s] CopyFiles C:/Users/sebas/objetivo-15/Build/Objetivo 15 version final/Objetivo 15 version final_Data/level9.resS
[206/239    0s] CopyFiles C:/Users/sebas/objetivo-15/Build/Objetivo 15 version final/Objetivo 15 version final_Data/level19
[207/239    0s] CopyFiles C:/Users/sebas/objetivo-C:/Users/sebas/objetivo-15/objetivo-15/Library/PackageCache/com.unity.burst@1.8.21/.Runtime\bcl.exe exited after 4072 ms.
stdout:
Starting 1 library requests
Done
stderr:

15/Build/Objetivo 15 version final/Objetivo 15 version final_Data/level17
[208/239    0s] CopyFiles C:/Users/sebas/objetivo-15/Build/Objetivo 15 version final/Objetivo 15 version final_Data/sharedassets1.resource
[209/239    0s] CopyFiles C:/Users/sebas/objetivo-15/Build/Objetivo 15 version final/Objetivo 15 version final_Data/sharedassets11.assets.resS
[210/239    0s] CopyFiles C:/Users/sebas/objetivo-15/Build/Objetivo 15 version final/Objetivo 15 version final_Data/level4
[211/239    0s] CopyFiles C:/Users/sebas/objetivo-15/Build/Objetivo 15 version final/Objetivo 15 version final_Data/level16
[212/239    0s] CopyFiles C:/Users/sebas/objetivo-15/Build/Objetivo 15 version final/Objetivo 15 version final_Data/level5
[213/239    0s] CopyFiles C:/Users/sebas/objetivo-15/Build/Objetivo 15 version final/Objetivo 15 version final_Data/sharedassets13.assets
[214/239    0s] CopyFiles C:/Users/sebas/objetivo-15/Build/Objetivo 15 version final/Objetivo 15 version final_Data/level12
[215/239    0s] CopyFiles C:/Users/sebas/objetivo-15/Build/Objetivo 15 version final/Objetivo 15 version final_Data/sharedassets0.assets.resS
[216/239    0s] CopyFiles C:/Users/sebas/objetivo-15/Build/Objetivo 15 version final/Objetivo 15 version final_Data/level2.resS
[217/239    0s] CopyFiles C:/Users/sebas/objetivo-15/Build/Objetivo 15 version final/Objetivo 15 version final_Data/sharedassets1.assets.resS
[218/239    0s] CopyFiles C:/Users/sebas/objetivo-15/Build/Objetivo 15 version final/Objetivo 15 version final_Data/level3.resS
[219/239    0s] CopyFiles C:/Users/sebas/objetivo-15/Build/Objetivo 15 version final/Objetivo 15 version final_Data/level7.resS
[220/239    0s] CopyFiles C:/Users/sebas/objetivo-15/Build/Objetivo 15 version final/Objetivo 15 version final_Data/level8.resS
[221/239    0s] CopyFiles C:/Users/sebas/objetivo-15/Build/Objetivo 15 version final/Objetivo 15 version final_Data/level1
[222/239    0s] CopyFiles C:/Users/sebas/objetivo-15/Build/Objetivo 15 version final/Objetivo 15 version final_Data/level13
[223/239    0s] CopyFiles C:/Users/sebas/objetivo-15/Build/Objetivo 15 version final/Objetivo 15 version final_Data/level4.resS
[224/239    0s] CopyFiles C:/Users/sebas/objetivo-15/Build/Objetivo 15 version final/Objetivo 15 version final_Data/level15
[225/239    0s] CopyFiles C:/Users/sebas/objetivo-15/Build/Objetivo 15 version final/Objetivo 15 version final_Data/level11
[226/239    0s] CopyFiles C:/Users/sebas/objetivo-15/Build/Objetivo 15 version final/Objetivo 15 version final_Data/level14
[227/239    0s] CopyFiles C:/Users/sebas/objetivo-15/Build/Objetivo 15 version final/Objetivo 15 version final_Data/globalgamemanagers.assets
[228/239    0s] CopyFiles C:/Users/sebas/objetivo-15/Build/Objetivo 15 version final/Objetivo 15 version final_Data/level18
[229/239    0s] CopyFiles C:/Users/sebas/objetivo-15/Build/Objetivo 15 version final/Objetivo 15 version final_Data/level9
[230/239    0s] CopyFiles C:/Users/sebas/objetivo-15/Build/Objetivo 15 version final/Objetivo 15 version final_Data/sharedassets10.assets.resS
[231/239    0s] CopyFiles C:/Users/sebas/objetivo-15/Build/Objetivo 15 version final/Objetivo 15 version final_Data/level0
[232/239    0s] CopyFiles C:/Users/sebas/objetivo-15/Build/Objetivo 15 version final/Objetivo 15 version final_Data/level10
[233/239    0s] CopyFiles C:/Users/sebas/objetivo-15/Build/Objetivo 15 version final/Objetivo 15 version final_Data/globalgamemanagers.assets.resS
[234/239    0s] CopyFiles C:/Users/sebas/objetivo-15/Build/Objetivo 15 version final/Objetivo 15 version final_Data/globalgamemanagers
[235/239    0s] AddBootConfigGUID Library/Bee/artifacts/WinPlayerBuildProgram/boot.config
[236/239    0s] CopyFiles C:/Users/sebas/objetivo-15/Build/Objetivo 15 version final/Objetivo 15 version final_Data/boot.config
[237/239    4s] GenerateNativePluginsForAssemblies Library/Bee/artifacts/WinPlayerBuildProgram/AsyncPluginsFromLinker
*** Tundra build success (4.27 seconds), 90 items updated, 239 evaluated
ExitCode: 0 Duration: 4s304ms
Refreshing native plugins compatible for Editor in 6.27 ms, found 5 plugins.
Preloading 0 native plugins for Editor in 0.00 ms.

-------------------------------------------------------------------------------
Build Report
Uncompressed usage by category (Percentages based on user generated assets only):
Textures               147.9 mb	 76.2% 
Meshes                 0.0 kb	 0.0% 
Animations             63.7 kb	 0.0% 
Sounds                 40.9 mb	 21.1% 
Shaders                522.4 kb	 0.3% 
Other Assets           4.2 mb	 2.2% 
Levels                 0.0 kb	 0.0% 
Scripts                207.8 kb	 0.1% 
Included DLLs          0.0 kb	 0.0% 
File headers           332.4 kb	 0.2% 
Total User Assets      194.1 mb	 100.0% 
Complete build size    268.3 mb
Used Assets and files from the Resources folder, sorted by uncompressed size:
 9.6 mb	 3.6% Assets/2D Casual UI/Sprite/GUI.png
 6.5 mb	 2.4% Assets/tiles/tilesnivel2/tilesplazadelsol333.png
 6.4 mb	 2.4% Assets/tiles/tilesnivel3x/mercauuu.png
 6.2 mb	 2.3% Assets/tiles/tilesnivel2/tileolimpicapuente.png
 6.2 mb	 2.3% Assets/tiles/tilesnivel6/tiles6.1.png
 6.1 mb	 2.3% Assets/tiles/tilesnivel3x/plazatile1.png
 6.1 mb	 2.3% Assets/tiles/tilesnivel6/tiles6.3.png
 6.1 mb	 2.3% Assets/tiles/tilesnivel6/tiles6.png
 6.0 mb	 2.2% Assets/sprites/pitolaloco2.0.png
 6.0 mb	 2.2% Assets/sprites/particula.png
 6.0 mb	 2.2% Assets/tiles/tilesnivel3x/plazatile2.png
 5.0 mb	 1.9% Assets/audio/ACDC - Back In Black (Instrumental).mp3
 4.9 mb	 1.8% Assets/audio/Travis Scott - Goosebumps (Official Instrumental).mp3
 4.9 mb	 1.8% Assets/audio/Timeless (Instrumental).mp3
 4.6 mb	 1.7% Assets/audio/Travis Scott - sdp interlude (Extended).mp3
 4.5 mb	 1.7% Assets/sprites/soledadpanoramic.png
 4.5 mb	 1.7% Assets/sprites/ChatGPT Image 23 sept 2026, 08_03_21 p.m.png
 4.5 mb	 1.7% Assets/sprites/cielo trastornado.png
 4.5 mb	 1.7% Assets/sprites/cielocontaminado.png
 4.5 mb	 1.7% Assets/sprites/sagradoxdddddd.jpeg
 4.2 mb	 1.6% Assets/audio/Kanye West - Runaway (Instrumental).mp3
 4.2 mb	 1.6% Assets/audio/Lil Nas X - INDUSTRY BABY (Official Instrumental).mp3
 4.0 mb	 1.5% Assets/fonts/PixelifySans-Regular SDF.asset
 3.7 mb	 1.4% Assets/audio/RAP DE FERNANFLOO BASE BEATS.mp3
 3.3 mb	 1.2% Assets/audio/Chris Grey - Wrong (Instrumental - Karaoke).mp3
 2.7 mb	 1.0% Assets/WhatsApp Image 2026-08-13 at 11.19.52 AM-Photoroom.png
 2.7 mb	 1.0% Built-in Texture2D: Splash Screen Unity Logo
 2.6 mb	 1.0% Assets/tiles/tilesoscuros2/mainlevbuild.png
 2.1 mb	 0.8% Assets/audio/Post Malone, Swae Lee - Sunflower (Spider-Man Into the Spider-Verse).mp3
 2.0 mb	 0.7% Assets/sprites/logojuego.jpg
 1.6 mb	 0.6% Assets/logocolegio.png
 1.6 mb	 0.6% Assets/portadajuego.png
 1.5 mb	 0.6% Assets/sprites/ChatGPT Image 22 sept 2026, 23_37_20.png
 1.5 mb	 0.6% Assets/ratamuelta.png
 1.4 mb	 0.5% Assets/audio/merecumbeguaracha.mp3
 1.1 mb	 0.4% Assets/tiles/tilesbasurero/basurerotile2-removebg-preview.png
 1.0 mb	 0.4% Assets/TextMesh Pro/Resources/Fonts & Materials/LiberationSans SDF.asset
 1.0 mb	 0.4% Assets/image (9)-Photoroom.png
 1.0 mb	 0.4% Assets/tiles/tilesbasurero/basurerotile-removebg-preview.png
 1.0 mb	 0.4% Built-in Cubemap: 
 1.0 mb	 0.4% Packages/com.unity.render-pipelines.universal/Runtime/2D/Data/Textures/FalloffLookupTexture.png
 985.2 kb	 0.4% Assets/sprites/nubecitadialogo-removebg-preview.png
 985.2 kb	 0.4% Assets/sprites/atak-removebg-preview.png
 985.2 kb	 0.4% Assets/prefabs/Resources/Sprites/corazonazul.png
 984.8 kb	 0.4% Assets/674f2417-aa55-40f0-a459-94b196fe5338-removebg-preview.png
 983.9 kb	 0.4% Assets/sprites/icoporsucio-removebg-preview.png
 983.8 kb	 0.4% Assets/sprites/spritecheckpointactivo-removebg-preview.png
 983.6 kb	 0.4% Assets/WhatsApp_Image_2026-05-31_at_12.35.45-removebg-preview.png
 983.1 kb	 0.4% Assets/image-removebg-preview.png
 983.1 kb	 0.4% Assets/sprites/spritecheckpointinactivo-removebg-preview.png
 982.8 kb	 0.4% Assets/sprites/pitolaloco-removebg-preview.png
 981.9 kb	 0.4% Assets/WhatsApp_Image_2026-05-30_at_19.47.29-removebg-preview.png
 981.6 kb	 0.4% Assets/Resources/Transicion/corriendo.png
 981.2 kb	 0.4% Assets/sprites/corazonmaincra-removebg-preview.png
 981.2 kb	 0.4% Assets/prefabs/Resources/Sprites/corazonmaincra.png
 981.2 kb	 0.4% Assets/personajedisparando-removebg-preview (6).png
 768.6 kb	 0.3% Assets/sprites/mapamundiallimpio.png
 768.6 kb	 0.3% Assets/Resources/mapamundiallimpio.png
 768.6 kb	 0.3% Assets/sprites/mapamundialbeta.png
 746.6 kb	 0.3% Assets/personajearma-Photoroom.png
 577.6 kb	 0.2% Assets/tiles/tilestechosxdxd/Tiles-GrimRockGrounds.png
 453.5 kb	 0.2% Assets/sprites/balas-removebg-preview.png
 448.6 kb	 0.2% Assets/sprites/balascartucho-removebg-preview.png
 416.9 kb	 0.2% Assets/sprites/cartuchobalaslegendarias.png
 372.5 kb	 0.1% Assets/sprites/apt-removebg-preview.png
 344.5 kb	 0.1% Assets/TextMesh Pro/Fonts/LiberationSans.ttf
 341.5 kb	 0.1% Assets/TextMesh Pro/Sprites/EmojiOne.png
 309.7 kb	 0.1% Assets/sprites/CARTUCHOBALASEPICAS.png
 301.2 kb	 0.1% Assets/sprites/banana-removebg-preview.png
 277.6 kb	 0.1% Assets/tiles/tilesoscuros1/Dungeon Tile Set.png
 275.8 kb	 0.1% Assets/fonts/VT323-Regular SDF.asset
 275.3 kb	 0.1% Assets/tiles/tilescolegio/Adobe Express - file.png
 274.4 kb	 0.1% Assets/Resources/Transicion/fuente.asset
 267.0 kb	 0.1% Assets/fonts/PressStart2P-Regular SDF.asset
 266.2 kb	 0.1% Assets/WhatsApp_Image_2026-08-05_at_10.06.26_AM-removebg-preview.png
 262.8 kb	 0.1% Assets/sprites/balasepicas.png
 262.7 kb	 0.1% Packages/com.unity.render-pipelines.universal/Textures/SMAA/AreaTex.tga
 261.4 kb	 0.1% Assets/mosquito-removebg-preview.png
 257.8 kb	 0.1% Assets/sprites/mecorro.png
 256.4 kb	 0.1% Assets/sprites/atodaslastengoardidas-removebg-preview.png
 256.2 kb	 0.1% Packages/com.unity.render-pipelines.universal/Textures/FilmGrain/Thin02.png
 256.2 kb	 0.1% Packages/com.unity.render-pipelines.universal/Textures/FilmGrain/Thin01.png
 256.2 kb	 0.1% Packages/com.unity.render-pipelines.universal/Textures/FilmGrain/Medium06.png
 256.2 kb	 0.1% Packages/com.unity.render-pipelines.universal/Textures/FilmGrain/Medium05.png
 256.2 kb	 0.1% Packages/com.unity.render-pipelines.universal/Textures/FilmGrain/Medium04.png
 256.2 kb	 0.1% Packages/com.unity.render-pipelines.universal/Textures/FilmGrain/Medium03.png
 256.2 kb	 0.1% Packages/com.unity.render-pipelines.universal/Textures/FilmGrain/Medium02.png
 256.2 kb	 0.1% Packages/com.unity.render-pipelines.universal/Textures/FilmGrain/Medium01.png
 256.2 kb	 0.1% Packages/com.unity.render-pipelines.universal/Textures/FilmGrain/Large02.png
 256.2 kb	 0.1% Packages/com.unity.render-pipelines.universal/Textures/FilmGrain/Large01.png
 255.3 kb	 0.1% Assets/WhatsApp_Image_2026-07-29_at_10.03.11_AM-removebg-preview.png
 255.0 kb	 0.1% Assets/sprites/AMBIENTALINBEMBA-removebg-preview.png
 253.8 kb	 0.1% Assets/sprites/botellasinfondo.png
 253.7 kb	 0.1% Assets/sprites/escudofinal-removebg-preview.png
 253.7 kb	 0.1% Assets/sprites/bolsasinfondo.png
 253.4 kb	 0.1% Assets/sprites/casita2-removebg-preview.png
 253.0 kb	 0.1% Assets/sprites/organicos-removebg-preview.png
 252.2 kb	 0.1% Assets/sprites/canecanoaprovechables-removebg-preview.png
 251.5 kb	 0.1% Assets/sprites/canecaaprovechables-removebg-preview.png
 251.3 kb	 0.1% Assets/sprites/AMBIENTALINNOJODA-removebg-preview.png
 249.5 kb	 0.1% Assets/sprites/descargaxdxd-removebg-preview.png
 247.5 kb	 0.1% Assets/door.png
 216.4 kb	 0.1% Assets/sprites/manzana-removebg-preview.png
 174.7 kb	 0.1% Assets/sprites/erdiavlo/without_outline/ATTACK.png
 169.7 kb	 0.1% Assets/tiles/tilescueva/Tiles-GrimRock-Vegetation.png
 161.7 kb	 0.1% Assets/sprites/mjk-removebg-preview.png
 153.5 kb	 0.1% Assets/sprites/erdiavlo/without_outline/DEATH.png
 143.1 kb	 0.1% Packages/com.unity.render-pipelines.universal/Shaders/PostProcessing/UberPost.shader
 127.1 kb	 0.0% Assets/audio/ambientalindialogo0.01.mp3
 122.7 kb	 0.0% Assets/sprites/fondowhite.jpg
 110.4 kb	 0.0% Assets/sprites/ZombieToast.png
 105.7 kb	 0.0% Assets/audio/ambientalindialogo1.1.mp3
 100.3 kb	 0.0% Assets/sprites/Crow.png
 98.2 kb	 0.0% Assets/audio/ambientalindialogo5.3.mp3
 96.6 kb	 0.0% Assets/audio/ambientalindialogo1.2.mp3
 93.4 kb	 0.0% Assets/audio/ambientalindialogo0.02.mp3
 93.1 kb	 0.0% Assets/sprites/erdiavlo/with_outline/IDLE.png
 92.6 kb	 0.0% Assets/audio/ambientalindialogo5.1.mp3
 91.2 kb	 0.0% Assets/audio/soluciones2.mp3
 90.7 kb	 0.0% Assets/sprites/erdiavlo/with_outline/FLYING.png
 90.6 kb	 0.0% Assets/audio/ambientalindialogo4.1.mp3
 90.6 kb	 0.0% Assets/audio/ambientalindialogo1.3.mp3
 89.7 kb	 0.0% Assets/audio/ambientalindialogo0.03.mp3
 88.9 kb	 0.0% Assets/sprites/erdiavlo/without_outline/FLYING.png
 88.7 kb	 0.0% Assets/audio/solucion1.mp3
 88.2 kb	 0.0% Assets/audio/ambientalindialogo4.3.mp3
 86.0 kb	 0.0% Assets/audio/ambientalindialogo4.2.mp3
 83.5 kb	 0.0% Assets/audio/ambientalindialogo2.3.mp3
 82.8 kb	 0.0% Assets/audio/ambientalin-dialogo5.2.mp3
 82.6 kb	 0.0% Assets/audio/ambientalindialogo3.2.mp3
 79.7 kb	 0.0% Packages/com.unity.render-pipelines.core/Runtime/Debugging/Prefabs/Fonts/PerfectDOSVGA437.ttf
 78.7 kb	 0.0% Assets/audio/solucion5.mp3
 78.3 kb	 0.0% Assets/audio/ambientalindialogo3.1.mp3
 77.3 kb	 0.0% Assets/audio/ambientalindialogo3.3.mp3
 77.2 kb	 0.0% Assets/audio/ambientalindialogo2.1.mp3
 75.3 kb	 0.0% Assets/audio/solucion3.mp3
 74.9 kb	 0.0% Assets/sprites/balaslegendarias.png
 74.2 kb	 0.0% Assets/audio/solucion6.mp3
 74.2 kb	 0.0% Assets/audio/solucion4.mp3
 73.9 kb	 0.0% Assets/audio/solucion11.mp3
 71.8 kb	 0.0% Assets/audio/ambientalindialogo2.2.mp3
 70.8 kb	 0.0% Assets/audio/solucion8.mp3
 70.5 kb	 0.0% Assets/audio/solucion12.mp3
 70.4 kb	 0.0% Assets/audio/solucion9.mp3
 69.7 kb	 0.0% Assets/audio/ambientalindialogo6.1.mp3
 69.2 kb	 0.0% Assets/audio/solucion7.mp3
 68.0 kb	 0.0% Packages/com.unity.render-pipelines.universal/Shaders/Utils/CoreBlit.shader
 64.9 kb	 0.0% Assets/audio/solucion10.mp3
 62.4 kb	 0.0% Assets/audio/ambientalindialogo6.mp3
 59.1 kb	 0.0% Packages/com.unity.render-pipelines.core/Runtime/Debugging/Prefabs/Widgets/DebugUIBitField.prefab
 57.4 kb	 0.0% Assets/audio/ambientalindialogo6.2.mp3
 55.6 kb	 0.0% Resources/unity_builtin_extra
 32.6 kb	 0.0% Packages/com.unity.2d.sprite/Editor/ObjectMenuCreation/DefaultAssets/Textures/v2/Square.png
 28.9 kb	 0.0% Packages/com.unity.render-pipelines.universal/Shaders/PostProcessing/BokehDepthOfField.shader
 28.8 kb	 0.0% Assets/tiles/tilescueva/cavesofgallet_tiles.png
 23.7 kb	 0.0% Packages/com.unity.render-pipelines.universal/Shaders/PostProcessing/TemporalAA.shader
 19.5 kb	 0.0% Packages/com.unity.render-pipelines.universal/Shaders/PostProcessing/FinalPost.shader
 18.6 kb	 0.0% Packages/com.unity.render-pipelines.universal/Shaders/PostProcessing/LensFlareDataDriven.shader
 16.0 kb	 0.0% Packages/com.unity.render-pipelines.universal/Shaders/PostProcessing/GaussianDepthOfField.shader
 14.3 kb	 0.0% Packages/com.unity.render-pipelines.universal/Shaders/2D/Sprite-Lit-Default.shader
 14.2 kb	 0.0% Packages/com.unity.render-pipelines.universal/Shaders/PostProcessing/Bloom.shader
 13.6 kb	 0.0% Assets/mouse.png
 13.4 kb	 0.0% Packages/com.unity.render-pipelines.universal/Shaders/PostProcessing/SubpixelMorphologicalAntialiasing.shader
 13.2 kb	 0.0% Assets/TextMesh Pro/Shaders/TMP_SDF.shader
 11.7 kb	 0.0% Assets/Pixel Adventure 1/Assets/Traps/Spike Head/Idle.png
 11.7 kb	 0.0% Assets/TextMesh Pro/Shaders/TMP_SDF-Mobile.shader
 10.3 kb	 0.0% Packages/com.unity.render-pipelines.universal/Shaders/PostProcessing/CameraMotionBlur.shader
 9.7 kb	 0.0% Packages/com.unity.render-pipelines.universal/Shaders/Debug/HDRDebugView.shader
 9.3 kb	 0.0% Packages/com.unity.render-pipelines.core/Runtime/Debugging/Prefabs/Widgets/DebugUIPanel.prefab
 8.3 kb	 0.0% Packages/com.unity.render-pipelines.universal/Shaders/PostProcessing/LutBuilderHdr.shader
 7.9 kb	 0.0% Packages/com.unity.render-pipelines.universal/Shaders/2D/Light2D-Point.shader
 7.6 kb	 0.0% Assets/Pixel Adventure 1/Assets/Traps/Rock Head/Idle.png
 7.6 kb	 0.0% Assets/Pixel Adventure 1/Assets/Traps/Fire/On (16x32).png
 7.4 kb	 0.0% Packages/com.unity.render-pipelines.universal/Shaders/2D/Light2D-Shape.shader
 7.0 kb	 0.0% Assets/Pixel Adventure 1/Assets/Traps/Falling Platforms/On (32x10).png
 6.5 kb	 0.0% Packages/com.unity.render-pipelines.core/Runtime/Debugging/Prefabs/Widgets/DebugUIColor.prefab
 6.2 kb	 0.0% Packages/com.unity.render-pipelines.universal/Shaders/Utils/CoreBlitColorAndDepth.shader
 6.2 kb	 0.0% Packages/com.unity.render-pipelines.universal/Shaders/2D/Shadow2D-Projected.shader
 6.1 kb	 0.0% Packages/com.unity.render-pipelines.core/Runtime/Debugging/Prefabs/Widgets/DebugUIVector4.prefab
 6.0 kb	 0.0% Packages/com.unity.render-pipelines.universal/Shaders/PostProcessing/EdgeAdaptiveSpatialUpsampling.shader
 6.0 kb	 0.0% Packages/com.unity.render-pipelines.universal/Shaders/PostProcessing/LutBuilderLdr.shader
 5.6 kb	 0.0% Packages/com.unity.render-pipelines.universal/Shaders/2D/Shadow2D-Unshadow-Geometry.shader
 5.5 kb	 0.0% Assets/TextMesh Pro/Shaders/TMP_Sprite.shader
 5.2 kb	 0.0% Packages/com.unity.render-pipelines.core/Runtime/Debugging/Prefabs/Widgets/DebugUIVector3.prefab
 4.9 kb	 0.0% Packages/com.unity.render-pipelines.universal/Shaders/2D/Light2D-Point-Volumetric.shader
 4.6 kb	 0.0% Packages/com.unity.render-pipelines.universal/Shaders/PostProcessing/ScalingSetup.shader
 4.5 kb	 0.0% Packages/com.unity.render-pipelines.universal/Shaders/2D/Light2D-Shape-Volumetric.shader
 4.4 kb	 0.0% Packages/com.unity.render-pipelines.core/Runtime/Debugging/Prefabs/Widgets/DebugUIUIntField.prefab
 4.4 kb	 0.0% Packages/com.unity.render-pipelines.core/Runtime/Debugging/Prefabs/Widgets/DebugUIIntField.prefab
 4.3 kb	 0.0% Packages/com.unity.render-pipelines.core/Runtime/Debugging/Prefabs/Widgets/DebugUIVector2.prefab
 4.2 kb	 0.0% Packages/com.unity.render-pipelines.core/Runtime/Debugging/Prefabs/Resources/DebugUICanvas.prefab
 4.2 kb	 0.0% Packages/com.unity.render-pipelines.universal/Textures/BlueNoise64/L/LDR_LLL1_0.png
 4.1 kb	 0.0% Packages/com.unity.render-pipelines.core/Runtime/Debugging/Prefabs/Widgets/DebugUIFloatField.prefab
 4.0 kb	 0.0% Packages/com.unity.render-pipelines.universal/Shaders/Debug/DebugReplacement.shader
 3.9 kb	 0.0% Packages/com.unity.render-pipelines.universal/Shaders/PostProcessing/PaniniProjection.shader
 3.6 kb	 0.0% Packages/com.unity.render-pipelines.universal/Shaders/Utils/Sampling.shader
 3.6 kb	 0.0% Packages/com.unity.render-pipelines.universal/Shaders/2D/Shadow2D-Unshadow-Sprite.shader
 3.6 kb	 0.0% Packages/com.unity.render-pipelines.universal/Shaders/2D/Shadow2D-Shadow-Sprite.shader
 3.5 kb	 0.0% Packages/com.unity.render-pipelines.universal/Shaders/PostProcessing/StopNaN.shader
 3.4 kb	 0.0% Packages/com.unity.render-pipelines.universal/Shaders/Utils/FallbackError.shader
 3.3 kb	 0.0% Assets/TextMesh Pro/Resources/Sprite Assets/EmojiOne.asset
 3.2 kb	 0.0% Assets/TextMesh Pro/Resources/Fonts & Materials/LiberationSans SDF - Fallback.asset
 3.2 kb	 0.0% Packages/com.unity.render-pipelines.core/Runtime/RenderPipelineResources/FallbackShader.shader
 3.1 kb	 0.0% Assets/newanimation/jugador 3.controller
 2.8 kb	 0.0% Packages/com.unity.render-pipelines.core/Runtime/Debugging/Prefabs/Widgets/DebugUIObjectPopupField.prefab
 2.7 kb	 0.0% Assets/Animations/enemy 2.anim
 2.7 kb	 0.0% Assets/prefabs/GameOverPanel.prefab
 2.7 kb	 0.0% Assets/Animations/enemy 1.anim
 2.6 kb	 0.0% Assets/comiendokbron.anim
 2.6 kb	 0.0% Packages/com.unity.render-pipelines.core/Runtime/Debugging/Prefabs/Widgets/DebugUIObjectList.prefab
 2.6 kb	 0.0% Packages/com.unity.render-pipelines.core/Runtime/Debugging/Prefabs/Widgets/DebugUIEnumField.prefab
 2.6 kb	 0.0% Assets/Pixel Adventure 1/Assets/Traps/Fire/Off.png
 2.6 kb	 0.0% Assets/newanimation/resdmg.anim
 2.6 kb	 0.0% Assets/newanimation/walk.anim
 2.6 kb	 0.0% Assets/newanimation/idle.anim
 2.5 kb	 0.0% Assets/newanimation/atk.anim
 2.5 kb	 0.0% Assets/Animations/muertemosquito.anim
 2.5 kb	 0.0% Assets/newanimation/jump.anim
 2.5 kb	 0.0% Assets/caminandocuervo.anim
 2.5 kb	 0.0% Assets/mosquitoiski.anim
 2.4 kb	 0.0% Assets/personajedisparando.anim
 2.4 kb	 0.0% Packages/com.unity.render-pipelines.core/Runtime/Debugging/Prefabs/Widgets/DebugUIFoldout.prefab
 2.4 kb	 0.0% Assets/Animations/erdiablazo/ataquediavloxdxd.anim
 2.4 kb	 0.0% Packages/com.unity.render-pipelines.core/Runtime/Debugging/Prefabs/Widgets/DebugUIRow.prefab
 2.4 kb	 0.0% Assets/cajarota.anim
 2.4 kb	 0.0% Assets/personajearmaobtenido.anim
 2.4 kb	 0.0% Assets/motocarro.anim
 2.4 kb	 0.0% Assets/Pixel Adventure 1/Assets/Traps/Falling Platforms/plataforma.anim
 2.4 kb	 0.0% Assets/Animations/erdiablazo/flyyyy.anim
 2.4 kb	 0.0% Assets/Animations/erdiablazo/death.anim
 2.4 kb	 0.0% Assets/rata.anim
 2.4 kb	 0.0% Assets/Animations/erdiablazo/idle.anim
 2.3 kb	 0.0% Assets/vuelavuela.anim
 2.3 kb	 0.0% Assets/ratamuelte.anim
 2.3 kb	 0.0% Assets/Animations/Trampadefuego/Activated.anim
 2.3 kb	 0.0% Assets/prefabs/cajaidle.anim
 2.3 kb	 0.0% Assets/Animations/Trampadefuego/Idle.anim
 2.2 kb	 0.0% Assets/sprites/erdiavlo/without_outline/projectile.png
 2.2 kb	 0.0% Assets/TextMesh Pro/Resources/Style Sheets/Default Style Sheet.asset
 1.7 kb	 0.0% Packages/com.unity.render-pipelines.core/Runtime/Debugging/Prefabs/Widgets/DebugUIToggleHistory.prefab
 1.7 kb	 0.0% Packages/com.unity.render-pipelines.core/Runtime/Debugging/Prefabs/Widgets/DebugUIToggle.prefab
 1.6 kb	 0.0% Assets/Pixel Adventure 1/Assets/Other/Dust Particle.png
 1.6 kb	 0.0% Assets/TextMesh Pro/Resources/Fonts & Materials/LiberationSans SDF - Drop Shadow.mat
 1.6 kb	 0.0% Assets/Pixel Adventure 1/Assets/Traps/Spikes/Idle.png
 1.6 kb	 0.0% Assets/TextMesh Pro/Resources/Fonts & Materials/LiberationSans SDF - Outline.mat
 1.4 kb	 0.0% Assets/Animations/erdiablazo/enemigodiablo.controller
 1.4 kb	 0.0% Packages/com.unity.render-pipelines.core/Runtime/Debugging/Prefabs/Widgets/DebugUIProgressBar.prefab
 1.4 kb	 0.0% Packages/com.unity.render-pipelines.core/Runtime/Debugging/Prefabs/Widgets/DebugUIGroup.prefab
 1.2 kb	 0.0% Packages/com.unity.render-pipelines.core/Runtime/Debugging/Prefabs/Widgets/DebugUIButton.prefab
 1.2 kb	 0.0% Assets/cuervo.controller
 1.2 kb	 0.0% Packages/com.unity.render-pipelines.universal/Textures/SMAA/SearchTex.tga
 1.1 kb	 0.0% Packages/com.unity.render-pipelines.core/Runtime/Debugging/Prefabs/Textures/UIFoldoutOpened.png
 1.1 kb	 0.0% Packages/com.unity.render-pipelines.core/Runtime/Debugging/Prefabs/Textures/UIFoldoutClosed.png
 1.1 kb	 0.0% Packages/com.unity.render-pipelines.core/Runtime/Debugging/Prefabs/Textures/UICheckMark.png
 0.9 kb	 0.0% Packages/com.unity.render-pipelines.core/Runtime/Debugging/Prefabs/Widgets/DebugUIEnumHistory.prefab
 0.9 kb	 0.0% Packages/com.unity.render-pipelines.core/Runtime/Debugging/Prefabs/Widgets/DebugUIValuePersistent.prefab
 0.9 kb	 0.0% Packages/com.unity.render-pipelines.core/Runtime/Debugging/Prefabs/Widgets/DebugUIValueTuple.prefab
 0.9 kb	 0.0% Packages/com.unity.render-pipelines.core/Runtime/Debugging/Prefabs/Resources/DebugUIPersistentCanvas.prefab
 0.9 kb	 0.0% Packages/com.unity.render-pipelines.core/Runtime/Debugging/Prefabs/Widgets/DebugUIObject.prefab
 0.9 kb	 0.0% Packages/com.unity.render-pipelines.core/Runtime/Debugging/Prefabs/Widgets/DebugUIValue.prefab
 0.9 kb	 0.0% Packages/com.unity.render-pipelines.core/Runtime/Debugging/Prefabs/Widgets/DebugUIMessageBox.prefab
 0.9 kb	 0.0% Assets/Animations/Trampadefuego/trampahot.controller
 0.9 kb	 0.0% Assets/rata.controller
 0.9 kb	 0.0% Packages/com.unity.render-pipelines.core/Runtime/Debugging/Prefabs/Textures/UIElement8px.png
 0.8 kb	 0.0% Assets/EnemigoVolador.controller
 0.7 kb	 0.0% Packages/com.unity.render-pipelines.universal/Runtime/Data/PostProcessData.asset
 0.7 kb	 0.0% Assets/Animations/enemigo.controller
 0.7 kb	 0.0% Assets/cajasorpresa.controller
 0.6 kb	 0.0% Packages/com.unity.render-pipelines.core/Runtime/Debugging/Prefabs/Textures/White1px.png
 0.6 kb	 0.0% Assets/prefabs/ProyectilArma.prefab
 0.5 kb	 0.0% Assets/prefabs/proyectilenemigo.prefab
 0.5 kb	 0.0% Assets/prefabs/bolsaplastica.prefab
 0.5 kb	 0.0% Assets/prefabs/icopor.prefab
 0.5 kb	 0.0% Assets/prefabs/botella.prefab
 0.5 kb	 0.0% Packages/com.unity.render-pipelines.universal/Shaders/Utils/BlitHDROverlay.shader
 0.4 kb	 0.0% Assets/motocarroprefab 2.controller
 0.4 kb	 0.0% Assets/Pixel Adventure 1/Assets/Traps/Falling Platforms/plataformamovil.controller
 0.4 kb	 0.0% Packages/com.unity.render-pipelines.core/Runtime/Debugging/Prefabs/Widgets/DebugUIVBox.prefab
 0.4 kb	 0.0% Packages/com.unity.render-pipelines.core/Runtime/Debugging/Prefabs/Widgets/DebugUIHBox.prefab
 0.4 kb	 0.0% Assets/Settings/Renderer2D.asset
 0.4 kb	 0.0% Packages/com.unity.render-pipelines.universal/Textures/BlueNoise16/L/LDR_LLL1_9.png
 0.4 kb	 0.0% Packages/com.unity.render-pipelines.universal/Textures/BlueNoise16/L/LDR_LLL1_8.png
 0.4 kb	 0.0% Packages/com.unity.render-pipelines.universal/Textures/BlueNoise16/L/LDR_LLL1_7.png
 0.4 kb	 0.0% Packages/com.unity.render-pipelines.universal/Textures/BlueNoise16/L/LDR_LLL1_6.png
 0.4 kb	 0.0% Packages/com.unity.render-pipelines.universal/Textures/BlueNoise16/L/LDR_LLL1_5.png
 0.4 kb	 0.0% Packages/com.unity.render-pipelines.universal/Textures/BlueNoise16/L/LDR_LLL1_4.png
 0.4 kb	 0.0% Packages/com.unity.render-pipelines.universal/Textures/BlueNoise16/L/LDR_LLL1_31.png
 0.4 kb	 0.0% Packages/com.unity.render-pipelines.universal/Textures/BlueNoise16/L/LDR_LLL1_30.png
 0.4 kb	 0.0% Packages/com.unity.render-pipelines.universal/Textures/BlueNoise16/L/LDR_LLL1_3.png
 0.4 kb	 0.0% Packages/com.unity.render-pipelines.universal/Textures/BlueNoise16/L/LDR_LLL1_29.png
 0.4 kb	 0.0% Packages/com.unity.render-pipelines.universal/Textures/BlueNoise16/L/LDR_LLL1_28.png
 0.4 kb	 0.0% Packages/com.unity.render-pipelines.universal/Textures/BlueNoise16/L/LDR_LLL1_27.png
 0.4 kb	 0.0% Packages/com.unity.render-pipelines.universal/Textures/BlueNoise16/L/LDR_LLL1_26.png
 0.4 kb	 0.0% Packages/com.unity.render-pipelines.universal/Textures/BlueNoise16/L/LDR_LLL1_25.png
 0.4 kb	 0.0% Packages/com.unity.render-pipelines.universal/Textures/BlueNoise16/L/LDR_LLL1_24.png
 0.4 kb	 0.0% Packages/com.unity.render-pipelines.universal/Textures/BlueNoise16/L/LDR_LLL1_23.png
 0.4 kb	 0.0% Packages/com.unity.render-pipelines.universal/Textures/BlueNoise16/L/LDR_LLL1_22.png
 0.4 kb	 0.0% Packages/com.unity.render-pipelines.universal/Textures/BlueNoise16/L/LDR_LLL1_21.png
 0.4 kb	 0.0% Packages/com.unity.render-pipelines.universal/Textures/BlueNoise16/L/LDR_LLL1_20.png
 0.4 kb	 0.0% Packages/com.unity.render-pipelines.universal/Textures/BlueNoise16/L/LDR_LLL1_2.png
 0.4 kb	 0.0% Packages/com.unity.render-pipelines.universal/Textures/BlueNoise16/L/LDR_LLL1_19.png
 0.4 kb	 0.0% Packages/com.unity.render-pipelines.universal/Textures/BlueNoise16/L/LDR_LLL1_18.png
 0.4 kb	 0.0% Packages/com.unity.render-pipelines.universal/Textures/BlueNoise16/L/LDR_LLL1_17.png
 0.4 kb	 0.0% Packages/com.unity.render-pipelines.universal/Textures/BlueNoise16/L/LDR_LLL1_16.png
 0.4 kb	 0.0% Packages/com.unity.render-pipelines.universal/Textures/BlueNoise16/L/LDR_LLL1_15.png
 0.4 kb	 0.0% Packages/com.unity.render-pipelines.universal/Textures/BlueNoise16/L/LDR_LLL1_14.png
 0.4 kb	 0.0% Packages/com.unity.render-pipelines.universal/Textures/BlueNoise16/L/LDR_LLL1_13.png
 0.4 kb	 0.0% Packages/com.unity.render-pipelines.universal/Textures/BlueNoise16/L/LDR_LLL1_12.png
 0.4 kb	 0.0% Packages/com.unity.render-pipelines.universal/Textures/BlueNoise16/L/LDR_LLL1_11.png
 0.4 kb	 0.0% Packages/com.unity.render-pipelines.universal/Textures/BlueNoise16/L/LDR_LLL1_10.png
 0.4 kb	 0.0% Packages/com.unity.render-pipelines.universal/Textures/BlueNoise16/L/LDR_LLL1_1.png
 0.4 kb	 0.0% Packages/com.unity.render-pipelines.universal/Textures/BlueNoise16/L/LDR_LLL1_0.png
 0.4 kb	 0.0% Built-in Sprite: 
 0.4 kb	 0.0% Packages/com.unity.render-pipelines.universal/Runtime/Materials/Sprite-Lit-Default.mat
 0.4 kb	 0.0% Assets/prefabs/Lanzador.prefab
 0.4 kb	 0.0% Assets/prefabs/potenciadorinmortalidad.prefab
 0.4 kb	 0.0% Assets/prefabs/potenciadorvelocidad.prefab
 0.4 kb	 0.0% Assets/prefabs/potenciadorvidas.prefab
 0.4 kb	 0.0% Assets/Settings/UniversalRP.asset
 0.3 kb	 0.0% Assets/TextMesh Pro/Resources/LineBreaking Following Characters.txt
 0.3 kb	 0.0% Assets/TextMesh Pro/Resources/TMP Settings.asset
 0.2 kb	 0.0% Assets/materials/fondo.mat
 0.2 kb	 0.0% Packages/com.unity.render-pipelines.universal/Runtime/Debug/UniversalRenderPipelineVolumeDebugSettings.cs
 0.2 kb	 0.0% Packages/com.unity.render-pipelines.universal/Runtime/Debug/UniversalRenderPipelineDebugDisplaySettings.cs
 0.2 kb	 0.0% Packages/com.unity.render-pipelines.universal/Runtime/UniversalRenderPipelineGlobalSettings.cs
 0.2 kb	 0.0% Packages/com.unity.render-pipelines.universal/Runtime/Data/UniversalRenderPipelineEditorResources.cs
 0.2 kb	 0.0% Assets/Resources/EstadisticasManager.prefab
 0.2 kb	 0.0% Packages/com.unity.test-framework/UnityEngine.TestRunner/NUnitExtensions/Runner/RestoreTestContextAfterDomainReload.cs
 0.2 kb	 0.0% Packages/com.unity.render-pipelines.universal/Runtime/Passes/AdditionalLightsShadowCasterPass.cs
 0.2 kb	 0.0% Packages/com.unity.render-pipelines.core/Runtime/RenderGraph/RenderGraphResourceRegistry.cs
 0.2 kb	 0.0% Packages/com.unity.render-pipelines.core/Runtime/RenderGraph/RenderGraphDefaultResources.cs
 0.2 kb	 0.0% Assets/tiles/tilesbasurero/basurerotile2-removebg-preview_91.asset
 0.2 kb	 0.0% Assets/tiles/tilesbasurero/basurerotile2-removebg-preview_90.asset
 0.2 kb	 0.0% Assets/tiles/tilesbasurero/basurerotile2-removebg-preview_89.asset
 0.2 kb	 0.0% Assets/tiles/tilesbasurero/basurerotile2-removebg-preview_88.asset
 0.2 kb	 0.0% Assets/tiles/tilesbasurero/basurerotile2-removebg-preview_84.asset
 0.2 kb	 0.0% Assets/tiles/tilesbasurero/basurerotile2-removebg-preview_782.asset
 0.2 kb	 0.0% Assets/tiles/tilesbasurero/basurerotile2-removebg-preview_781.asset
 0.2 kb	 0.0% Assets/tiles/tilesbasurero/basurerotile2-removebg-preview_780.asset
 0.2 kb	 0.0% Assets/tiles/tilesbasurero/basurerotile2-removebg-preview_779.asset
 0.2 kb	 0.0% Assets/tiles/tilesbasurero/basurerotile2-removebg-preview_778.asset
 0.2 kb	 0.0% Assets/tiles/tilesbasurero/basurerotile2-removebg-preview_777.asset
 0.2 kb	 0.0% Assets/tiles/tilesbasurero/basurerotile2-removebg-preview_776.asset
 0.2 kb	 0.0% Assets/tiles/tilesbasurero/basurerotile2-removebg-preview_775.asset
 0.2 kb	 0.0% Assets/tiles/tilesbasurero/basurerotile2-removebg-preview_774.asset
 0.2 kb	 0.0% Assets/tiles/tilesbasurero/basurerotile2-removebg-preview_773.asset
 0.2 kb	 0.0% Assets/tiles/tilesbasurero/basurerotile2-removebg-preview_772.asset
 0.2 kb	 0.0% Assets/tiles/tilesbasurero/basurerotile2-removebg-preview_771.asset
 0.2 kb	 0.0% Assets/tiles/tilesbasurero/basurerotile2-removebg-preview_770.asset
 0.2 kb	 0.0% Assets/tiles/tilesbasurero/basurerotile2-removebg-preview_77.asset
 0.2 kb	 0.0% Assets/tiles/tilesbasurero/basurerotile2-removebg-preview_769.asset
 0.2 kb	 0.0% Assets/tiles/tilesbasurero/basurerotile2-removebg-preview_768.asset
 0.2 kb	 0.0% Assets/tiles/tilesbasurero/basurerotile2-removebg-preview_767.asset
 0.2 kb	 0.0% Assets/tiles/tilesbasurero/basurerotile2-removebg-preview_766.asset
 0.2 kb	 0.0% Assets/tiles/tilesbasurero/basurerotile2-removebg-preview_765.asset
 0.2 kb	 0.0% Assets/tiles/tilesbasurero/basurerotile2-removebg-preview_764.asset
 0.2 kb	 0.0% Assets/tiles/tilesbasurero/basurerotile2-removebg-preview_763.asset
 0.2 kb	 0.0% Assets/tiles/tilesbasurero/basurerotile2-removebg-preview_762.asset
 0.2 kb	 0.0% Assets/tiles/tilesbasurero/basurerotile2-removebg-preview_761.asset
 0.2 kb	 0.0% Assets/tiles/tilesbasurero/basurerotile2-removebg-preview_760.asset
 0.2 kb	 0.0% Assets/tiles/tilesbasurero/basurerotile2-removebg-preview_76.asset
 0.2 kb	 0.0% Assets/tiles/tilesbasurero/basurerotile2-removebg-preview_759.asset
 0.2 kb	 0.0% Assets/tiles/tilesbasurero/basurerotile2-removebg-preview_758.asset
 0.2 kb	 0.0% Assets/tiles/tilesbasurero/basurerotile2-removebg-preview_757.asset
 0.2 kb	 0.0% Assets/tiles/tilesbasurero/basurerotile2-removebg-preview_756.asset
 0.2 kb	 0.0% Assets/tiles/tilesbasurero/basurerotile2-removebg-preview_755.asset
 0.2 kb	 0.0% Assets/tiles/tilesbasurero/basurerotile2-removebg-preview_754.asset
 0.2 kb	 0.0% Assets/tiles/tilesbasurero/basurerotile2-removebg-preview_75.asset
 0.2 kb	 0.0% Assets/tiles/tilesbasurero/basurerotile2-removebg-preview_745.asset
 0.2 kb	 0.0% Assets/tiles/tilesbasurero/basurerotile2-removebg-preview_744.asset
 0.2 kb	 0.0% Assets/tiles/tilesbasurero/basurerotile2-removebg-preview_743.asset
 0.2 kb	 0.0% Assets/tiles/tilesbasurero/basurerotile2-removebg-preview_742.asset
 0.2 kb	 0.0% Assets/tiles/tilesbasurero/basurerotile2-removebg-preview_741.asset
 0.2 kb	 0.0% Assets/tiles/tilesbasurero/basurerotile2-removebg-preview_740.asset
 0.2 kb	 0.0% Assets/tiles/tilesbasurero/basurerotile2-removebg-preview_74.asset
 0.2 kb	 0.0% Assets/tiles/tilesbasurero/basurerotile2-removebg-preview_739.asset
 0.2 kb	 0.0% Assets/tiles/tilesbasurero/basurerotile2-removebg-preview_738.asset
 0.2 kb	 0.0% Assets/tiles/tilesbasurero/basurerotile2-removebg-preview_737.asset
 0.2 kb	 0.0% Assets/tiles/tilesbasurero/basurerotile2-removebg-preview_736.asset
 0.2 kb	 0.0% Assets/tiles/tilesbasurero/basurerotile2-removebg-preview_735.asset
 0.2 kb	 0.0% Assets/tiles/tilesbasurero/basurerotile2-removebg-preview_734.asset
 0.2 kb	 0.0% Assets/tiles/tilesbasurero/basurerotile2-removebg-preview_733.asset
 0.2 kb	 0.0% Assets/tiles/tilesbasurero/basurerotile2-removebg-preview_732.asset
 0.2 kb	 0.0% Assets/tiles/tilesbasurero/basurerotile2-removebg-preview_731.asset
 0.2 kb	 0.0% Assets/tiles/tilesbasurero/basurerotile2-removebg-preview_730.asset
 0.2 kb	 0.0% Assets/tiles/tilesbasurero/basurerotile2-removebg-preview_73.asset
 0.2 kb	 0.0% Assets/tiles/tilesbasurero/basurerotile2-removebg-preview_729.asset
 0.2 kb	 0.0% Assets/tiles/tilesbasurero/basurerotile2-removebg-preview_728.asset
 0.2 kb	 0.0% Assets/tiles/tilesbasurero/basurerotile2-removebg-preview_727.asset
 0.2 kb	 0.0% Assets/tiles/tilesbasurero/basurerotile2-removebg-preview_726.asset
 0.2 kb	 0.0% Assets/tiles/tilesbasurero/basurerotile2-removebg-preview_725.asset
 0.2 kb	 0.0% Assets/tiles/tilesbasurero/basurerotile2-removebg-preview_724.asset
 0.2 kb	 0.0% Assets/tiles/tilesbasurero/basurerotile2-removebg-preview_723.asset
 0.2 kb	 0.0% Assets/tiles/tilesbasurero/basurerotile2-removebg-preview_722.asset
 0.2 kb	 0.0% Assets/tiles/tilesbasurero/basurerotile2-removebg-preview_721.asset
 0.2 kb	 0.0% Assets/tiles/tilesbasurero/basurerotile2-removebg-preview_720.asset
 0.2 kb	 0.0% Assets/tiles/tilesbasurero/basurerotile2-removebg-preview_719.asset
 0.2 kb	 0.0% Assets/tiles/tilesbasurero/basurerotile2-removebg-preview_718.asset
 0.2 kb	 0.0% Assets/tiles/tilesbasurero/basurerotile2-removebg-preview_717.asset
 0.2 kb	 0.0% Assets/tiles/tilesbasurero/basurerotile2-removebg-preview_673.asset
 0.2 kb	 0.0% Assets/tiles/tilesbasurero/basurerotile2-removebg-preview_672.asset
 0.2 kb	 0.0% Assets/tiles/tilesbasurero/basurerotile2-removebg-preview_671.asset
 0.2 kb	 0.0% Assets/tiles/tilesbasurero/basurerotile2-removebg-preview_637.asset
 0.2 kb	 0.0% Assets/tiles/tilesbasurero/basurerotile2-removebg-preview_636.asset
 0.2 kb	 0.0% Assets/tiles/tilesbasurero/basurerotile2-removebg-preview_635.asset
 0.2 kb	 0.0% Assets/tiles/tilesbasurero/basurerotile2-removebg-preview_631.asset
 0.2 kb	 0.0% Assets/tiles/tilesbasurero/basurerotile2-removebg-preview_630.asset
 0.2 kb	 0.0% Assets/tiles/tilesbasurero/basurerotile2-removebg-preview_616.asset
 0.2 kb	 0.0% Assets/tiles/tilesbasurero/basurerotile2-removebg-preview_615.asset
 0.2 kb	 0.0% Assets/tiles/tilesbasurero/basurerotile2-removebg-preview_614.asset
 0.2 kb	 0.0% Assets/tiles/tilesbasurero/basurerotile2-removebg-preview_613.asset
 0.2 kb	 0.0% Assets/tiles/tilesbasurero/basurerotile2-removebg-preview_612.asset
 0.2 kb	 0.0% Assets/tiles/tilesbasurero/basurerotile2-removebg-preview_611.asset
 0.2 kb	 0.0% Assets/tiles/tilesbasurero/basurerotile2-removebg-preview_610.asset
 0.2 kb	 0.0% Assets/tiles/tilesbasurero/basurerotile2-removebg-preview_609.asset
 0.2 kb	 0.0% Assets/tiles/tilesbasurero/basurerotile2-removebg-preview_608.asset
 0.2 kb	 0.0% Assets/tiles/tilesbasurero/basurerotile2-removebg-preview_580.asset
 0.2 kb	 0.0% Assets/tiles/tilesbasurero/basurerotile2-removebg-preview_579.asset
 0.2 kb	 0.0% Assets/tiles/tilesbasurero/basurerotile2-removebg-preview_578.asset
 0.2 kb	 0.0% Assets/tiles/tilesbasurero/basurerotile2-removebg-preview_577.asset
 0.2 kb	 0.0% Assets/tiles/tilesbasurero/basurerotile2-removebg-preview_576.asset
 0.2 kb	 0.0% Assets/tiles/tilesbasurero/basurerotile2-removebg-preview_575.asset
 0.2 kb	 0.0% Assets/tiles/tilesbasurero/basurerotile2-removebg-preview_574.asset
 0.2 kb	 0.0% Assets/tiles/tilesbasurero/basurerotile2-removebg-preview_573.asset
 0.2 kb	 0.0% Assets/tiles/tilesbasurero/basurerotile2-removebg-preview_572.asset
 0.2 kb	 0.0% Assets/tiles/tilesbasurero/basurerotile2-removebg-preview_571.asset
 0.2 kb	 0.0% Assets/tiles/tilesbasurero/basurerotile2-removebg-preview_570.asset
 0.2 kb	 0.0% Assets/tiles/tilesbasurero/basurerotile2-removebg-preview_569.asset
 0.2 kb	 0.0% Assets/tiles/tilesbasurero/basurerotile2-removebg-preview_567.asset
 0.2 kb	 0.0% Assets/tiles/tilesbasurero/basurerotile2-removebg-preview_566.asset
 0.2 kb	 0.0% Assets/tiles/tilesbasurero/basurerotile2-removebg-preview_565.asset
 0.2 kb	 0.0% Assets/tiles/tilesbasurero/basurerotile2-removebg-preview_564.asset
 0.2 kb	 0.0% Assets/tiles/tilesbasurero/basurerotile2-removebg-preview_56.asset
 0.2 kb	 0.0% Assets/tiles/tilesbasurero/basurerotile2-removebg-preview_55.asset
 0.2 kb	 0.0% Assets/tiles/tilesbasurero/basurerotile2-removebg-preview_534.asset
 0.2 kb	 0.0% Assets/tiles/tilesbasurero/basurerotile2-removebg-preview_532.asset
 0.2 kb	 0.0% Assets/tiles/tilesbasurero/basurerotile2-removebg-preview_531.asset
 0.2 kb	 0.0% Assets/tiles/tilesbasurero/basurerotile2-removebg-preview_530.asset
 0.2 kb	 0.0% Assets/tiles/tilesbasurero/basurerotile2-removebg-preview_529.asset
 0.2 kb	 0.0% Assets/tiles/tilesbasurero/basurerotile2-removebg-preview_524.asset
 0.2 kb	 0.0% Assets/tiles/tilesbasurero/basurerotile2-removebg-preview_523.asset
 0.2 kb	 0.0% Assets/tiles/tilesbasurero/basurerotile2-removebg-preview_522.asset
 0.2 kb	 0.0% Assets/tiles/tilesbasurero/basurerotile2-removebg-preview_453.asset
 0.2 kb	 0.0% Assets/tiles/tilesbasurero/basurerotile2-removebg-preview_452.asset
 0.2 kb	 0.0% Assets/tiles/tilesbasurero/basurerotile2-removebg-preview_451.asset
 0.2 kb	 0.0% Assets/tiles/tilesbasurero/basurerotile2-removebg-preview_450.asset
 0.2 kb	 0.0% Assets/tiles/tilesbasurero/basurerotile2-removebg-preview_449.asset
 0.2 kb	 0.0% Assets/tiles/tilesbasurero/basurerotile2-removebg-preview_446.asset
 0.2 kb	 0.0% Assets/tiles/tilesbasurero/basurerotile2-removebg-preview_445.asset
 0.2 kb	 0.0% Assets/tiles/tilesbasurero/basurerotile2-removebg-preview_442.asset
 0.2 kb	 0.0% Assets/tiles/tilesbasurero/basurerotile2-removebg-preview_441.asset
 0.2 kb	 0.0% Assets/tiles/tilesbasurero/basurerotile2-removebg-preview_44.asset
 0.2 kb	 0.0% Assets/tiles/tilesbasurero/basurerotile2-removebg-preview_439.asset
 0.2 kb	 0.0% Assets/tiles/tilesbasurero/basurerotile2-removebg-preview_436.asset
 0.2 kb	 0.0% Assets/tiles/tilesbasurero/basurerotile2-removebg-preview_435.asset
 0.2 kb	 0.0% Assets/tiles/tilesbasurero/basurerotile2-removebg-preview_434.asset
 0.2 kb	 0.0% Assets/tiles/tilesbasurero/basurerotile2-removebg-preview_433.asset
 0.2 kb	 0.0% Assets/tiles/tilesbasurero/basurerotile2-removebg-preview_432.asset
 0.2 kb	 0.0% Assets/tiles/tilesbasurero/basurerotile2-removebg-preview_431.asset
 0.2 kb	 0.0% Assets/tiles/tilesbasurero/basurerotile2-removebg-preview_43.asset
 0.2 kb	 0.0% Assets/tiles/tilesbasurero/basurerotile2-removebg-preview_42.asset
 0.2 kb	 0.0% Assets/tiles/tilesbasurero/basurerotile2-removebg-preview_417.asset
 0.2 kb	 0.0% Assets/tiles/tilesbasurero/basurerotile2-removebg-preview_416.asset
 0.2 kb	 0.0% Assets/tiles/tilesbasurero/basurerotile2-removebg-preview_415.asset
 0.2 kb	 0.0% Assets/tiles/tilesbasurero/basurerotile2-removebg-preview_414.asset
 0.2 kb	 0.0% Assets/tiles/tilesbasurero/basurerotile2-removebg-preview_413.asset
 0.2 kb	 0.0% Assets/tiles/tilesbasurero/basurerotile2-removebg-preview_411.asset
 0.2 kb	 0.0% Assets/tiles/tilesbasurero/basurerotile2-removebg-preview_410.asset
 0.2 kb	 0.0% Assets/tiles/tilesbasurero/basurerotile2-removebg-preview_41.asset
 0.2 kb	 0.0% Assets/tiles/tilesbasurero/basurerotile2-removebg-preview_409.asset
 0.2 kb	 0.0% Assets/tiles/tilesbasurero/basurerotile2-removebg-preview_408.asset
 0.2 kb	 0.0% Assets/tiles/tilesbasurero/basurerotile2-removebg-preview_406.asset
 0.2 kb	 0.0% Assets/tiles/tilesbasurero/basurerotile2-removebg-preview_405.asset
 0.2 kb	 0.0% Assets/tiles/tilesbasurero/basurerotile2-removebg-preview_403.asset
 0.2 kb	 0.0% Assets/tiles/tilesbasurero/basurerotile2-removebg-preview_400.asset
 0.2 kb	 0.0% Assets/tiles/tilesbasurero/basurerotile2-removebg-preview_40.asset
 0.2 kb	 0.0% Assets/tiles/tilesbasurero/basurerotile2-removebg-preview_399.asset
 0.2 kb	 0.0% Assets/tiles/tilesbasurero/basurerotile2-removebg-preview_398.asset
 0.2 kb	 0.0% Assets/tiles/tilesbasurero/basurerotile2-removebg-preview_397.asset
 0.2 kb	 0.0% Assets/tiles/tilesbasurero/basurerotile2-removebg-preview_396.asset
 0.2 kb	 0.0% Assets/tiles/tilesbasurero/basurerotile2-removebg-preview_395.asset
 0.2 kb	 0.0% Assets/tiles/tilesbasurero/basurerotile2-removebg-preview_386.asset
 0.2 kb	 0.0% Assets/tiles/tilesbasurero/basurerotile2-removebg-preview_312.asset
 0.2 kb	 0.0% Assets/tiles/tilesbasurero/basurerotile2-removebg-preview_311.asset
 0.2 kb	 0.0% Assets/tiles/tilesbasurero/basurerotile2-removebg-preview_310.asset
 0.2 kb	 0.0% Assets/tiles/tilesbasurero/basurerotile2-removebg-preview_309.asset
 0.2 kb	 0.0% Assets/tiles/tilesbasurero/basurerotile2-removebg-preview_306.asset
 0.2 kb	 0.0% Assets/tiles/tilesbasurero/basurerotile2-removebg-preview_305.asset
 0.2 kb	 0.0% Assets/tiles/tilesbasurero/basurerotile2-removebg-preview_304.asset
 0.2 kb	 0.0% Assets/tiles/tilesbasurero/basurerotile2-removebg-preview_303.asset
 0.2 kb	 0.0% Assets/tiles/tilesbasurero/basurerotile2-removebg-preview_302.asset
 0.2 kb	 0.0% Assets/tiles/tilesbasurero/basurerotile2-removebg-preview_299.asset
 0.2 kb	 0.0% Assets/tiles/tilesbasurero/basurerotile2-removebg-preview_298.asset
 0.2 kb	 0.0% Assets/tiles/tilesbasurero/basurerotile2-removebg-preview_276.asset
 0.2 kb	 0.0% Assets/tiles/tilesbasurero/basurerotile2-removebg-preview_275.asset
 0.2 kb	 0.0% Assets/tiles/tilesbasurero/basurerotile2-removebg-preview_274.asset
 0.2 kb	 0.0% Assets/tiles/tilesbasurero/basurerotile2-removebg-preview_273.asset
 0.2 kb	 0.0% Assets/tiles/tilesbasurero/basurerotile2-removebg-preview_270.asset
 0.2 kb	 0.0% Assets/tiles/tilesbasurero/basurerotile2-removebg-preview_269.asset
 0.2 kb	 0.0% Assets/tiles/tilesbasurero/basurerotile2-removebg-preview_268.asset
 0.2 kb	 0.0% Assets/tiles/tilesbasurero/basurerotile2-removebg-preview_267.asset
 0.2 kb	 0.0% Assets/tiles/tilesbasurero/basurerotile2-removebg-preview_266.asset
 0.2 kb	 0.0% Assets/tiles/tilesbasurero/basurerotile2-removebg-preview_263.asset
 0.2 kb	 0.0% Assets/tiles/tilesbasurero/basurerotile2-removebg-preview_262.asset
 0.2 kb	 0.0% Assets/tiles/tilesbasurero/basurerotile2-removebg-preview_240.asset
 0.2 kb	 0.0% Assets/tiles/tilesbasurero/basurerotile2-removebg-preview_239.asset
 0.2 kb	 0.0% Assets/tiles/tilesbasurero/basurerotile2-removebg-preview_238.asset
 0.2 kb	 0.0% Assets/tiles/tilesbasurero/basurerotile2-removebg-preview_237.asset
 0.2 kb	 0.0% Assets/tiles/tilesbasurero/basurerotile2-removebg-preview_234.asset
 0.2 kb	 0.0% Assets/tiles/tilesbasurero/basurerotile2-removebg-preview_233.asset
 0.2 kb	 0.0% Assets/tiles/tilesbasurero/basurerotile2-removebg-preview_232.asset
 0.2 kb	 0.0% Assets/tiles/tilesbasurero/basurerotile2-removebg-preview_231.asset
 0.2 kb	 0.0% Assets/tiles/tilesbasurero/basurerotile2-removebg-preview_230.asset
 0.2 kb	 0.0% Assets/tiles/tilesbasurero/basurerotile2-removebg-preview_227.asset
 0.2 kb	 0.0% Assets/tiles/tilesbasurero/basurerotile2-removebg-preview_226.asset
 0.2 kb	 0.0% Assets/tiles/tilesbasurero/basurerotile2-removebg-preview_207.asset
 0.2 kb	 0.0% Assets/tiles/tilesbasurero/basurerotile2-removebg-preview_206.asset
 0.2 kb	 0.0% Assets/tiles/tilesbasurero/basurerotile2-removebg-preview_204.asset
 0.2 kb	 0.0% Assets/tiles/tilesbasurero/basurerotile2-removebg-preview_203.asset
 0.2 kb	 0.0% Assets/tiles/tilesbasurero/basurerotile2-removebg-preview_202.asset
 0.2 kb	 0.0% Assets/tiles/tilesbasurero/basurerotile2-removebg-preview_201.asset
 0.2 kb	 0.0% Assets/tiles/tilesbasurero/basurerotile2-removebg-preview_198.asset
 0.2 kb	 0.0% Assets/tiles/tilesbasurero/basurerotile2-removebg-preview_197.asset
 0.2 kb	 0.0% Assets/tiles/tilesbasurero/basurerotile2-removebg-preview_196.asset
 0.2 kb	 0.0% Assets/tiles/tilesbasurero/basurerotile2-removebg-preview_195.asset
 0.2 kb	 0.0% Assets/tiles/tilesbasurero/basurerotile2-removebg-preview_194.asset
 0.2 kb	 0.0% Assets/tiles/tilesbasurero/basurerotile2-removebg-preview_183.asset
 0.2 kb	 0.0% Assets/tiles/tilesbasurero/basurerotile2-removebg-preview_182.asset
 0.2 kb	 0.0% Assets/tiles/tilesbasurero/basurerotile2-removebg-preview_181.asset
 0.2 kb	 0.0% Assets/tiles/tilesbasurero/basurerotile2-removebg-preview_180.asset
 0.2 kb	 0.0% Assets/tiles/tilesbasurero/basurerotile2-removebg-preview_179.asset
 0.2 kb	 0.0% Assets/tiles/tilesbasurero/basurerotile2-removebg-preview_147.asset
 0.2 kb	 0.0% Assets/tiles/tilesbasurero/basurerotile2-removebg-preview_146.asset
 0.2 kb	 0.0% Assets/tiles/tilesbasurero/basurerotile2-removebg-preview_145.asset
 0.2 kb	 0.0% Assets/tiles/tilesbasurero/basurerotile2-removebg-preview_144.asset
 0.2 kb	 0.0% Assets/tiles/tilesbasurero/basurerotile2-removebg-preview_143.asset
 0.2 kb	 0.0% Assets/tiles/tilesbasurero/basurerotile2-removebg-preview_112.asset
 0.2 kb	 0.0% Assets/tiles/tilesbasurero/basurerotile2-removebg-preview_111.asset
 0.2 kb	 0.0% Assets/tiles/tilesbasurero/basurerotile2-removebg-preview_110.asset
 0.2 kb	 0.0% Assets/tiles/tilesbasurero/basurerotile2-removebg-preview_109.asset
 0.2 kb	 0.0% Assets/tiles/tilesbasurero/basurerotile2-removebg-preview_108.asset
 0.2 kb	 0.0% Assets/tiles/tilesbasurero/basurerotile-removebg-preview_588.asset
 0.2 kb	 0.0% Assets/tiles/tilesbasurero/basurerotile-removebg-preview_587.asset
 0.2 kb	 0.0% Assets/tiles/tilesbasurero/basurerotile-removebg-preview_586.asset
 0.2 kb	 0.0% Assets/tiles/tilesbasurero/basurerotile-removebg-preview_585.asset
 0.2 kb	 0.0% Assets/tiles/tilesbasurero/basurerotile-removebg-preview_584.asset
 0.2 kb	 0.0% Assets/tiles/tilesbasurero/basurerotile-removebg-preview_582.asset
 0.2 kb	 0.0% Assets/tiles/tilesbasurero/basurerotile-removebg-preview_581.asset
 0.2 kb	 0.0% Assets/tiles/tilesbasurero/basurerotile-removebg-preview_580.asset
 0.2 kb	 0.0% Assets/tiles/tilesbasurero/basurerotile-removebg-preview_578.asset
 0.2 kb	 0.0% Assets/tiles/tilesbasurero/basurerotile-removebg-preview_577.asset
 0.2 kb	 0.0% Assets/tiles/tilesbasurero/basurerotile-removebg-preview_576.asset
 0.2 kb	 0.0% Assets/tiles/tilesbasurero/basurerotile-removebg-preview_575.asset
 0.2 kb	 0.0% Assets/tiles/tilesbasurero/basurerotile-removebg-preview_550.asset
 0.2 kb	 0.0% Assets/tiles/tilesbasurero/basurerotile-removebg-preview_549.asset
 0.2 kb	 0.0% Assets/tiles/tilesbasurero/basurerotile-removebg-preview_548.asset
 0.2 kb	 0.0% Assets/tiles/tilesbasurero/basurerotile-removebg-preview_525.asset
 0.2 kb	 0.0% Assets/tiles/tilesbasurero/basurerotile-removebg-preview_524.asset
 0.2 kb	 0.0% Assets/tiles/tilesbasurero/basurerotile-removebg-preview_523.asset
 0.2 kb	 0.0% Assets/tiles/tilesbasurero/basurerotile-removebg-preview_475.asset
 0.2 kb	 0.0% Assets/tiles/tilesbasurero/basurerotile-removebg-preview_472.asset
 0.2 kb	 0.0% Assets/tiles/tilesbasurero/basurerotile-removebg-preview_471.asset
 0.2 kb	 0.0% Assets/tiles/tilesbasurero/basurerotile-removebg-preview_470.asset
 0.2 kb	 0.0% Assets/tiles/tilesbasurero/basurerotile-removebg-preview_469.asset
 0.2 kb	 0.0% Assets/tiles/tilesbasurero/basurerotile-removebg-preview_468.asset
 0.2 kb	 0.0% Assets/tiles/tilesbasurero/basurerotile-removebg-preview_441.asset
 0.2 kb	 0.0% Assets/tiles/tilesbasurero/basurerotile-removebg-preview_437.asset
 0.2 kb	 0.0% Assets/tiles/tilesbasurero/basurerotile-removebg-preview_436.asset
 0.2 kb	 0.0% Assets/tiles/tilesbasurero/basurerotile-removebg-preview_435.asset
 0.2 kb	 0.0% Assets/tiles/tilesbasurero/basurerotile-removebg-preview_434.asset
 0.2 kb	 0.0% Assets/tiles/tilesbasurero/basurerotile-removebg-preview_433.asset
 0.2 kb	 0.0% Assets/tiles/tilesbasurero/basurerotile-removebg-preview_432.asset
 0.2 kb	 0.0% Assets/tiles/tilesbasurero/basurerotile-removebg-preview_431.asset
 0.2 kb	 0.0% Assets/tiles/tilesbasurero/basurerotile-removebg-preview_430.asset
 0.2 kb	 0.0% Assets/tiles/tilesbasurero/basurerotile-removebg-preview_429.asset
 0.2 kb	 0.0% Assets/tiles/tilesbasurero/basurerotile-removebg-preview_425.asset
 0.2 kb	 0.0% Assets/tiles/tilesbasurero/basurerotile-removebg-preview_412.asset
 0.2 kb	 0.0% Assets/tiles/tilesbasurero/basurerotile-removebg-preview_411.asset
 0.2 kb	 0.0% Assets/tiles/tilesbasurero/basurerotile-removebg-preview_410.asset
 0.2 kb	 0.0% Assets/tiles/tilesbasurero/basurerotile-removebg-preview_407.asset
 0.2 kb	 0.0% Assets/tiles/tilesbasurero/basurerotile-removebg-preview_403.asset
 0.2 kb	 0.0% Assets/tiles/tilesbasurero/basurerotile-removebg-preview_402.asset
 0.2 kb	 0.0% Assets/tiles/tilesbasurero/basurerotile-removebg-preview_401.asset
 0.2 kb	 0.0% Assets/tiles/tilesbasurero/basurerotile-removebg-preview_400.asset
 0.2 kb	 0.0% Assets/tiles/tilesbasurero/basurerotile-removebg-preview_399.asset
 0.2 kb	 0.0% Assets/tiles/tilesbasurero/basurerotile-removebg-preview_398.asset
 0.2 kb	 0.0% Assets/tiles/tilesbasurero/basurerotile-removebg-preview_397.asset
 0.2 kb	 0.0% Assets/tiles/tilesbasurero/basurerotile-removebg-preview_396.asset
 0.2 kb	 0.0% Assets/tiles/tilesbasurero/basurerotile-removebg-preview_395.asset
 0.2 kb	 0.0% Assets/tiles/tilesbasurero/basurerotile-removebg-preview_377.asset
 0.2 kb	 0.0% Assets/tiles/tilesbasurero/basurerotile-removebg-preview_376.asset
 0.2 kb	 0.0% Assets/tiles/tilesbasurero/basurerotile-removebg-preview_375.asset
 0.2 kb	 0.0% Assets/tiles/tilesbasurero/basurerotile-removebg-preview_372.asset
 0.2 kb	 0.0% Assets/tiles/tilesbasurero/basurerotile-removebg-preview_369.asset
 0.2 kb	 0.0% Assets/tiles/tilesbasurero/basurerotile-removebg-preview_368.asset
 0.2 kb	 0.0% Assets/tiles/tilesbasurero/basurerotile-removebg-preview_367.asset
 0.2 kb	 0.0% Assets/tiles/tilesbasurero/basurerotile-removebg-preview_366.asset
 0.2 kb	 0.0% Assets/tiles/tilesbasurero/basurerotile-removebg-preview_365.asset
 0.2 kb	 0.0% Assets/tiles/tilesbasurero/basurerotile-removebg-preview_364.asset
 0.2 kb	 0.0% Assets/tiles/tilesbasurero/basurerotile-removebg-preview_363.asset
 0.2 kb	 0.0% Assets/tiles/tilesbasurero/basurerotile-removebg-preview_362.asset
 0.2 kb	 0.0% Assets/tiles/tilesbasurero/basurerotile-removebg-preview_361.asset
 0.2 kb	 0.0% Assets/tiles/tilesbasurero/basurerotile-removebg-preview_345.asset
 0.2 kb	 0.0% Assets/tiles/tilesbasurero/basurerotile-removebg-preview_344.asset
 0.2 kb	 0.0% Assets/tiles/tilesbasurero/basurerotile-removebg-preview_343.asset
 0.2 kb	 0.0% Assets/tiles/tilesbasurero/basurerotile-removebg-preview_340.asset
 0.2 kb	 0.0% Assets/tiles/tilesbasurero/basurerotile-removebg-preview_337.asset
 0.2 kb	 0.0% Assets/tiles/tilesbasurero/basurerotile-removebg-preview_336.asset
 0.2 kb	 0.0% Assets/tiles/tilesbasurero/basurerotile-removebg-preview_335.asset
 0.2 kb	 0.0% Assets/tiles/tilesbasurero/basurerotile-removebg-preview_334.asset
 0.2 kb	 0.0% Assets/tiles/tilesbasurero/basurerotile-removebg-preview_333.asset
 0.2 kb	 0.0% Assets/tiles/tilesbasurero/basurerotile-removebg-preview_332.asset
 0.2 kb	 0.0% Assets/tiles/tilesbasurero/basurerotile-removebg-preview_331.asset
 0.2 kb	 0.0% Assets/tiles/tilesbasurero/basurerotile-removebg-preview_330.asset
 0.2 kb	 0.0% Assets/tiles/tilesbasurero/basurerotile-removebg-preview_329.asset
 0.2 kb	 0.0% Assets/tiles/tilesbasurero/basurerotile-removebg-preview_216.asset
 0.2 kb	 0.0% Assets/tiles/tilesbasurero/basurerotile-removebg-preview_215.asset
 0.2 kb	 0.0% Assets/tiles/tilesbasurero/basurerotile-removebg-preview_214.asset
 0.2 kb	 0.0% Assets/tiles/tilesbasurero/basurerotile-removebg-preview_213.asset
 0.2 kb	 0.0% Assets/tiles/tilesbasurero/basurerotile-removebg-preview_124.asset
 0.2 kb	 0.0% Assets/tiles/tilesbasurero/basurerotile-removebg-preview_123.asset
 0.2 kb	 0.0% Assets/tiles/tilesbasurero/basurerotile-removebg-preview_122.asset
 0.2 kb	 0.0% Assets/tiles/tilesbasurero/basurerotile-removebg-preview_102.asset
 0.2 kb	 0.0% Assets/tiles/tilesbasurero/basurerotile-removebg-preview_101.asset
 0.2 kb	 0.0% Assets/tiles/tilesbasurero/basurerotile-removebg-preview_100.asset
 0.2 kb	 0.0% Packages/com.unity.visualscripting/Runtime/VisualScripting.Core/Listeners/UI/UnityOnScrollbarValueChangedMessageListener.cs
 0.2 kb	 0.0% Packages/com.unity.visualscripting/Runtime/VisualScripting.Core/Listeners/UI/UnityOnScrollRectValueChangedMessageListener.cs
 0.2 kb	 0.0% Packages/com.unity.visualscripting/Runtime/VisualScripting.Core/Listeners/UI/UnityOnInputFieldValueChangedMessageListener.cs
 0.2 kb	 0.0% Packages/com.unity.visualscripting/Runtime/VisualScripting.Core/Listeners/UI/UnityOnDropdownValueChangedMessageListener.cs
 0.2 kb	 0.0% Packages/com.unity.visualscripting/Runtime/VisualScripting.Core/Listeners/MonoBehaviour/UnityOnTransformChildrenChangedMListener.cs
 0.2 kb	 0.0% Packages/com.unity.visualscripting/Runtime/VisualScripting.Core/Listeners/MonoBehaviour/UnityOnControllerColliderHitMessageListener.cs
 0.2 kb	 0.0% Packages/com.unity.render-pipelines.universal/Textures/BayerMatrix.png
 0.2 kb	 0.0% Packages/com.unity.render-pipelines.core/Runtime/RenderGraph/RenderGraphResourceRendererList.cs
 0.2 kb	 0.0% Packages/com.unity.render-pipelines.core/Runtime/RenderGraph/RenderGraphResourceComputeBuffer.cs
 0.2 kb	 0.0% Packages/com.unity.render-pipelines.core/Runtime/Common/IVirtualTexturingEnabledRenderPipeline.cs
 0.2 kb	 0.0% Packages/com.unity.mathematics/Unity.Mathematics/Il2CppEagerStaticClassConstructionAttribute.cs
 0.2 kb	 0.0% Assets/tiles/tilesbasurero/basurerotile-removebg-preview_97.asset
 0.2 kb	 0.0% Assets/tiles/tilesbasurero/basurerotile-removebg-preview_96.asset
 0.2 kb	 0.0% Assets/tiles/tilesbasurero/basurerotile-removebg-preview_94.asset
 0.2 kb	 0.0% Assets/tiles/tilesbasurero/basurerotile-removebg-preview_93.asset
 0.2 kb	 0.0% Assets/tiles/tilesbasurero/basurerotile-removebg-preview_92.asset
 0.2 kb	 0.0% Assets/tiles/tilesbasurero/basurerotile-removebg-preview_91.asset
 0.2 kb	 0.0% Assets/tiles/tilesbasurero/basurerotile-removebg-preview_9.asset
 0.2 kb	 0.0% Assets/tiles/tilesbasurero/basurerotile-removebg-preview_8.asset
 0.2 kb	 0.0% Assets/tiles/tilesbasurero/basurerotile-removebg-preview_73.asset
 0.2 kb	 0.0% Assets/tiles/tilesbasurero/basurerotile-removebg-preview_72.asset
 0.2 kb	 0.0% Assets/tiles/tilesbasurero/basurerotile-removebg-preview_71.asset
 0.2 kb	 0.0% Assets/tiles/tilesbasurero/basurerotile-removebg-preview_69.asset
 0.2 kb	 0.0% Assets/tiles/tilesbasurero/basurerotile-removebg-preview_66.asset
 0.2 kb	 0.0% Assets/tiles/tilesbasurero/basurerotile-removebg-preview_65.asset
 0.2 kb	 0.0% Assets/tiles/tilesbasurero/basurerotile-removebg-preview_64.asset
 0.2 kb	 0.0% Assets/tiles/tilesbasurero/basurerotile-removebg-preview_63.asset
 0.2 kb	 0.0% Assets/tiles/tilesbasurero/basurerotile-removebg-preview_46.asset
 0.2 kb	 0.0% Assets/tiles/tilesbasurero/basurerotile-removebg-preview_45.asset
 0.2 kb	 0.0% Assets/tiles/tilesbasurero/basurerotile-removebg-preview_44.asset
 0.2 kb	 0.0% Assets/tiles/tilesbasurero/basurerotile-removebg-preview_41.asset
 0.2 kb	 0.0% Assets/tiles/tilesbasurero/basurerotile-removebg-preview_38.asset
 0.2 kb	 0.0% Assets/tiles/tilesbasurero/basurerotile-removebg-preview_37.asset
 0.2 kb	 0.0% Assets/tiles/tilesbasurero/basurerotile-removebg-preview_36.asset
 0.2 kb	 0.0% Assets/tiles/tilesbasurero/basurerotile-removebg-preview_35.asset
 0.2 kb	 0.0% Assets/tiles/tilesbasurero/basurerotile-removebg-preview_14.asset
 0.2 kb	 0.0% Assets/tiles/tilesbasurero/basurerotile-removebg-preview_13.asset
 0.2 kb	 0.0% Assets/tiles/tilesbasurero/basurerotile-removebg-preview_10.asset
 0.2 kb	 0.0% Packages/com.unity.visualscripting/Runtime/VisualScripting.Core/Listeners/MonoBehaviour/UnityOnTransformParentChangedMListener.cs
 0.2 kb	 0.0% Packages/com.unity.visualscripting/Runtime/VisualScripting.Core/Dependencies/AssemblyQualifiedNameParser/ParsedAssemblyQualifiedName.cs
 0.2 kb	 0.0% Packages/com.unity.test-framework/UnityEngine.TestRunner/NUnitExtensions/Runner/UnityLogCheckDelegatingCommand.cs
 0.2 kb	 0.0% Packages/com.unity.test-framework/UnityEngine.TestRunner/Assertions/OutOfOrderExpectedLogMessageException.cs
 0.2 kb	 0.0% Packages/com.unity.render-pipelines.universal/Runtime/UniversalAdditionalCameraData.cs
 0.2 kb	 0.0% Packages/com.unity.render-pipelines.universal/Runtime/RendererFeatures/DisallowMultipleRendererFeature.cs
 0.2 kb	 0.0% Packages/com.unity.render-pipelines.universal/Runtime/Passes/MainLightShadowCasterPass.cs
 0.2 kb	 0.0% Packages/com.unity.render-pipelines.universal/Runtime/Passes/InvokeOnRenderObjectCallbackPass.cs
 0.2 kb	 0.0% Packages/com.unity.render-pipelines.universal/Runtime/Decal/Entities/DecalUpdateCullingGroupSystem.cs
 0.2 kb	 0.0% Packages/com.unity.render-pipelines.universal/Runtime/Debug/DebugDisplaySettingsRendering.cs
 0.2 kb	 0.0% Packages/com.unity.render-pipelines.universal/Runtime/2D/CinemachineUniversalPixelPerfect.cs
 0.2 kb	 0.0% Packages/com.unity.render-pipelines.core/Runtime/RenderGraph/RenderGraphResourcePool.cs
 0.2 kb	 0.0% Packages/com.unity.render-pipelines.core/Runtime/RenderGraph/RenderGraphObjectPool.cs
 0.2 kb	 0.0% Packages/com.unity.render-pipelines.core/Runtime/Lighting/ProbeVolume/ProbeReferenceVolume.ReflProbeNormalization.cs
 0.2 kb	 0.0% Assets/tiles/tilescueva/Tiles-GrimRock-Vegetation_9.asset
 0.2 kb	 0.0% Assets/tiles/tilescueva/Tiles-GrimRock-Vegetation_8.asset
 0.2 kb	 0.0% Assets/tiles/tilescueva/Tiles-GrimRock-Vegetation_5.asset
 0.2 kb	 0.0% Assets/tiles/tilescueva/Tiles-GrimRock-Vegetation_4.asset
 0.2 kb	 0.0% Assets/tiles/tilescueva/Tiles-GrimRock-Vegetation_3.asset
 0.2 kb	 0.0% Assets/tiles/tilescueva/Tiles-GrimRock-Vegetation_21.asset
 0.2 kb	 0.0% Assets/tiles/tilescueva/Tiles-GrimRock-Vegetation_2.asset
 0.2 kb	 0.0% Assets/tiles/tilescueva/Tiles-GrimRock-Vegetation_19.asset
 0.2 kb	 0.0% Assets/tiles/tilescueva/Tiles-GrimRock-Vegetation_18.asset
 0.2 kb	 0.0% Assets/tiles/tilescueva/Tiles-GrimRock-Vegetation_17.asset
 0.2 kb	 0.0% Assets/tiles/tilescueva/Tiles-GrimRock-Vegetation_16.asset
 0.2 kb	 0.0% Assets/tiles/tilescueva/Tiles-GrimRock-Vegetation_13.asset
 0.2 kb	 0.0% Assets/tiles/tilescueva/Tiles-GrimRock-Vegetation_12.asset
 0.2 kb	 0.0% Assets/tiles/tilescueva/Tiles-GrimRock-Vegetation_11.asset
 0.2 kb	 0.0% Assets/tiles/tilescueva/Tiles-GrimRock-Vegetation_10.asset
 0.2 kb	 0.0% Assets/tiles/tilescueva/Tiles-GrimRock-Vegetation_1.asset
 0.2 kb	 0.0% Assets/tiles/tilescueva/Tiles-GrimRock-Vegetation_0.asset
 0.2 kb	 0.0% Packages/com.unity.visualscripting/Runtime/VisualScripting.Core/Listeners/UI/UnityOnToggleValueChangedMessageListener.cs
 0.2 kb	 0.0% Packages/com.unity.visualscripting/Runtime/VisualScripting.Core/Listeners/UI/UnityOnSliderValueChangedMessageListener.cs
 0.2 kb	 0.0% Packages/com.unity.visualscripting/Runtime/VisualScripting.Core/Listeners/UI/UnityOnInputFieldEndEditMessageListener.cs
 0.2 kb	 0.0% Packages/com.unity.visualscripting/Runtime/VisualScripting.Core/Listeners/MonoBehaviour/UnityOnParticleCollisionMessageListener.cs
 0.2 kb	 0.0% Packages/com.unity.visualscripting/Runtime/VisualScripting.Core/Listeners/MonoBehaviour/UnityOnMouseUpAsButtonMessageListener.cs
 0.2 kb	 0.0% Packages/com.unity.visualscripting/Runtime/VisualScripting.Core/Listeners/MonoBehaviour/UnityOnCollisionStay2DMessageListener.cs
 0.2 kb	 0.0% Packages/com.unity.visualscripting/Runtime/VisualScripting.Core/Listeners/MonoBehaviour/UnityOnCollisionExit2DMessageListener.cs
 0.2 kb	 0.0% Packages/com.unity.visualscripting/Runtime/VisualScripting.Core/Listeners/MonoBehaviour/UnityOnCollisionEnter2DMessageListener.cs
 0.2 kb	 0.0% Packages/com.unity.visualscripting/Runtime/VisualScripting.Core/Listeners/MonoBehaviour/UnityOnBecameInvisibleMessageListener.cs
 0.2 kb	 0.0% Packages/com.unity.render-pipelines.universal/Runtime/UniversalRenderPipelineRenderGraph.cs
 0.2 kb	 0.0% Packages/com.unity.render-pipelines.core/Runtime/RenderGraph/RenderGraphResourceTexture.cs
 0.2 kb	 0.0% Assets/tiles/tilesoscuros2/Tiles-GrimRockGrounds_33.asset
 0.2 kb	 0.0% Assets/tiles/tilesoscuros2/Tiles-GrimRockGrounds_32.asset
 0.2 kb	 0.0% Assets/tiles/tilesoscuros2/Tiles-GrimRockGrounds_31.asset
 0.2 kb	 0.0% Assets/tiles/tilesnivel2/tilesplazadelsol333_999.asset
 0.2 kb	 0.0% Assets/tiles/tilesnivel2/tilesplazadelsol333_998.asset
 0.2 kb	 0.0% Assets/tiles/tilesnivel2/tilesplazadelsol333_997.asset
 0.2 kb	 0.0% Assets/tiles/tilesnivel2/tilesplazadelsol333_996.asset
 0.2 kb	 0.0% Assets/tiles/tilesnivel2/tilesplazadelsol333_995.asset
 0.2 kb	 0.0% Assets/tiles/tilesnivel2/tilesplazadelsol333_994.asset
 0.2 kb	 0.0% Assets/tiles/tilesnivel2/tilesplazadelsol333_993.asset
 0.2 kb	 0.0% Assets/tiles/tilesnivel2/tilesplazadelsol333_992.asset
 0.2 kb	 0.0% Assets/tiles/tilesnivel2/tilesplazadelsol333_991.asset
 0.2 kb	 0.0% Assets/tiles/tilesnivel2/tilesplazadelsol333_990.asset
 0.2 kb	 0.0% Assets/tiles/tilesnivel2/tilesplazadelsol333_99.asset
 0.2 kb	 0.0% Assets/tiles/tilesnivel2/tilesplazadelsol333_989.asset
 0.2 kb	 0.0% Assets/tiles/tilesnivel2/tilesplazadelsol333_988.asset
 0.2 kb	 0.0% Assets/tiles/tilesnivel2/tilesplazadelsol333_987.asset
 0.2 kb	 0.0% Assets/tiles/tilesnivel2/tilesplazadelsol333_986.asset
 0.2 kb	 0.0% Assets/tiles/tilesnivel2/tilesplazadelsol333_985.asset
 0.2 kb	 0.0% Assets/tiles/tilesnivel2/tilesplazadelsol333_984.asset
 0.2 kb	 0.0% Assets/tiles/tilesnivel2/tilesplazadelsol333_983.asset
 0.2 kb	 0.0% Assets/tiles/tilesnivel2/tilesplazadelsol333_982.asset
 0.2 kb	 0.0% Assets/tiles/tilesnivel2/tilesplazadelsol333_981.asset
 0.2 kb	 0.0% Assets/tiles/tilesnivel2/tilesplazadelsol333_980.asset
 0.2 kb	 0.0% Assets/tiles/tilesnivel2/tilesplazadelsol333_98.asset
 0.2 kb	 0.0% Assets/tiles/tilesnivel2/tilesplazadelsol333_979.asset
 0.2 kb	 0.0% Assets/tiles/tilesnivel2/tilesplazadelsol333_978.asset
 0.2 kb	 0.0% Assets/tiles/tilesnivel2/tilesplazadelsol333_977.asset
 0.2 kb	 0.0% Assets/tiles/tilesnivel2/tilesplazadelsol333_976.asset
 0.2 kb	 0.0% Assets/tiles/tilesnivel2/tilesplazadelsol333_975.asset
 0.2 kb	 0.0% Assets/tiles/tilesnivel2/tilesplazadelsol333_974.asset
 0.2 kb	 0.0% Assets/tiles/tilesnivel2/tilesplazadelsol333_973.asset
 0.2 kb	 0.0% Assets/tiles/tilesnivel2/tilesplazadelsol333_972.asset
 0.2 kb	 0.0% Assets/tiles/tilesnivel2/tilesplazadelsol333_971.asset
 0.2 kb	 0.0% Assets/tiles/tilesnivel2/tilesplazadelsol333_970.asset
 0.2 kb	 0.0% Assets/tiles/tilesnivel2/tilesplazadelsol333_97.asset
 0.2 kb	 0.0% Assets/tiles/tilesnivel2/tilesplazadelsol333_969.asset
 0.2 kb	 0.0% Assets/tiles/tilesnivel2/tilesplazadelsol333_968.asset
 0.2 kb	 0.0% Assets/tiles/tilesnivel2/tilesplazadelsol333_967.asset
 0.2 kb	 0.0% Assets/tiles/tilesnivel2/tilesplazadelsol333_966.asset
 0.2 kb	 0.0% Assets/tiles/tilesnivel2/tilesplazadelsol333_965.asset
 0.2 kb	 0.0% Assets/tiles/tilesnivel2/tilesplazadelsol333_964.asset
 0.2 kb	 0.0% Assets/tiles/tilesnivel2/tilesplazadelsol333_963.asset
 0.2 kb	 0.0% Assets/tiles/tilesnivel2/tilesplazadelsol333_962.asset
 0.2 kb	 0.0% Assets/tiles/tilesnivel2/tilesplazadelsol333_961.asset
 0.2 kb	 0.0% Assets/tiles/tilesnivel2/tilesplazadelsol333_960.asset
 0.2 kb	 0.0% Assets/tiles/tilesnivel2/tilesplazadelsol333_96.asset
 0.2 kb	 0.0% Assets/tiles/tilesnivel2/tilesplazadelsol333_959.asset
 0.2 kb	 0.0% Assets/tiles/tilesnivel2/tilesplazadelsol333_958.asset
 0.2 kb	 0.0% Assets/tiles/tilesnivel2/tilesplazadelsol333_957.asset
 0.2 kb	 0.0% Assets/tiles/tilesnivel2/tilesplazadelsol333_956.asset
 0.2 kb	 0.0% Assets/tiles/tilesnivel2/tilesplazadelsol333_955.asset
 0.2 kb	 0.0% Assets/tiles/tilesnivel2/tilesplazadelsol333_954.asset
 0.2 kb	 0.0% Assets/tiles/tilesnivel2/tilesplazadelsol333_953.asset
 0.2 kb	 0.0% Assets/tiles/tilesnivel2/tilesplazadelsol333_952.asset
 0.2 kb	 0.0% Assets/tiles/tilesnivel2/tilesplazadelsol333_951.asset
 0.2 kb	 0.0% Assets/tiles/tilesnivel2/tilesplazadelsol333_950.asset
 0.2 kb	 0.0% Assets/tiles/tilesnivel2/tilesplazadelsol333_95.asset
 0.2 kb	 0.0% Assets/tiles/tilesnivel2/tilesplazadelsol333_949.asset
 0.2 kb	 0.0% Assets/tiles/tilesnivel2/tilesplazadelsol333_948.asset
 0.2 kb	 0.0% Assets/tiles/tilesnivel2/tilesplazadelsol333_947.asset
 0.2 kb	 0.0% Assets/tiles/tilesnivel2/tilesplazadelsol333_946.asset
 0.2 kb	 0.0% Assets/tiles/tilesnivel2/tilesplazadelsol333_945.asset
 0.2 kb	 0.0% Assets/tiles/tilesnivel2/tilesplazadelsol333_944.asset
 0.2 kb	 0.0% Assets/tiles/tilesnivel2/tilesplazadelsol333_943.asset
 0.2 kb	 0.0% Assets/tiles/tilesnivel2/tilesplazadelsol333_942.asset
 0.2 kb	 0.0% Assets/tiles/tilesnivel2/tilesplazadelsol333_941.asset
 0.2 kb	 0.0% Assets/tiles/tilesnivel2/tilesplazadelsol333_940.asset
 0.2 kb	 0.0% Assets/tiles/tilesnivel2/tilesplazadelsol333_94.asset
 0.2 kb	 0.0% Assets/tiles/tilesnivel2/tilesplazadelsol333_939.asset
 0.2 kb	 0.0% Assets/tiles/tilesnivel2/tilesplazadelsol333_938.asset
 0.2 kb	 0.0% Assets/tiles/tilesnivel2/tilesplazadelsol333_937.asset
 0.2 kb	 0.0% Assets/tiles/tilesnivel2/tilesplazadelsol333_936.asset
 0.2 kb	 0.0% Assets/tiles/tilesnivel2/tilesplazadelsol333_935.asset
 0.2 kb	 0.0% Assets/tiles/tilesnivel2/tilesplazadelsol333_934.asset
 0.2 kb	 0.0% Assets/tiles/tilesnivel2/tilesplazadelsol333_933.asset
 0.2 kb	 0.0% Assets/tiles/tilesnivel2/tilesplazadelsol333_932.asset
 0.2 kb	 0.0% Assets/tiles/tilesnivel2/tilesplazadelsol333_931.asset
 0.2 kb	 0.0% Assets/tiles/tilesnivel2/tilesplazadelsol333_930.asset
 0.2 kb	 0.0% Assets/tiles/tilesnivel2/tilesplazadelsol333_93.asset
 0.2 kb	 0.0% Assets/tiles/tilesnivel2/tilesplazadelsol333_929.asset
 0.2 kb	 0.0% Assets/tiles/tilesnivel2/tilesplazadelsol333_928.asset
 0.2 kb	 0.0% Assets/tiles/tilesnivel2/tilesplazadelsol333_927.asset
 0.2 kb	 0.0% Assets/tiles/tilesnivel2/tilesplazadelsol333_926.asset
 0.2 kb	 0.0% Assets/tiles/tilesnivel2/tilesplazadelsol333_925.asset
 0.2 kb	 0.0% Assets/tiles/tilesnivel2/tilesplazadelsol333_924.asset
 0.2 kb	 0.0% Assets/tiles/tilesnivel2/tilesplazadelsol333_923.asset
 0.2 kb	 0.0% Assets/tiles/tilesnivel2/tilesplazadelsol333_922.asset
 0.2 kb	 0.0% Assets/tiles/tilesnivel2/tilesplazadelsol333_921.asset
 0.2 kb	 0.0% Assets/tiles/tilesnivel2/tilesplazadelsol333_920.asset
 0.2 kb	 0.0% Assets/tiles/tilesnivel2/tilesplazadelsol333_92.asset
 0.2 kb	 0.0% Assets/tiles/tilesnivel2/tilesplazadelsol333_919.asset
 0.2 kb	 0.0% Assets/tiles/tilesnivel2/tilesplazadelsol333_918.asset
 0.2 kb	 0.0% Assets/tiles/tilesnivel2/tilesplazadelsol333_917.asset
 0.2 kb	 0.0% Assets/tiles/tilesnivel2/tilesplazadelsol333_916.asset
 0.2 kb	 0.0% Assets/tiles/tilesnivel2/tilesplazadelsol333_915.asset
 0.2 kb	 0.0% Assets/tiles/tilesnivel2/tilesplazadelsol333_914.asset
 0.2 kb	 0.0% Assets/tiles/tilesnivel2/tilesplazadelsol333_913.asset
 0.2 kb	 0.0% Assets/tiles/tilesnivel2/tilesplazadelsol333_912.asset
 0.2 kb	 0.0% Assets/tiles/tilesnivel2/tilesplazadelsol333_911.asset
 0.2 kb	 0.0% Assets/tiles/tilesnivel2/tilesplazadelsol333_910.asset
 0.2 kb	 0.0% Assets/tiles/tilesnivel2/tilesplazadelsol333_91.asset
 0.2 kb	 0.0% Assets/tiles/tilesnivel2/tilesplazadelsol333_909.asset
 0.2 kb	 0.0% Assets/tiles/tilesnivel2/tilesplazadelsol333_908.asset
 0.2 kb	 0.0% Assets/tiles/tilesnivel2/tilesplazadelsol333_907.asset
 0.2 kb	 0.0% Assets/tiles/tilesnivel2/tilesplazadelsol333_906.asset
 0.2 kb	 0.0% Assets/tiles/tilesnivel2/tilesplazadelsol333_905.asset
 0.2 kb	 0.0% Assets/tiles/tilesnivel2/tilesplazadelsol333_904.asset
 0.2 kb	 0.0% Assets/tiles/tilesnivel2/tilesplazadelsol333_903.asset
 0.2 kb	 0.0% Assets/tiles/tilesnivel2/tilesplazadelsol333_902.asset
 0.2 kb	 0.0% Assets/tiles/tilesnivel2/tilesplazadelsol333_901.asset
 0.2 kb	 0.0% Assets/tiles/tilesnivel2/tilesplazadelsol333_900.asset
 0.2 kb	 0.0% Assets/tiles/tilesnivel2/tilesplazadelsol333_90.asset
 0.2 kb	 0.0% Assets/tiles/tilesnivel2/tilesplazadelsol333_9.asset
 0.2 kb	 0.0% Assets/tiles/tilesnivel2/tilesplazadelsol333_899.asset
 0.2 kb	 0.0% Assets/tiles/tilesnivel2/tilesplazadelsol333_898.asset
 0.2 kb	 0.0% Assets/tiles/tilesnivel2/tilesplazadelsol333_897.asset
 0.2 kb	 0.0% Assets/tiles/tilesnivel2/tilesplazadelsol333_896.asset
 0.2 kb	 0.0% Assets/tiles/tilesnivel2/tilesplazadelsol333_895.asset
 0.2 kb	 0.0% Assets/tiles/tilesnivel2/tilesplazadelsol333_894.asset
 0.2 kb	 0.0% Assets/tiles/tilesnivel2/tilesplazadelsol333_893.asset
 0.2 kb	 0.0% Assets/tiles/tilesnivel2/tilesplazadelsol333_892.asset
 0.2 kb	 0.0% Assets/tiles/tilesnivel2/tilesplazadelsol333_891.asset
 0.2 kb	 0.0% Assets/tiles/tilesnivel2/tilesplazadelsol333_890.asset
 0.2 kb	 0.0% Assets/tiles/tilesnivel2/tilesplazadelsol333_89.asset
 0.2 kb	 0.0% Assets/tiles/tilesnivel2/tilesplazadelsol333_889.asset
 0.2 kb	 0.0% Assets/tiles/tilesnivel2/tilesplazadelsol333_888.asset
 0.2 kb	 0.0% Assets/tiles/tilesnivel2/tilesplazadelsol333_887.asset
 0.2 kb	 0.0% Assets/tiles/tilesnivel2/tilesplazadelsol333_886.asset
 0.2 kb	 0.0% Assets/tiles/tilesnivel2/tilesplazadelsol333_885.asset
 0.2 kb	 0.0% Assets/tiles/tilesnivel2/tilesplazadelsol333_884.asset
 0.2 kb	 0.0% Assets/tiles/tilesnivel2/tilesplazadelsol333_883.asset
 0.2 kb	 0.0% Assets/tiles/tilesnivel2/tilesplazadelsol333_882.asset
 0.2 kb	 0.0% Assets/tiles/tilesnivel2/tilesplazadelsol333_881.asset
 0.2 kb	 0.0% Assets/tiles/tilesnivel2/tilesplazadelsol333_880.asset
 0.2 kb	 0.0% Assets/tiles/tilesnivel2/tilesplazadelsol333_88.asset
 0.2 kb	 0.0% Assets/tiles/tilesnivel2/tilesplazadelsol333_879.asset
 0.2 kb	 0.0% Assets/tiles/tilesnivel2/tilesplazadelsol333_878.asset
 0.2 kb	 0.0% Assets/tiles/tilesnivel2/tilesplazadelsol333_877.asset
 0.2 kb	 0.0% Assets/tiles/tilesnivel2/tilesplazadelsol333_876.asset
 0.2 kb	 0.0% Assets/tiles/tilesnivel2/tilesplazadelsol333_875.asset
 0.2 kb	 0.0% Assets/tiles/tilesnivel2/tilesplazadelsol333_874.asset
 0.2 kb	 0.0% Assets/tiles/tilesnivel2/tilesplazadelsol333_873.asset
 0.2 kb	 0.0% Assets/tiles/tilesnivel2/tilesplazadelsol333_872.asset
 0.2 kb	 0.0% Assets/tiles/tilesnivel2/tilesplazadelsol333_871.asset
 0.2 kb	 0.0% Assets/tiles/tilesnivel2/tilesplazadelsol333_870.asset
 0.2 kb	 0.0% Assets/tiles/tilesnivel2/tilesplazadelsol333_87.asset
 0.2 kb	 0.0% Assets/tiles/tilesnivel2/tilesplazadelsol333_869.asset
 0.2 kb	 0.0% Assets/tiles/tilesnivel2/tilesplazadelsol333_868.asset
 0.2 kb	 0.0% Assets/tiles/tilesnivel2/tilesplazadelsol333_867.asset
 0.2 kb	 0.0% Assets/tiles/tilesnivel2/tilesplazadelsol333_866.asset
 0.2 kb	 0.0% Assets/tiles/tilesnivel2/tilesplazadelsol333_865.asset
 0.2 kb	 0.0% Assets/tiles/tilesnivel2/tilesplazadelsol333_864.asset
 0.2 kb	 0.0% Assets/tiles/tilesnivel2/tilesplazadelsol333_863.asset
 0.2 kb	 0.0% Assets/tiles/tilesnivel2/tilesplazadelsol333_862.asset
 0.2 kb	 0.0% Assets/tiles/tilesnivel2/tilesplazadelsol333_861.asset
 0.2 kb	 0.0% Assets/tiles/tilesnivel2/tilesplazadelsol333_860.asset
 0.2 kb	 0.0% Assets/tiles/tilesnivel2/tilesplazadelsol333_86.asset
 0.2 kb	 0.0% Assets/tiles/tilesnivel2/tilesplazadelsol333_859.asset
 0.2 kb	 0.0% Assets/tiles/tilesnivel2/tilesplazadelsol333_858.asset
 0.2 kb	 0.0% Assets/tiles/tilesnivel2/tilesplazadelsol333_857.asset
 0.2 kb	 0.0% Assets/tiles/tilesnivel2/tilesplazadelsol333_856.asset
 0.2 kb	 0.0% Assets/tiles/tilesnivel2/tilesplazadelsol333_855.asset
 0.2 kb	 0.0% Assets/tiles/tilesnivel2/tilesplazadelsol333_854.asset
 0.2 kb	 0.0% Assets/tiles/tilesnivel2/tilesplazadelsol333_853.asset
 0.2 kb	 0.0% Assets/tiles/tilesnivel2/tilesplazadelsol333_852.asset
 0.2 kb	 0.0% Assets/tiles/tilesnivel2/tilesplazadelsol333_851.asset
 0.2 kb	 0.0% Assets/tiles/tilesnivel2/tilesplazadelsol333_850.asset
 0.2 kb	 0.0% Assets/tiles/tilesnivel2/tilesplazadelsol333_85.asset
 0.2 kb	 0.0% Assets/tiles/tilesnivel2/tilesplazadelsol333_849.asset
 0.2 kb	 0.0% Assets/tiles/tilesnivel2/tilesplazadelsol333_848.asset
 0.2 kb	 0.0% Assets/tiles/tilesnivel2/tilesplazadelsol333_847.asset
 0.2 kb	 0.0% Assets/tiles/tilesnivel2/tilesplazadelsol333_846.asset
 0.2 kb	 0.0% Assets/tiles/tilesnivel2/tilesplazadelsol333_845.asset
 0.2 kb	 0.0% Assets/tiles/tilesnivel2/tilesplazadelsol333_844.asset
 0.2 kb	 0.0% Assets/tiles/tilesnivel2/tilesplazadelsol333_843.asset
 0.2 kb	 0.0% Assets/tiles/tilesnivel2/tilesplazadelsol333_842.asset
 0.2 kb	 0.0% Assets/tiles/tilesnivel2/tilesplazadelsol333_841.asset
 0.2 kb	 0.0% Assets/tiles/tilesnivel2/tilesplazadelsol333_840.asset
 0.2 kb	 0.0% Assets/tiles/tilesnivel2/tilesplazadelsol333_84.asset
 0.2 kb	 0.0% Assets/tiles/tilesnivel2/tilesplazadelsol333_839.asset
 0.2 kb	 0.0% Assets/tiles/tilesnivel2/tilesplazadelsol333_838.asset
 0.2 kb	 0.0% Assets/tiles/tilesnivel2/tilesplazadelsol333_837.asset
 0.2 kb	 0.0% Assets/tiles/tilesnivel2/tilesplazadelsol333_836.asset
 0.2 kb	 0.0% Assets/tiles/tilesnivel2/tilesplazadelsol333_835.asset
 0.2 kb	 0.0% Assets/tiles/tilesnivel2/tilesplazadelsol333_834.asset
 0.2 kb	 0.0% Assets/tiles/tilesnivel2/tilesplazadelsol333_833.asset
 0.2 kb	 0.0% Assets/tiles/tilesnivel2/tilesplazadelsol333_832.asset
 0.2 kb	 0.0% Assets/tiles/tilesnivel2/tilesplazadelsol333_831.asset
 0.2 kb	 0.0% Assets/tiles/tilesnivel2/tilesplazadelsol333_830.asset
 0.2 kb	 0.0% Assets/tiles/tilesnivel2/tilesplazadelsol333_83.asset
 0.2 kb	 0.0% Assets/tiles/tilesnivel2/tilesplazadelsol333_829.asset
 0.2 kb	 0.0% Assets/tiles/tilesnivel2/tilesplazadelsol333_828.asset
 0.2 kb	 0.0% Assets/tiles/tilesnivel2/tilesplazadelsol333_827.asset
 0.2 kb	 0.0% Assets/tiles/tilesnivel2/tilesplazadelsol333_826.asset
 0.2 kb	 0.0% Assets/tiles/tilesnivel2/tilesplazadelsol333_825.asset
 0.2 kb	 0.0% Assets/tiles/tilesnivel2/tilesplazadelsol333_824.asset
 0.2 kb	 0.0% Assets/tiles/tilesnivel2/tilesplazadelsol333_823.asset
 0.2 kb	 0.0% Assets/tiles/tilesnivel2/tilesplazadelsol333_822.asset
 0.2 kb	 0.0% Assets/tiles/tilesnivel2/tilesplazadelsol333_821.asset
 0.2 kb	 0.0% Assets/tiles/tilesnivel2/tilesplazadelsol333_820.asset
 0.2 kb	 0.0% Assets/tiles/tilesnivel2/tilesplazadelsol333_82.asset
 0.2 kb	 0.0% Assets/tiles/tilesnivel2/tilesplazadelsol333_819.asset
 0.2 kb	 0.0% Assets/tiles/tilesnivel2/tilesplazadelsol333_818.asset
 0.2 kb	 0.0% Assets/tiles/tilesnivel2/tilesplazadelsol333_817.asset
 0.2 kb	 0.0% Assets/tiles/tilesnivel2/tilesplazadelsol333_816.asset
 0.2 kb	 0.0% Assets/tiles/tilesnivel2/tilesplazadelsol333_815.asset
 0.2 kb	 0.0% Assets/tiles/tilesnivel2/tilesplazadelsol333_814.asset
 0.2 kb	 0.0% Assets/tiles/tilesnivel2/tilesplazadelsol333_813.asset
 0.2 kb	 0.0% Assets/tiles/tilesnivel2/tilesplazadelsol333_812.asset
 0.2 kb	 0.0% Assets/tiles/tilesnivel2/tilesplazadelsol333_811.asset
 0.2 kb	 0.0% Assets/tiles/tilesnivel2/tilesplazadelsol333_810.asset
 0.2 kb	 0.0% Assets/tiles/tilesnivel2/tilesplazadelsol333_81.asset
 0.2 kb	 0.0% Assets/tiles/tilesnivel2/tilesplazadelsol333_809.asset
 0.2 kb	 0.0% Assets/tiles/tilesnivel2/tilesplazadelsol333_808.asset
 0.2 kb	 0.0% Assets/tiles/tilesnivel2/tilesplazadelsol333_807.asset
 0.2 kb	 0.0% Assets/tiles/tilesnivel2/tilesplazadelsol333_806.asset
 0.2 kb	 0.0% Assets/tiles/tilesnivel2/tilesplazadelsol333_805.asset
 0.2 kb	 0.0% Assets/tiles/tilesnivel2/tilesplazadelsol333_804.asset
 0.2 kb	 0.0% Assets/tiles/tilesnivel2/tilesplazadelsol333_803.asset
 0.2 kb	 0.0% Assets/tiles/tilesnivel2/tilesplazadelsol333_802.asset
 0.2 kb	 0.0% Assets/tiles/tilesnivel2/tilesplazadelsol333_801.asset
 0.2 kb	 0.0% Assets/tiles/tilesnivel2/tilesplazadelsol333_800.asset
 0.2 kb	 0.0% Assets/tiles/tilesnivel2/tilesplazadelsol333_80.asset
 0.2 kb	 0.0% Assets/tiles/tilesnivel2/tilesplazadelsol333_8.asset
 0.2 kb	 0.0% Assets/tiles/tilesnivel2/tilesplazadelsol333_799.asset
 0.2 kb	 0.0% Assets/tiles/tilesnivel2/tilesplazadelsol333_798.asset
 0.2 kb	 0.0% Assets/tiles/tilesnivel2/tilesplazadelsol333_797.asset
 0.2 kb	 0.0% Assets/tiles/tilesnivel2/tilesplazadelsol333_796.asset
 0.2 kb	 0.0% Assets/tiles/tilesnivel2/tilesplazadelsol333_795.asset
 0.2 kb	 0.0% Assets/tiles/tilesnivel2/tilesplazadelsol333_794.asset
 0.2 kb	 0.0% Assets/tiles/tilesnivel2/tilesplazadelsol333_793.asset
 0.2 kb	 0.0% Assets/tiles/tilesnivel2/tilesplazadelsol333_792.asset
 0.2 kb	 0.0% Assets/tiles/tilesnivel2/tilesplazadelsol333_791.asset
 0.2 kb	 0.0% Assets/tiles/tilesnivel2/tilesplazadelsol333_790.asset
 0.2 kb	 0.0% Assets/tiles/tilesnivel2/tilesplazadelsol333_79.asset
 0.2 kb	 0.0% Assets/tiles/tilesnivel2/tilesplazadelsol333_789.asset
 0.2 kb	 0.0% Assets/tiles/tilesnivel2/tilesplazadelsol333_788.asset
 0.2 kb	 0.0% Assets/tiles/tilesnivel2/tilesplazadelsol333_787.asset
 0.2 kb	 0.0% Assets/tiles/tilesnivel2/tilesplazadelsol333_78.asset
 0.2 kb	 0.0% Assets/tiles/tilesnivel2/tilesplazadelsol333_77.asset
 0.2 kb	 0.0% Assets/tiles/tilesnivel2/tilesplazadelsol333_767.asset
 0.2 kb	 0.0% Assets/tiles/tilesnivel2/tilesplazadelsol333_766.asset
 0.2 kb	 0.0% Assets/tiles/tilesnivel2/tilesplazadelsol333_765.asset
 0.2 kb	 0.0% Assets/tiles/tilesnivel2/tilesplazadelsol333_764.asset
 0.2 kb	 0.0% Assets/tiles/tilesnivel2/tilesplazadelsol333_763.asset
 0.2 kb	 0.0% Assets/tiles/tilesnivel2/tilesplazadelsol333_762.asset
 0.2 kb	 0.0% Assets/tiles/tilesnivel2/tilesplazadelsol333_761.asset
 0.2 kb	 0.0% Assets/tiles/tilesnivel2/tilesplazadelsol333_760.asset
 0.2 kb	 0.0% Assets/tiles/tilesnivel2/tilesplazadelsol333_76.asset
 0.2 kb	 0.0% Assets/tiles/tilesnivel2/tilesplazadelsol333_759.asset
 0.2 kb	 0.0% Assets/tiles/tilesnivel2/tilesplazadelsol333_758.asset
 0.2 kb	 0.0% Assets/tiles/tilesnivel2/tilesplazadelsol333_757.asset
 0.2 kb	 0.0% Assets/tiles/tilesnivel2/tilesplazadelsol333_756.asset
 0.2 kb	 0.0% Assets/tiles/tilesnivel2/tilesplazadelsol333_755.asset
 0.2 kb	 0.0% Assets/tiles/tilesnivel2/tilesplazadelsol333_754.asset
 0.2 kb	 0.0% Assets/tiles/tilesnivel2/tilesplazadelsol333_753.asset
 0.2 kb	 0.0% Assets/tiles/tilesnivel2/tilesplazadelsol333_752.asset
 0.2 kb	 0.0% Assets/tiles/tilesnivel2/tilesplazadelsol333_751.asset
 0.2 kb	 0.0% Assets/tiles/tilesnivel2/tilesplazadelsol333_750.asset
 0.2 kb	 0.0% Assets/tiles/tilesnivel2/tilesplazadelsol333_75.asset
 0.2 kb	 0.0% Assets/tiles/tilesnivel2/tilesplazadelsol333_749.asset
 0.2 kb	 0.0% Assets/tiles/tilesnivel2/tilesplazadelsol333_748.asset
 0.2 kb	 0.0% Assets/tiles/tilesnivel2/tilesplazadelsol333_747.asset
 0.2 kb	 0.0% Assets/tiles/tilesnivel2/tilesplazadelsol333_746.asset
 0.2 kb	 0.0% Assets/tiles/tilesnivel2/tilesplazadelsol333_745.asset
 0.2 kb	 0.0% Assets/tiles/tilesnivel2/tilesplazadelsol333_744.asset
 0.2 kb	 0.0% Assets/tiles/tilesnivel2/tilesplazadelsol333_743.asset
 0.2 kb	 0.0% Assets/tiles/tilesnivel2/tilesplazadelsol333_742.asset
 0.2 kb	 0.0% Assets/tiles/tilesnivel2/tilesplazadelsol333_741.asset
 0.2 kb	 0.0% Assets/tiles/tilesnivel2/tilesplazadelsol333_740.asset
 0.2 kb	 0.0% Assets/tiles/tilesnivel2/tilesplazadelsol333_74.asset
 0.2 kb	 0.0% Assets/tiles/tilesnivel2/tilesplazadelsol333_739.asset
 0.2 kb	 0.0% Assets/tiles/tilesnivel2/tilesplazadelsol333_73.asset
 0.2 kb	 0.0% Assets/tiles/tilesnivel2/tilesplazadelsol333_72.asset
 0.2 kb	 0.0% Assets/tiles/tilesnivel2/tilesplazadelsol333_719.asset
 0.2 kb	 0.0% Assets/tiles/tilesnivel2/tilesplazadelsol333_718.asset
 0.2 kb	 0.0% Assets/tiles/tilesnivel2/tilesplazadelsol333_717.asset
 0.2 kb	 0.0% Assets/tiles/tilesnivel2/tilesplazadelsol333_716.asset
 0.2 kb	 0.0% Assets/tiles/tilesnivel2/tilesplazadelsol333_715.asset
 0.2 kb	 0.0% Assets/tiles/tilesnivel2/tilesplazadelsol333_714.asset
 0.2 kb	 0.0% Assets/tiles/tilesnivel2/tilesplazadelsol333_713.asset
 0.2 kb	 0.0% Assets/tiles/tilesnivel2/tilesplazadelsol333_712.asset
 0.2 kb	 0.0% Assets/tiles/tilesnivel2/tilesplazadelsol333_711.asset
 0.2 kb	 0.0% Assets/tiles/tilesnivel2/tilesplazadelsol333_710.asset
 0.2 kb	 0.0% Assets/tiles/tilesnivel2/tilesplazadelsol333_71.asset
 0.2 kb	 0.0% Assets/tiles/tilesnivel2/tilesplazadelsol333_709.asset
 0.2 kb	 0.0% Assets/tiles/tilesnivel2/tilesplazadelsol333_708.asset
 0.2 kb	 0.0% Assets/tiles/tilesnivel2/tilesplazadelsol333_707.asset
 0.2 kb	 0.0% Assets/tiles/tilesnivel2/tilesplazadelsol333_706.asset
 0.2 kb	 0.0% Assets/tiles/tilesnivel2/tilesplazadelsol333_705.asset
 0.2 kb	 0.0% Assets/tiles/tilesnivel2/tilesplazadelsol333_704.asset
 0.2 kb	 0.0% Assets/tiles/tilesnivel2/tilesplazadelsol333_703.asset
 0.2 kb	 0.0% Assets/tiles/tilesnivel2/tilesplazadelsol333_702.asset
 0.2 kb	 0.0% Assets/tiles/tilesnivel2/tilesplazadelsol333_701.asset
 0.2 kb	 0.0% Assets/tiles/tilesnivel2/tilesplazadelsol333_700.asset
 0.2 kb	 0.0% Assets/tiles/tilesnivel2/tilesplazadelsol333_70.asset
 0.2 kb	 0.0% Assets/tiles/tilesnivel2/tilesplazadelsol333_699.asset
 0.2 kb	 0.0% Assets/tiles/tilesnivel2/tilesplazadelsol333_698.asset
 0.2 kb	 0.0% Assets/tiles/tilesnivel2/tilesplazadelsol333_697.asset
 0.2 kb	 0.0% Assets/tiles/tilesnivel2/tilesplazadelsol333_696.asset
 0.2 kb	 0.0% Assets/tiles/tilesnivel2/tilesplazadelsol333_695.asset
 0.2 kb	 0.0% Assets/tiles/tilesnivel2/tilesplazadelsol333_694.asset
 0.2 kb	 0.0% Assets/tiles/tilesnivel2/tilesplazadelsol333_693.asset
 0.2 kb	 0.0% Assets/tiles/tilesnivel2/tilesplazadelsol333_692.asset
 0.2 kb	 0.0% Assets/tiles/tilesnivel2/tilesplazadelsol333_691.asset
 0.2 kb	 0.0% Assets/tiles/tilesnivel2/tilesplazadelsol333_69.asset
 0.2 kb	 0.0% Assets/tiles/tilesnivel2/tilesplazadelsol333_68.asset
 0.2 kb	 0.0% Assets/tiles/tilesnivel2/tilesplazadelsol333_679.asset
 0.2 kb	 0.0% Assets/tiles/tilesnivel2/tilesplazadelsol333_678.asset
 0.2 kb	 0.0% Assets/tiles/tilesnivel2/tilesplazadelsol333_677.asset
 0.2 kb	 0.0% Assets/tiles/tilesnivel2/tilesplazadelsol333_671.asset
 0.2 kb	 0.0% Assets/tiles/tilesnivel2/tilesplazadelsol333_670.asset
 0.2 kb	 0.0% Assets/tiles/tilesnivel2/tilesplazadelsol333_669.asset
 0.2 kb	 0.0% Assets/tiles/tilesnivel2/tilesplazadelsol333_668.asset
 0.2 kb	 0.0% Assets/tiles/tilesnivel2/tilesplazadelsol333_667.asset
 0.2 kb	 0.0% Assets/tiles/tilesnivel2/tilesplazadelsol333_666.asset
 0.2 kb	 0.0% Assets/tiles/tilesnivel2/tilesplazadelsol333_665.asset
 0.2 kb	 0.0% Assets/tiles/tilesnivel2/tilesplazadelsol333_664.asset
 0.2 kb	 0.0% Assets/tiles/tilesnivel2/tilesplazadelsol333_663.asset
 0.2 kb	 0.0% Assets/tiles/tilesnivel2/tilesplazadelsol333_662.asset
 0.2 kb	 0.0% Assets/tiles/tilesnivel2/tilesplazadelsol333_661.asset
 0.2 kb	 0.0% Assets/tiles/tilesnivel2/tilesplazadelsol333_660.asset
 0.2 kb	 0.0% Assets/tiles/tilesnivel2/tilesplazadelsol333_66.asset
 0.2 kb	 0.0% Assets/tiles/tilesnivel2/tilesplazadelsol333_659.asset
 0.2 kb	 0.0% Assets/tiles/tilesnivel2/tilesplazadelsol333_658.asset
 0.2 kb	 0.0% Assets/tiles/tilesnivel2/tilesplazadelsol333_657.asset
 0.2 kb	 0.0% Assets/tiles/tilesnivel2/tilesplazadelsol333_656.asset
 0.2 kb	 0.0% Assets/tiles/tilesnivel2/tilesplazadelsol333_655.asset
 0.2 kb	 0.0% Assets/tiles/tilesnivel2/tilesplazadelsol333_654.asset
 0.2 kb	 0.0% Assets/tiles/tilesnivel2/tilesplazadelsol333_653.asset
 0.2 kb	 0.0% Assets/tiles/tilesnivel2/tilesplazadelsol333_652.asset
 0.2 kb	 0.0% Assets/tiles/tilesnivel2/tilesplazadelsol333_651.asset
 0.2 kb	 0.0% Assets/tiles/tilesnivel2/tilesplazadelsol333_650.asset
 0.2 kb	 0.0% Assets/tiles/tilesnivel2/tilesplazadelsol333_65.asset
 0.2 kb	 0.0% Assets/tiles/tilesnivel2/tilesplazadelsol333_649.asset
 0.2 kb	 0.0% Assets/tiles/tilesnivel2/tilesplazadelsol333_648.asset
 0.2 kb	 0.0% Assets/tiles/tilesnivel2/tilesplazadelsol333_647.asset
 0.2 kb	 0.0% Assets/tiles/tilesnivel2/tilesplazadelsol333_646.asset
 0.2 kb	 0.0% Assets/tiles/tilesnivel2/tilesplazadelsol333_645.asset
 0.2 kb	 0.0% Assets/tiles/tilesnivel2/tilesplazadelsol333_644.asset
 0.2 kb	 0.0% Assets/tiles/tilesnivel2/tilesplazadelsol333_643.asset
 0.2 kb	 0.0% Assets/tiles/tilesnivel2/tilesplazadelsol333_64.asset
 0.2 kb	 0.0% Assets/tiles/tilesnivel2/tilesplazadelsol333_632.asset
 0.2 kb	 0.0% Assets/tiles/tilesnivel2/tilesplazadelsol333_631.asset
 0.2 kb	 0.0% Assets/tiles/tilesnivel2/tilesplazadelsol333_630.asset
 0.2 kb	 0.0% Assets/tiles/tilesnivel2/tilesplazadelsol333_63.asset
 0.2 kb	 0.0% Assets/tiles/tilesnivel2/tilesplazadelsol333_629.asset
 0.2 kb	 0.0% Assets/tiles/tilesnivel2/tilesplazadelsol333_628.asset
 0.2 kb	 0.0% Assets/tiles/tilesnivel2/tilesplazadelsol333_627.asset
 0.2 kb	 0.0% Assets/tiles/tilesnivel2/tilesplazadelsol333_626.asset
 0.2 kb	 0.0% Assets/tiles/tilesnivel2/tilesplazadelsol333_625.asset
 0.2 kb	 0.0% Assets/tiles/tilesnivel2/tilesplazadelsol333_624.asset
 0.2 kb	 0.0% Assets/tiles/tilesnivel2/tilesplazadelsol333_623.asset
 0.2 kb	 0.0% Assets/tiles/tilesnivel2/tilesplazadelsol333_622.asset
 0.2 kb	 0.0% Assets/tiles/tilesnivel2/tilesplazadelsol333_621.asset
 0.2 kb	 0.0% Assets/tiles/tilesnivel2/tilesplazadelsol333_620.asset
 0.2 kb	 0.0% Assets/tiles/tilesnivel2/tilesplazadelsol333_62.asset
 0.2 kb	 0.0% Assets/tiles/tilesnivel2/tilesplazadelsol333_619.asset
 0.2 kb	 0.0% Assets/tiles/tilesnivel2/tilesplazadelsol333_618.asset
 0.2 kb	 0.0% Assets/tiles/tilesnivel2/tilesplazadelsol333_617.asset
 0.2 kb	 0.0% Assets/tiles/tilesnivel2/tilesplazadelsol333_616.asset
 0.2 kb	 0.0% Assets/tiles/tilesnivel2/tilesplazadelsol333_615.asset
 0.2 kb	 0.0% Assets/tiles/tilesnivel2/tilesplazadelsol333_614.asset
 0.2 kb	 0.0% Assets/tiles/tilesnivel2/tilesplazadelsol333_613.asset
 0.2 kb	 0.0% Assets/tiles/tilesnivel2/tilesplazadelsol333_612.asset
 0.2 kb	 0.0% Assets/tiles/tilesnivel2/tilesplazadelsol333_611.asset
 0.2 kb	 0.0% Assets/tiles/tilesnivel2/tilesplazadelsol333_610.asset
 0.2 kb	 0.0% Assets/tiles/tilesnivel2/tilesplazadelsol333_61.asset
 0.2 kb	 0.0% Assets/tiles/tilesnivel2/tilesplazadelsol333_609.asset
 0.2 kb	 0.0% Assets/tiles/tilesnivel2/tilesplazadelsol333_608.asset
 0.2 kb	 0.0% Assets/tiles/tilesnivel2/tilesplazadelsol333_607.asset
 0.2 kb	 0.0% Assets/tiles/tilesnivel2/tilesplazadelsol333_606.asset
 0.2 kb	 0.0% Assets/tiles/tilesnivel2/tilesplazadelsol333_605.asset
 0.2 kb	 0.0% Assets/tiles/tilesnivel2/tilesplazadelsol333_604.asset
 0.2 kb	 0.0% Assets/tiles/tilesnivel2/tilesplazadelsol333_603.asset
 0.2 kb	 0.0% Assets/tiles/tilesnivel2/tilesplazadelsol333_602.asset
 0.2 kb	 0.0% Assets/tiles/tilesnivel2/tilesplazadelsol333_601.asset
 0.2 kb	 0.0% Assets/tiles/tilesnivel2/tilesplazadelsol333_600.asset
 0.2 kb	 0.0% Assets/tiles/tilesnivel2/tilesplazadelsol333_60.asset
 0.2 kb	 0.0% Assets/tiles/tilesnivel2/tilesplazadelsol333_6.asset
 0.2 kb	 0.0% Assets/tiles/tilesnivel2/tilesplazadelsol333_599.asset
 0.2 kb	 0.0% Assets/tiles/tilesnivel2/tilesplazadelsol333_598.asset
 0.2 kb	 0.0% Assets/tiles/tilesnivel2/tilesplazadelsol333_597.asset
 0.2 kb	 0.0% Assets/tiles/tilesnivel2/tilesplazadelsol333_596.asset
 0.2 kb	 0.0% Assets/tiles/tilesnivel2/tilesplazadelsol333_595.asset
 0.2 kb	 0.0% Assets/tiles/tilesnivel2/tilesplazadelsol333_59.asset
 0.2 kb	 0.0% Assets/tiles/tilesnivel2/tilesplazadelsol333_584.asset
 0.2 kb	 0.0% Assets/tiles/tilesnivel2/tilesplazadelsol333_583.asset
 0.2 kb	 0.0% Assets/tiles/tilesnivel2/tilesplazadelsol333_582.asset
 0.2 kb	 0.0% Assets/tiles/tilesnivel2/tilesplazadelsol333_581.asset
 0.2 kb	 0.0% Assets/tiles/tilesnivel2/tilesplazadelsol333_580.asset
 0.2 kb	 0.0% Assets/tiles/tilesnivel2/tilesplazadelsol333_58.asset
 0.2 kb	 0.0% Assets/tiles/tilesnivel2/tilesplazadelsol333_579.asset
 0.2 kb	 0.0% Assets/tiles/tilesnivel2/tilesplazadelsol333_578.asset
 0.2 kb	 0.0% Assets/tiles/tilesnivel2/tilesplazadelsol333_577.asset
 0.2 kb	 0.0% Assets/tiles/tilesnivel2/tilesplazadelsol333_576.asset
 0.2 kb	 0.0% Assets/tiles/tilesnivel2/tilesplazadelsol333_575.asset
 0.2 kb	 0.0% Assets/tiles/tilesnivel2/tilesplazadelsol333_574.asset
 0.2 kb	 0.0% Assets/tiles/tilesnivel2/tilesplazadelsol333_573.asset
 0.2 kb	 0.0% Assets/tiles/tilesnivel2/tilesplazadelsol333_572.asset
 0.2 kb	 0.0% Assets/tiles/tilesnivel2/tilesplazadelsol333_571.asset
 0.2 kb	 0.0% Assets/tiles/tilesnivel2/tilesplazadelsol333_570.asset
 0.2 kb	 0.0% Assets/tiles/tilesnivel2/tilesplazadelsol333_57.asset
 0.2 kb	 0.0% Assets/tiles/tilesnivel2/tilesplazadelsol333_569.asset
 0.2 kb	 0.0% Assets/tiles/tilesnivel2/tilesplazadelsol333_568.asset
 0.2 kb	 0.0% Assets/tiles/tilesnivel2/tilesplazadelsol333_567.asset
 0.2 kb	 0.0% Assets/tiles/tilesnivel2/tilesplazadelsol333_566.asset
 0.2 kb	 0.0% Assets/tiles/tilesnivel2/tilesplazadelsol333_565.asset
 0.2 kb	 0.0% Assets/tiles/tilesnivel2/tilesplazadelsol333_564.asset
 0.2 kb	 0.0% Assets/tiles/tilesnivel2/tilesplazadelsol333_563.asset
 0.2 kb	 0.0% Assets/tiles/tilesnivel2/tilesplazadelsol333_562.asset
 0.2 kb	 0.0% Assets/tiles/tilesnivel2/tilesplazadelsol333_561.asset
 0.2 kb	 0.0% Assets/tiles/tilesnivel2/tilesplazadelsol333_560.asset
 0.2 kb	 0.0% Assets/tiles/tilesnivel2/tilesplazadelsol333_559.asset
 0.2 kb	 0.0% Assets/tiles/tilesnivel2/tilesplazadelsol333_558.asset
 0.2 kb	 0.0% Assets/tiles/tilesnivel2/tilesplazadelsol333_557.asset
 0.2 kb	 0.0% Assets/tiles/tilesnivel2/tilesplazadelsol333_554.asset
 0.2 kb	 0.0% Assets/tiles/tilesnivel2/tilesplazadelsol333_547.asset
 0.2 kb	 0.0% Assets/tiles/tilesnivel2/tilesplazadelsol333_54.asset
 0.2 kb	 0.0% Assets/tiles/tilesnivel2/tilesplazadelsol333_536.asset
 0.2 kb	 0.0% Assets/tiles/tilesnivel2/tilesplazadelsol333_535.asset
 0.2 kb	 0.0% Assets/tiles/tilesnivel2/tilesplazadelsol333_534.asset
 0.2 kb	 0.0% Assets/tiles/tilesnivel2/tilesplazadelsol333_533.asset
 0.2 kb	 0.0% Assets/tiles/tilesnivel2/tilesplazadelsol333_532.asset
 0.2 kb	 0.0% Assets/tiles/tilesnivel2/tilesplazadelsol333_531.asset
 0.2 kb	 0.0% Assets/tiles/tilesnivel2/tilesplazadelsol333_530.asset
 0.2 kb	 0.0% Assets/tiles/tilesnivel2/tilesplazadelsol333_53.asset
 0.2 kb	 0.0% Assets/tiles/tilesnivel2/tilesplazadelsol333_529.asset
 0.2 kb	 0.0% Assets/tiles/tilesnivel2/tilesplazadelsol333_528.asset
 0.2 kb	 0.0% Assets/tiles/tilesnivel2/tilesplazadelsol333_527.asset
 0.2 kb	 0.0% Assets/tiles/tilesnivel2/tilesplazadelsol333_526.asset
 0.2 kb	 0.0% Assets/tiles/tilesnivel2/tilesplazadelsol333_525.asset
 0.2 kb	 0.0% Assets/tiles/tilesnivel2/tilesplazadelsol333_524.asset
 0.2 kb	 0.0% Assets/tiles/tilesnivel2/tilesplazadelsol333_523.asset
 0.2 kb	 0.0% Assets/tiles/tilesnivel2/tilesplazadelsol333_522.asset
 0.2 kb	 0.0% Assets/tiles/tilesnivel2/tilesplazadelsol333_521.asset
 0.2 kb	 0.0% Assets/tiles/tilesnivel2/tilesplazadelsol333_520.asset
 0.2 kb	 0.0% Assets/tiles/tilesnivel2/tilesplazadelsol333_52.asset
 0.2 kb	 0.0% Assets/tiles/tilesnivel2/tilesplazadelsol333_519.asset
 0.2 kb	 0.0% Assets/tiles/tilesnivel2/tilesplazadelsol333_518.asset
 0.2 kb	 0.0% Assets/tiles/tilesnivel2/tilesplazadelsol333_517.asset
 0.2 kb	 0.0% Assets/tiles/tilesnivel2/tilesplazadelsol333_516.asset
 0.2 kb	 0.0% Assets/tiles/tilesnivel2/tilesplazadelsol333_515.asset
 0.2 kb	 0.0% Assets/tiles/tilesnivel2/tilesplazadelsol333_514.asset
 0.2 kb	 0.0% Assets/tiles/tilesnivel2/tilesplazadelsol333_513.asset
 0.2 kb	 0.0% Assets/tiles/tilesnivel2/tilesplazadelsol333_512.asset
 0.2 kb	 0.0% Assets/tiles/tilesnivel2/tilesplazadelsol333_511.asset
 0.2 kb	 0.0% Assets/tiles/tilesnivel2/tilesplazadelsol333_510.asset
 0.2 kb	 0.0% Assets/tiles/tilesnivel2/tilesplazadelsol333_51.asset
 0.2 kb	 0.0% Assets/tiles/tilesnivel2/tilesplazadelsol333_509.asset
 0.2 kb	 0.0% Assets/tiles/tilesnivel2/tilesplazadelsol333_508.asset
 0.2 kb	 0.0% Assets/tiles/tilesnivel2/tilesplazadelsol333_507.asset
 0.2 kb	 0.0% Assets/tiles/tilesnivel2/tilesplazadelsol333_506.asset
 0.2 kb	 0.0% Assets/tiles/tilesnivel2/tilesplazadelsol333_505.asset
 0.2 kb	 0.0% Assets/tiles/tilesnivel2/tilesplazadelsol333_504.asset
 0.2 kb	 0.0% Assets/tiles/tilesnivel2/tilesplazadelsol333_503.asset
 0.2 kb	 0.0% Assets/tiles/tilesnivel2/tilesplazadelsol333_502.asset
 0.2 kb	 0.0% Assets/tiles/tilesnivel2/tilesplazadelsol333_501.asset
 0.2 kb	 0.0% Assets/tiles/tilesnivel2/tilesplazadelsol333_500.asset
 0.2 kb	 0.0% Assets/tiles/tilesnivel2/tilesplazadelsol333_50.asset
 0.2 kb	 0.0% Assets/tiles/tilesnivel2/tilesplazadelsol333_5.asset
 0.2 kb	 0.0% Assets/tiles/tilesnivel2/tilesplazadelsol333_49.asset
 0.2 kb	 0.0% Assets/tiles/tilesnivel2/tilesplazadelsol333_48.asset
 0.2 kb	 0.0% Assets/tiles/tilesnivel2/tilesplazadelsol333_479.asset
 0.2 kb	 0.0% Assets/tiles/tilesnivel2/tilesplazadelsol333_478.asset
 0.2 kb	 0.0% Assets/tiles/tilesnivel2/tilesplazadelsol333_477.asset
 0.2 kb	 0.0% Assets/tiles/tilesnivel2/tilesplazadelsol333_476.asset
 0.2 kb	 0.0% Assets/tiles/tilesnivel2/tilesplazadelsol333_475.asset
 0.2 kb	 0.0% Assets/tiles/tilesnivel2/tilesplazadelsol333_474.asset
 0.2 kb	 0.0% Assets/tiles/tilesnivel2/tilesplazadelsol333_473.asset
 0.2 kb	 0.0% Assets/tiles/tilesnivel2/tilesplazadelsol333_472.asset
 0.2 kb	 0.0% Assets/tiles/tilesnivel2/tilesplazadelsol333_471.asset
 0.2 kb	 0.0% Assets/tiles/tilesnivel2/tilesplazadelsol333_470.asset
 0.2 kb	 0.0% Assets/tiles/tilesnivel2/tilesplazadelsol333_47.asset
 0.2 kb	 0.0% Assets/tiles/tilesnivel2/tilesplazadelsol333_469.asset
 0.2 kb	 0.0% Assets/tiles/tilesnivel2/tilesplazadelsol333_468.asset
 0.2 kb	 0.0% Assets/tiles/tilesnivel2/tilesplazadelsol333_467.asset
 0.2 kb	 0.0% Assets/tiles/tilesnivel2/tilesplazadelsol333_466.asset
 0.2 kb	 0.0% Assets/tiles/tilesnivel2/tilesplazadelsol333_465.asset
 0.2 kb	 0.0% Assets/tiles/tilesnivel2/tilesplazadelsol333_464.asset
 0.2 kb	 0.0% Assets/tiles/tilesnivel2/tilesplazadelsol333_463.asset
 0.2 kb	 0.0% Assets/tiles/tilesnivel2/tilesplazadelsol333_462.asset
 0.2 kb	 0.0% Assets/tiles/tilesnivel2/tilesplazadelsol333_461.asset
 0.2 kb	 0.0% Assets/tiles/tilesnivel2/tilesplazadelsol333_460.asset
 0.2 kb	 0.0% Assets/tiles/tilesnivel2/tilesplazadelsol333_46.asset
 0.2 kb	 0.0% Assets/tiles/tilesnivel2/tilesplazadelsol333_459.asset
 0.2 kb	 0.0% Assets/tiles/tilesnivel2/tilesplazadelsol333_458.asset
 0.2 kb	 0.0% Assets/tiles/tilesnivel2/tilesplazadelsol333_457.asset
 0.2 kb	 0.0% Assets/tiles/tilesnivel2/tilesplazadelsol333_456.asset
 0.2 kb	 0.0% Assets/tiles/tilesnivel2/tilesplazadelsol333_455.asset
 0.2 kb	 0.0% Assets/tiles/tilesnivel2/tilesplazadelsol333_454.asset
 0.2 kb	 0.0% Assets/tiles/tilesnivel2/tilesplazadelsol333_453.asset
 0.2 kb	 0.0% Assets/tiles/tilesnivel2/tilesplazadelsol333_452.asset
 0.2 kb	 0.0% Assets/tiles/tilesnivel2/tilesplazadelsol333_45.asset
 0.2 kb	 0.0% Assets/tiles/tilesnivel2/tilesplazadelsol333_44.asset
 0.2 kb	 0.0% Assets/tiles/tilesnivel2/tilesplazadelsol333_431.asset
 0.2 kb	 0.0% Assets/tiles/tilesnivel2/tilesplazadelsol333_430.asset
 0.2 kb	 0.0% Assets/tiles/tilesnivel2/tilesplazadelsol333_43.asset
 0.2 kb	 0.0% Assets/tiles/tilesnivel2/tilesplazadelsol333_429.asset
 0.2 kb	 0.0% Assets/tiles/tilesnivel2/tilesplazadelsol333_428.asset
 0.2 kb	 0.0% Assets/tiles/tilesnivel2/tilesplazadelsol333_427.asset
 0.2 kb	 0.0% Assets/tiles/tilesnivel2/tilesplazadelsol333_426.asset
 0.2 kb	 0.0% Assets/tiles/tilesnivel2/tilesplazadelsol333_425.asset
 0.2 kb	 0.0% Assets/tiles/tilesnivel2/tilesplazadelsol333_424.asset
 0.2 kb	 0.0% Assets/tiles/tilesnivel2/tilesplazadelsol333_423.asset
 0.2 kb	 0.0% Assets/tiles/tilesnivel2/tilesplazadelsol333_422.asset
 0.2 kb	 0.0% Assets/tiles/tilesnivel2/tilesplazadelsol333_421.asset
 0.2 kb	 0.0% Assets/tiles/tilesnivel2/tilesplazadelsol333_420.asset
 0.2 kb	 0.0% Assets/tiles/tilesnivel2/tilesplazadelsol333_42.asset
 0.2 kb	 0.0% Assets/tiles/tilesnivel2/tilesplazadelsol333_419.asset
 0.2 kb	 0.0% Assets/tiles/tilesnivel2/tilesplazadelsol333_418.asset
 0.2 kb	 0.0% Assets/tiles/tilesnivel2/tilesplazadelsol333_417.asset
 0.2 kb	 0.0% Assets/tiles/tilesnivel2/tilesplazadelsol333_416.asset
 0.2 kb	 0.0% Assets/tiles/tilesnivel2/tilesplazadelsol333_415.asset
 0.2 kb	 0.0% Assets/tiles/tilesnivel2/tilesplazadelsol333_414.asset
 0.2 kb	 0.0% Assets/tiles/tilesnivel2/tilesplazadelsol333_413.asset
 0.2 kb	 0.0% Assets/tiles/tilesnivel2/tilesplazadelsol333_412.asset
 0.2 kb	 0.0% Assets/tiles/tilesnivel2/tilesplazadelsol333_411.asset
 0.2 kb	 0.0% Assets/tiles/tilesnivel2/tilesplazadelsol333_410.asset
 0.2 kb	 0.0% Assets/tiles/tilesnivel2/tilesplazadelsol333_41.asset
 0.2 kb	 0.0% Assets/tiles/tilesnivel2/tilesplazadelsol333_409.asset
 0.2 kb	 0.0% Assets/tiles/tilesnivel2/tilesplazadelsol333_408.asset
 0.2 kb	 0.0% Assets/tiles/tilesnivel2/tilesplazadelsol333_407.asset
 0.2 kb	 0.0% Assets/tiles/tilesnivel2/tilesplazadelsol333_406.asset
 0.2 kb	 0.0% Assets/tiles/tilesnivel2/tilesplazadelsol333_405.asset
 0.2 kb	 0.0% Assets/tiles/tilesnivel2/tilesplazadelsol333_404.asset
 0.2 kb	 0.0% Assets/tiles/tilesnivel2/tilesplazadelsol333_40.asset
 0.2 kb	 0.0% Assets/tiles/tilesnivel2/tilesplazadelsol333_4.asset
 0.2 kb	 0.0% Assets/tiles/tilesnivel2/tilesplazadelsol333_395.asset
 0.2 kb	 0.0% Assets/tiles/tilesnivel2/tilesplazadelsol333_394.asset
 0.2 kb	 0.0% Assets/tiles/tilesnivel2/tilesplazadelsol333_393.asset
 0.2 kb	 0.0% Assets/tiles/tilesnivel2/tilesplazadelsol333_392.asset
 0.2 kb	 0.0% Assets/tiles/tilesnivel2/tilesplazadelsol333_390.asset
 0.2 kb	 0.0% Assets/tiles/tilesnivel2/tilesplazadelsol333_39.asset
 0.2 kb	 0.0% Assets/tiles/tilesnivel2/tilesplazadelsol333_389.asset
 0.2 kb	 0.0% Assets/tiles/tilesnivel2/tilesplazadelsol333_388.asset
 0.2 kb	 0.0% Assets/tiles/tilesnivel2/tilesplazadelsol333_387.asset
 0.2 kb	 0.0% Assets/tiles/tilesnivel2/tilesplazadelsol333_386.asset
 0.2 kb	 0.0% Assets/tiles/tilesnivel2/tilesplazadelsol333_385.asset
 0.2 kb	 0.0% Assets/tiles/tilesnivel2/tilesplazadelsol333_384.asset
 0.2 kb	 0.0% Assets/tiles/tilesnivel2/tilesplazadelsol333_383.asset
 0.2 kb	 0.0% Assets/tiles/tilesnivel2/tilesplazadelsol333_382.asset
 0.2 kb	 0.0% Assets/tiles/tilesnivel2/tilesplazadelsol333_381.asset
 0.2 kb	 0.0% Assets/tiles/tilesnivel2/tilesplazadelsol333_380.asset
 0.2 kb	 0.0% Assets/tiles/tilesnivel2/tilesplazadelsol333_38.asset
 0.2 kb	 0.0% Assets/tiles/tilesnivel2/tilesplazadelsol333_379.asset
 0.2 kb	 0.0% Assets/tiles/tilesnivel2/tilesplazadelsol333_378.asset
 0.2 kb	 0.0% Assets/tiles/tilesnivel2/tilesplazadelsol333_377.asset
 0.2 kb	 0.0% Assets/tiles/tilesnivel2/tilesplazadelsol333_376.asset
 0.2 kb	 0.0% Assets/tiles/tilesnivel2/tilesplazadelsol333_375.asset
 0.2 kb	 0.0% Assets/tiles/tilesnivel2/tilesplazadelsol333_374.asset
 0.2 kb	 0.0% Assets/tiles/tilesnivel2/tilesplazadelsol333_373.asset
 0.2 kb	 0.0% Assets/tiles/tilesnivel2/tilesplazadelsol333_372.asset
 0.2 kb	 0.0% Assets/tiles/tilesnivel2/tilesplazadelsol333_371.asset
 0.2 kb	 0.0% Assets/tiles/tilesnivel2/tilesplazadelsol333_370.asset
 0.2 kb	 0.0% Assets/tiles/tilesnivel2/tilesplazadelsol333_37.asset
 0.2 kb	 0.0% Assets/tiles/tilesnivel2/tilesplazadelsol333_369.asset
 0.2 kb	 0.0% Assets/tiles/tilesnivel2/tilesplazadelsol333_368.asset
 0.2 kb	 0.0% Assets/tiles/tilesnivel2/tilesplazadelsol333_367.asset
 0.2 kb	 0.0% Assets/tiles/tilesnivel2/tilesplazadelsol333_366.asset
 0.2 kb	 0.0% Assets/tiles/tilesnivel2/tilesplazadelsol333_365.asset
 0.2 kb	 0.0% Assets/tiles/tilesnivel2/tilesplazadelsol333_364.asset
 0.2 kb	 0.0% Assets/tiles/tilesnivel2/tilesplazadelsol333_363.asset
 0.2 kb	 0.0% Assets/tiles/tilesnivel2/tilesplazadelsol333_362.asset
 0.2 kb	 0.0% Assets/tiles/tilesnivel2/tilesplazadelsol333_361.asset
 0.2 kb	 0.0% Assets/tiles/tilesnivel2/tilesplazadelsol333_360.asset
 0.2 kb	 0.0% Assets/tiles/tilesnivel2/tilesplazadelsol333_36.asset
 0.2 kb	 0.0% Assets/tiles/tilesnivel2/tilesplazadelsol333_359.asset
 0.2 kb	 0.0% Assets/tiles/tilesnivel2/tilesplazadelsol333_358.asset
 0.2 kb	 0.0% Assets/tiles/tilesnivel2/tilesplazadelsol333_357.asset
 0.2 kb	 0.0% Assets/tiles/tilesnivel2/tilesplazadelsol333_356.asset
 0.2 kb	 0.0% Assets/tiles/tilesnivel2/tilesplazadelsol333_35.asset
 0.2 kb	 0.0% Assets/tiles/tilesnivel2/tilesplazadelsol333_347.asset
 0.2 kb	 0.0% Assets/tiles/tilesnivel2/tilesplazadelsol333_346.asset
 0.2 kb	 0.0% Assets/tiles/tilesnivel2/tilesplazadelsol333_345.asset
 0.2 kb	 0.0% Assets/tiles/tilesnivel2/tilesplazadelsol333_344.asset
 0.2 kb	 0.0% Assets/tiles/tilesnivel2/tilesplazadelsol333_342.asset
 0.2 kb	 0.0% Assets/tiles/tilesnivel2/tilesplazadelsol333_341.asset
 0.2 kb	 0.0% Assets/tiles/tilesnivel2/tilesplazadelsol333_340.asset
 0.2 kb	 0.0% Assets/tiles/tilesnivel2/tilesplazadelsol333_34.asset
 0.2 kb	 0.0% Assets/tiles/tilesnivel2/tilesplazadelsol333_339.asset
 0.2 kb	 0.0% Assets/tiles/tilesnivel2/tilesplazadelsol333_338.asset
 0.2 kb	 0.0% Assets/tiles/tilesnivel2/tilesplazadelsol333_337.asset
 0.2 kb	 0.0% Assets/tiles/tilesnivel2/tilesplazadelsol333_336.asset
 0.2 kb	 0.0% Assets/tiles/tilesnivel2/tilesplazadelsol333_335.asset
 0.2 kb	 0.0% Assets/tiles/tilesnivel2/tilesplazadelsol333_334.asset
 0.2 kb	 0.0% Assets/tiles/tilesnivel2/tilesplazadelsol333_333.asset
 0.2 kb	 0.0% Assets/tiles/tilesnivel2/tilesplazadelsol333_332.asset
 0.2 kb	 0.0% Assets/tiles/tilesnivel2/tilesplazadelsol333_331.asset
 0.2 kb	 0.0% Assets/tiles/tilesnivel2/tilesplazadelsol333_330.asset
 0.2 kb	 0.0% Assets/tiles/tilesnivel2/tilesplazadelsol333_33.asset
 0.2 kb	 0.0% Assets/tiles/tilesnivel2/tilesplazadelsol333_329.asset
 0.2 kb	 0.0% Assets/tiles/tilesnivel2/tilesplazadelsol333_328.asset
 0.2 kb	 0.0% Assets/tiles/tilesnivel2/tilesplazadelsol333_327.asset
 0.2 kb	 0.0% Assets/tiles/tilesnivel2/tilesplazadelsol333_326.asset
 0.2 kb	 0.0% Assets/tiles/tilesnivel2/tilesplazadelsol333_325.asset
 0.2 kb	 0.0% Assets/tiles/tilesnivel2/tilesplazadelsol333_324.asset
 0.2 kb	 0.0% Assets/tiles/tilesnivel2/tilesplazadelsol333_323.asset
 0.2 kb	 0.0% Assets/tiles/tilesnivel2/tilesplazadelsol333_322.asset
 0.2 kb	 0.0% Assets/tiles/tilesnivel2/tilesplazadelsol333_321.asset
 0.2 kb	 0.0% Assets/tiles/tilesnivel2/tilesplazadelsol333_320.asset
 0.2 kb	 0.0% Assets/tiles/tilesnivel2/tilesplazadelsol333_32.asset
 0.2 kb	 0.0% Assets/tiles/tilesnivel2/tilesplazadelsol333_319.asset
 0.2 kb	 0.0% Assets/tiles/tilesnivel2/tilesplazadelsol333_318.asset
 0.2 kb	 0.0% Assets/tiles/tilesnivel2/tilesplazadelsol333_317.asset
 0.2 kb	 0.0% Assets/tiles/tilesnivel2/tilesplazadelsol333_316.asset
 0.2 kb	 0.0% Assets/tiles/tilesnivel2/tilesplazadelsol333_315.asset
 0.2 kb	 0.0% Assets/tiles/tilesnivel2/tilesplazadelsol333_314.asset
 0.2 kb	 0.0% Assets/tiles/tilesnivel2/tilesplazadelsol333_313.asset
 0.2 kb	 0.0% Assets/tiles/tilesnivel2/tilesplazadelsol333_312.asset
 0.2 kb	 0.0% Assets/tiles/tilesnivel2/tilesplazadelsol333_311.asset
 0.2 kb	 0.0% Assets/tiles/tilesnivel2/tilesplazadelsol333_310.asset
 0.2 kb	 0.0% Assets/tiles/tilesnivel2/tilesplazadelsol333_31.asset
 0.2 kb	 0.0% Assets/tiles/tilesnivel2/tilesplazadelsol333_309.asset
 0.2 kb	 0.0% Assets/tiles/tilesnivel2/tilesplazadelsol333_308.asset
 0.2 kb	 0.0% Assets/tiles/tilesnivel2/tilesplazadelsol333_30.asset
 0.2 kb	 0.0% Assets/tiles/tilesnivel2/tilesplazadelsol333_3.asset
 0.2 kb	 0.0% Assets/tiles/tilesnivel2/tilesplazadelsol333_294.asset
 0.2 kb	 0.0% Assets/tiles/tilesnivel2/tilesplazadelsol333_293.asset
 0.2 kb	 0.0% Assets/tiles/tilesnivel2/tilesplazadelsol333_292.asset
 0.2 kb	 0.0% Assets/tiles/tilesnivel2/tilesplazadelsol333_291.asset
 0.2 kb	 0.0% Assets/tiles/tilesnivel2/tilesplazadelsol333_290.asset
 0.2 kb	 0.0% Assets/tiles/tilesnivel2/tilesplazadelsol333_29.asset
 0.2 kb	 0.0% Assets/tiles/tilesnivel2/tilesplazadelsol333_289.asset
 0.2 kb	 0.0% Assets/tiles/tilesnivel2/tilesplazadelsol333_288.asset
 0.2 kb	 0.0% Assets/tiles/tilesnivel2/tilesplazadelsol333_287.asset
 0.2 kb	 0.0% Assets/tiles/tilesnivel2/tilesplazadelsol333_286.asset
 0.2 kb	 0.0% Assets/tiles/tilesnivel2/tilesplazadelsol333_285.asset
 0.2 kb	 0.0% Assets/tiles/tilesnivel2/tilesplazadelsol333_284.asset
 0.2 kb	 0.0% Assets/tiles/tilesnivel2/tilesplazadelsol333_283.asset
 0.2 kb	 0.0% Assets/tiles/tilesnivel2/tilesplazadelsol333_282.asset
 0.2 kb	 0.0% Assets/tiles/tilesnivel2/tilesplazadelsol333_281.asset
 0.2 kb	 0.0% Assets/tiles/tilesnivel2/tilesplazadelsol333_280.asset
 0.2 kb	 0.0% Assets/tiles/tilesnivel2/tilesplazadelsol333_28.asset
 0.2 kb	 0.0% Assets/tiles/tilesnivel2/tilesplazadelsol333_279.asset
 0.2 kb	 0.0% Assets/tiles/tilesnivel2/tilesplazadelsol333_278.asset
 0.2 kb	 0.0% Assets/tiles/tilesnivel2/tilesplazadelsol333_277.asset
 0.2 kb	 0.0% Assets/tiles/tilesnivel2/tilesplazadelsol333_276.asset
 0.2 kb	 0.0% Assets/tiles/tilesnivel2/tilesplazadelsol333_275.asset
 0.2 kb	 0.0% Assets/tiles/tilesnivel2/tilesplazadelsol333_274.asset
 0.2 kb	 0.0% Assets/tiles/tilesnivel2/tilesplazadelsol333_273.asset
 0.2 kb	 0.0% Assets/tiles/tilesnivel2/tilesplazadelsol333_272.asset
 0.2 kb	 0.0% Assets/tiles/tilesnivel2/tilesplazadelsol333_271.asset
 0.2 kb	 0.0% Assets/tiles/tilesnivel2/tilesplazadelsol333_270.asset
 0.2 kb	 0.0% Assets/tiles/tilesnivel2/tilesplazadelsol333_27.asset
 0.2 kb	 0.0% Assets/tiles/tilesnivel2/tilesplazadelsol333_269.asset
 0.2 kb	 0.0% Assets/tiles/tilesnivel2/tilesplazadelsol333_268.asset
 0.2 kb	 0.0% Assets/tiles/tilesnivel2/tilesplazadelsol333_267.asset
 0.2 kb	 0.0% Assets/tiles/tilesnivel2/tilesplazadelsol333_266.asset
 0.2 kb	 0.0% Assets/tiles/tilesnivel2/tilesplazadelsol333_265.asset
 0.2 kb	 0.0% Assets/tiles/tilesnivel2/tilesplazadelsol333_264.asset
 0.2 kb	 0.0% Assets/tiles/tilesnivel2/tilesplazadelsol333_263.asset
 0.2 kb	 0.0% Assets/tiles/tilesnivel2/tilesplazadelsol333_262.asset
 0.2 kb	 0.0% Assets/tiles/tilesnivel2/tilesplazadelsol333_261.asset
 0.2 kb	 0.0% Assets/tiles/tilesnivel2/tilesplazadelsol333_260.asset
 0.2 kb	 0.0% Assets/tiles/tilesnivel2/tilesplazadelsol333_26.asset
 0.2 kb	 0.0% Assets/tiles/tilesnivel2/tilesplazadelsol333_25.asset
 0.2 kb	 0.0% Assets/tiles/tilesnivel2/tilesplazadelsol333_246.asset
 0.2 kb	 0.0% Assets/tiles/tilesnivel2/tilesplazadelsol333_245.asset
 0.2 kb	 0.0% Assets/tiles/tilesnivel2/tilesplazadelsol333_244.asset
 0.2 kb	 0.0% Assets/tiles/tilesnivel2/tilesplazadelsol333_243.asset
 0.2 kb	 0.0% Assets/tiles/tilesnivel2/tilesplazadelsol333_242.asset
 0.2 kb	 0.0% Assets/tiles/tilesnivel2/tilesplazadelsol333_241.asset
 0.2 kb	 0.0% Assets/tiles/tilesnivel2/tilesplazadelsol333_240.asset
 0.2 kb	 0.0% Assets/tiles/tilesnivel2/tilesplazadelsol333_24.asset
 0.2 kb	 0.0% Assets/tiles/tilesnivel2/tilesplazadelsol333_239.asset
 0.2 kb	 0.0% Assets/tiles/tilesnivel2/tilesplazadelsol333_238.asset
 0.2 kb	 0.0% Assets/tiles/tilesnivel2/tilesplazadelsol333_237.asset
 0.2 kb	 0.0% Assets/tiles/tilesnivel2/tilesplazadelsol333_236.asset
 0.2 kb	 0.0% Assets/tiles/tilesnivel2/tilesplazadelsol333_235.asset
 0.2 kb	 0.0% Assets/tiles/tilesnivel2/tilesplazadelsol333_234.asset
 0.2 kb	 0.0% Assets/tiles/tilesnivel2/tilesplazadelsol333_233.asset
 0.2 kb	 0.0% Assets/tiles/tilesnivel2/tilesplazadelsol333_232.asset
 0.2 kb	 0.0% Assets/tiles/tilesnivel2/tilesplazadelsol333_231.asset
 0.2 kb	 0.0% Assets/tiles/tilesnivel2/tilesplazadelsol333_230.asset
 0.2 kb	 0.0% Assets/tiles/tilesnivel2/tilesplazadelsol333_23.asset
 0.2 kb	 0.0% Assets/tiles/tilesnivel2/tilesplazadelsol333_229.asset
 0.2 kb	 0.0% Assets/tiles/tilesnivel2/tilesplazadelsol333_228.asset
 0.2 kb	 0.0% Assets/tiles/tilesnivel2/tilesplazadelsol333_227.asset
 0.2 kb	 0.0% Assets/tiles/tilesnivel2/tilesplazadelsol333_226.asset
 0.2 kb	 0.0% Assets/tiles/tilesnivel2/tilesplazadelsol333_225.asset
 0.2 kb	 0.0% Assets/tiles/tilesnivel2/tilesplazadelsol333_224.asset
 0.2 kb	 0.0% Assets/tiles/tilesnivel2/tilesplazadelsol333_223.asset
 0.2 kb	 0.0% Assets/tiles/tilesnivel2/tilesplazadelsol333_222.asset
 0.2 kb	 0.0% Assets/tiles/tilesnivel2/tilesplazadelsol333_221.asset
 0.2 kb	 0.0% Assets/tiles/tilesnivel2/tilesplazadelsol333_220.asset
 0.2 kb	 0.0% Assets/tiles/tilesnivel2/tilesplazadelsol333_22.asset
 0.2 kb	 0.0% Assets/tiles/tilesnivel2/tilesplazadelsol333_219.asset
 0.2 kb	 0.0% Assets/tiles/tilesnivel2/tilesplazadelsol333_218.asset
 0.2 kb	 0.0% Assets/tiles/tilesnivel2/tilesplazadelsol333_217.asset
 0.2 kb	 0.0% Assets/tiles/tilesnivel2/tilesplazadelsol333_216.asset
 0.2 kb	 0.0% Assets/tiles/tilesnivel2/tilesplazadelsol333_215.asset
 0.2 kb	 0.0% Assets/tiles/tilesnivel2/tilesplazadelsol333_214.asset
 0.2 kb	 0.0% Assets/tiles/tilesnivel2/tilesplazadelsol333_213.asset
 0.2 kb	 0.0% Assets/tiles/tilesnivel2/tilesplazadelsol333_212.asset
 0.2 kb	 0.0% Assets/tiles/tilesnivel2/tilesplazadelsol333_21.asset
 0.2 kb	 0.0% Assets/tiles/tilesnivel2/tilesplazadelsol333_201.asset
 0.2 kb	 0.0% Assets/tiles/tilesnivel2/tilesplazadelsol333_20.asset
 0.2 kb	 0.0% Assets/tiles/tilesnivel2/tilesplazadelsol333_2.asset
 0.2 kb	 0.0% Assets/tiles/tilesnivel2/tilesplazadelsol333_198.asset
 0.2 kb	 0.0% Assets/tiles/tilesnivel2/tilesplazadelsol333_197.asset
 0.2 kb	 0.0% Assets/tiles/tilesnivel2/tilesplazadelsol333_196.asset
 0.2 kb	 0.0% Assets/tiles/tilesnivel2/tilesplazadelsol333_195.asset
 0.2 kb	 0.0% Assets/tiles/tilesnivel2/tilesplazadelsol333_194.asset
 0.2 kb	 0.0% Assets/tiles/tilesnivel2/tilesplazadelsol333_193.asset
 0.2 kb	 0.0% Assets/tiles/tilesnivel2/tilesplazadelsol333_192.asset
 0.2 kb	 0.0% Assets/tiles/tilesnivel2/tilesplazadelsol333_191.asset
 0.2 kb	 0.0% Assets/tiles/tilesnivel2/tilesplazadelsol333_190.asset
 0.2 kb	 0.0% Assets/tiles/tilesnivel2/tilesplazadelsol333_189.asset
 0.2 kb	 0.0% Assets/tiles/tilesnivel2/tilesplazadelsol333_188.asset
 0.2 kb	 0.0% Assets/tiles/tilesnivel2/tilesplazadelsol333_187.asset
 0.2 kb	 0.0% Assets/tiles/tilesnivel2/tilesplazadelsol333_186.asset
 0.2 kb	 0.0% Assets/tiles/tilesnivel2/tilesplazadelsol333_185.asset
 0.2 kb	 0.0% Assets/tiles/tilesnivel2/tilesplazadelsol333_184.asset
 0.2 kb	 0.0% Assets/tiles/tilesnivel2/tilesplazadelsol333_183.asset
 0.2 kb	 0.0% Assets/tiles/tilesnivel2/tilesplazadelsol333_182.asset
 0.2 kb	 0.0% Assets/tiles/tilesnivel2/tilesplazadelsol333_181.asset
 0.2 kb	 0.0% Assets/tiles/tilesnivel2/tilesplazadelsol333_180.asset
 0.2 kb	 0.0% Assets/tiles/tilesnivel2/tilesplazadelsol333_18.asset
 0.2 kb	 0.0% Assets/tiles/tilesnivel2/tilesplazadelsol333_179.asset
 0.2 kb	 0.0% Assets/tiles/tilesnivel2/tilesplazadelsol333_178.asset
 0.2 kb	 0.0% Assets/tiles/tilesnivel2/tilesplazadelsol333_177.asset
 0.2 kb	 0.0% Assets/tiles/tilesnivel2/tilesplazadelsol333_176.asset
 0.2 kb	 0.0% Assets/tiles/tilesnivel2/tilesplazadelsol333_175.asset
 0.2 kb	 0.0% Assets/tiles/tilesnivel2/tilesplazadelsol333_174.asset
 0.2 kb	 0.0% Assets/tiles/tilesnivel2/tilesplazadelsol333_173.asset
 0.2 kb	 0.0% Assets/tiles/tilesnivel2/tilesplazadelsol333_172.asset
 0.2 kb	 0.0% Assets/tiles/tilesnivel2/tilesplazadelsol333_171.asset
 0.2 kb	 0.0% Assets/tiles/tilesnivel2/tilesplazadelsol333_170.asset
 0.2 kb	 0.0% Assets/tiles/tilesnivel2/tilesplazadelsol333_17.asset
 0.2 kb	 0.0% Assets/tiles/tilesnivel2/tilesplazadelsol333_169.asset
 0.2 kb	 0.0% Assets/tiles/tilesnivel2/tilesplazadelsol333_168.asset
 0.2 kb	 0.0% Assets/tiles/tilesnivel2/tilesplazadelsol333_167.asset
 0.2 kb	 0.0% Assets/tiles/tilesnivel2/tilesplazadelsol333_166.asset
 0.2 kb	 0.0% Assets/tiles/tilesnivel2/tilesplazadelsol333_165.asset
 0.2 kb	 0.0% Assets/tiles/tilesnivel2/tilesplazadelsol333_164.asset
 0.2 kb	 0.0% Assets/tiles/tilesnivel2/tilesplazadelsol333_163.asset
 0.2 kb	 0.0% Assets/tiles/tilesnivel2/tilesplazadelsol333_16.asset
 0.2 kb	 0.0% Assets/tiles/tilesnivel2/tilesplazadelsol333_1525.asset
 0.2 kb	 0.0% Assets/tiles/tilesnivel2/tilesplazadelsol333_1524.asset
 0.2 kb	 0.0% Assets/tiles/tilesnivel2/tilesplazadelsol333_1523.asset
 0.2 kb	 0.0% Assets/tiles/tilesnivel2/tilesplazadelsol333_150.asset
 0.2 kb	 0.0% Assets/tiles/tilesnivel2/tilesplazadelsol333_15.asset
 0.2 kb	 0.0% Assets/tiles/tilesnivel2/tilesplazadelsol333_149.asset
 0.2 kb	 0.0% Assets/tiles/tilesnivel2/tilesplazadelsol333_1485.asset
 0.2 kb	 0.0% Assets/tiles/tilesnivel2/tilesplazadelsol333_1484.asset
 0.2 kb	 0.0% Assets/tiles/tilesnivel2/tilesplazadelsol333_1483.asset
 0.2 kb	 0.0% Assets/tiles/tilesnivel2/tilesplazadelsol333_1482.asset
 0.2 kb	 0.0% Assets/tiles/tilesnivel2/tilesplazadelsol333_1481.asset
 0.2 kb	 0.0% Assets/tiles/tilesnivel2/tilesplazadelsol333_1480.asset
 0.2 kb	 0.0% Assets/tiles/tilesnivel2/tilesplazadelsol333_148.asset
 0.2 kb	 0.0% Assets/tiles/tilesnivel2/tilesplazadelsol333_1477.asset
 0.2 kb	 0.0% Assets/tiles/tilesnivel2/tilesplazadelsol333_1476.asset
 0.2 kb	 0.0% Assets/tiles/tilesnivel2/tilesplazadelsol333_1475.asset
 0.2 kb	 0.0% Assets/tiles/tilesnivel2/tilesplazadelsol333_1474.asset
 0.2 kb	 0.0% Assets/tiles/tilesnivel2/tilesplazadelsol333_1473.asset
 0.2 kb	 0.0% Assets/tiles/tilesnivel2/tilesplazadelsol333_1472.asset
 0.2 kb	 0.0% Assets/tiles/tilesnivel2/tilesplazadelsol333_1471.asset
 0.2 kb	 0.0% Assets/tiles/tilesnivel2/tilesplazadelsol333_1470.asset
 0.2 kb	 0.0% Assets/tiles/tilesnivel2/tilesplazadelsol333_147.asset
 0.2 kb	 0.0% Assets/tiles/tilesnivel2/tilesplazadelsol333_1469.asset
 0.2 kb	 0.0% Assets/tiles/tilesnivel2/tilesplazadelsol333_1464.asset
 0.2 kb	 0.0% Assets/tiles/tilesnivel2/tilesplazadelsol333_1462.asset
 0.2 kb	 0.0% Assets/tiles/tilesnivel2/tilesplazadelsol333_1461.asset
 0.2 kb	 0.0% Assets/tiles/tilesnivel2/tilesplazadelsol333_146.asset
 0.2 kb	 0.0% Assets/tiles/tilesnivel2/tilesplazadelsol333_1458.asset
 0.2 kb	 0.0% Assets/tiles/tilesnivel2/tilesplazadelsol333_1457.asset
 0.2 kb	 0.0% Assets/tiles/tilesnivel2/tilesplazadelsol333_1456.asset
 0.2 kb	 0.0% Assets/tiles/tilesnivel2/tilesplazadelsol333_1455.asset
 0.2 kb	 0.0% Assets/tiles/tilesnivel2/tilesplazadelsol333_1454.asset
 0.2 kb	 0.0% Assets/tiles/tilesnivel2/tilesplazadelsol333_1453.asset
 0.2 kb	 0.0% Assets/tiles/tilesnivel2/tilesplazadelsol333_1452.asset
 0.2 kb	 0.0% Assets/tiles/tilesnivel2/tilesplazadelsol333_1451.asset
 0.2 kb	 0.0% Assets/tiles/tilesnivel2/tilesplazadelsol333_1450.asset
 0.2 kb	 0.0% Assets/tiles/tilesnivel2/tilesplazadelsol333_145.asset
 0.2 kb	 0.0% Assets/tiles/tilesnivel2/tilesplazadelsol333_1449.asset
 0.2 kb	 0.0% Assets/tiles/tilesnivel2/tilesplazadelsol333_1448.asset
 0.2 kb	 0.0% Assets/tiles/tilesnivel2/tilesplazadelsol333_1447.asset
 0.2 kb	 0.0% Assets/tiles/tilesnivel2/tilesplazadelsol333_1446.asset
 0.2 kb	 0.0% Assets/tiles/tilesnivel2/tilesplazadelsol333_1445.asset
 0.2 kb	 0.0% Assets/tiles/tilesnivel2/tilesplazadelsol333_1444.asset
 0.2 kb	 0.0% Assets/tiles/tilesnivel2/tilesplazadelsol333_1443.asset
 0.2 kb	 0.0% Assets/tiles/tilesnivel2/tilesplazadelsol333_1442.asset
 0.2 kb	 0.0% Assets/tiles/tilesnivel2/tilesplazadelsol333_1441.asset
 0.2 kb	 0.0% Assets/tiles/tilesnivel2/tilesplazadelsol333_1440.asset
 0.2 kb	 0.0% Assets/tiles/tilesnivel2/tilesplazadelsol333_144.asset
 0.2 kb	 0.0% Assets/tiles/tilesnivel2/tilesplazadelsol333_1437.asset
 0.2 kb	 0.0% Assets/tiles/tilesnivel2/tilesplazadelsol333_1436.asset
 0.2 kb	 0.0% Assets/tiles/tilesnivel2/tilesplazadelsol333_1435.asset
 0.2 kb	 0.0% Assets/tiles/tilesnivel2/tilesplazadelsol333_1434.asset
 0.2 kb	 0.0% Assets/tiles/tilesnivel2/tilesplazadelsol333_1433.asset
 0.2 kb	 0.0% Assets/tiles/tilesnivel2/tilesplazadelsol333_1432.asset
 0.2 kb	 0.0% Assets/tiles/tilesnivel2/tilesplazadelsol333_143.asset
 0.2 kb	 0.0% Assets/tiles/tilesnivel2/tilesplazadelsol333_1429.asset
 0.2 kb	 0.0% Assets/tiles/tilesnivel2/tilesplazadelsol333_1428.asset
 0.2 kb	 0.0% Assets/tiles/tilesnivel2/tilesplazadelsol333_1427.asset
 0.2 kb	 0.0% Assets/tiles/tilesnivel2/tilesplazadelsol333_1426.asset
 0.2 kb	 0.0% Assets/tiles/tilesnivel2/tilesplazadelsol333_1425.asset
 0.2 kb	 0.0% Assets/tiles/tilesnivel2/tilesplazadelsol333_1424.asset
 0.2 kb	 0.0% Assets/tiles/tilesnivel2/tilesplazadelsol333_1423.asset
 0.2 kb	 0.0% Assets/tiles/tilesnivel2/tilesplazadelsol333_1422.asset
 0.2 kb	 0.0% Assets/tiles/tilesnivel2/tilesplazadelsol333_1421.asset
 0.2 kb	 0.0% Assets/tiles/tilesnivel2/tilesplazadelsol333_142.asset
 0.2 kb	 0.0% Assets/tiles/tilesnivel2/tilesplazadelsol333_1414.asset
 0.2 kb	 0.0% Assets/tiles/tilesnivel2/tilesplazadelsol333_1412.asset
 0.2 kb	 0.0% Assets/tiles/tilesnivel2/tilesplazadelsol333_1411.asset
 0.2 kb	 0.0% Assets/tiles/tilesnivel2/tilesplazadelsol333_1410.asset
 0.2 kb	 0.0% Assets/tiles/tilesnivel2/tilesplazadelsol333_141.asset
 0.2 kb	 0.0% Assets/tiles/tilesnivel2/tilesplazadelsol333_1409.asset
 0.2 kb	 0.0% Assets/tiles/tilesnivel2/tilesplazadelsol333_1408.asset
 0.2 kb	 0.0% Assets/tiles/tilesnivel2/tilesplazadelsol333_1407.asset
 0.2 kb	 0.0% Assets/tiles/tilesnivel2/tilesplazadelsol333_1406.asset
 0.2 kb	 0.0% Assets/tiles/tilesnivel2/tilesplazadelsol333_1405.asset
 0.2 kb	 0.0% Assets/tiles/tilesnivel2/tilesplazadelsol333_1404.asset
 0.2 kb	 0.0% Assets/tiles/tilesnivel2/tilesplazadelsol333_1403.asset
 0.2 kb	 0.0% Assets/tiles/tilesnivel2/tilesplazadelsol333_1402.asset
 0.2 kb	 0.0% Assets/tiles/tilesnivel2/tilesplazadelsol333_1401.asset
 0.2 kb	 0.0% Assets/tiles/tilesnivel2/tilesplazadelsol333_1400.asset
 0.2 kb	 0.0% Assets/tiles/tilesnivel2/tilesplazadelsol333_140.asset
 0.2 kb	 0.0% Assets/tiles/tilesnivel2/tilesplazadelsol333_14.asset
 0.2 kb	 0.0% Assets/tiles/tilesnivel2/tilesplazadelsol333_1399.asset
 0.2 kb	 0.0% Assets/tiles/tilesnivel2/tilesplazadelsol333_1398.asset
 0.2 kb	 0.0% Assets/tiles/tilesnivel2/tilesplazadelsol333_1397.asset
 0.2 kb	 0.0% Assets/tiles/tilesnivel2/tilesplazadelsol333_1396.asset
 0.2 kb	 0.0% Assets/tiles/tilesnivel2/tilesplazadelsol333_1395.asset
 0.2 kb	 0.0% Assets/tiles/tilesnivel2/tilesplazadelsol333_1394.asset
 0.2 kb	 0.0% Assets/tiles/tilesnivel2/tilesplazadelsol333_1393.asset
 0.2 kb	 0.0% Assets/tiles/tilesnivel2/tilesplazadelsol333_1392.asset
 0.2 kb	 0.0% Assets/tiles/tilesnivel2/tilesplazadelsol333_1391.asset
 0.2 kb	 0.0% Assets/tiles/tilesnivel2/tilesplazadelsol333_139.asset
 0.2 kb	 0.0% Assets/tiles/tilesnivel2/tilesplazadelsol333_1389.asset
 0.2 kb	 0.0% Assets/tiles/tilesnivel2/tilesplazadelsol333_1388.asset
 0.2 kb	 0.0% Assets/tiles/tilesnivel2/tilesplazadelsol333_1387.asset
 0.2 kb	 0.0% Assets/tiles/tilesnivel2/tilesplazadelsol333_1386.asset
 0.2 kb	 0.0% Assets/tiles/tilesnivel2/tilesplazadelsol333_1385.asset
 0.2 kb	 0.0% Assets/tiles/tilesnivel2/tilesplazadelsol333_1384.asset
 0.2 kb	 0.0% Assets/tiles/tilesnivel2/tilesplazadelsol333_1383.asset
 0.2 kb	 0.0% Assets/tiles/tilesnivel2/tilesplazadelsol333_1382.asset
 0.2 kb	 0.0% Assets/tiles/tilesnivel2/tilesplazadelsol333_138.asset
 0.2 kb	 0.0% Assets/tiles/tilesnivel2/tilesplazadelsol333_1377.asset
 0.2 kb	 0.0% Assets/tiles/tilesnivel2/tilesplazadelsol333_1376.asset
 0.2 kb	 0.0% Assets/tiles/tilesnivel2/tilesplazadelsol333_1375.asset
 0.2 kb	 0.0% Assets/tiles/tilesnivel2/tilesplazadelsol333_1374.asset
 0.2 kb	 0.0% Assets/tiles/tilesnivel2/tilesplazadelsol333_1373.asset
 0.2 kb	 0.0% Assets/tiles/tilesnivel2/tilesplazadelsol333_1370.asset
 0.2 kb	 0.0% Assets/tiles/tilesnivel2/tilesplazadelsol333_137.asset
 0.2 kb	 0.0% Assets/tiles/tilesnivel2/tilesplazadelsol333_1369.asset
 0.2 kb	 0.0% Assets/tiles/tilesnivel2/tilesplazadelsol333_1368.asset
 0.2 kb	 0.0% Assets/tiles/tilesnivel2/tilesplazadelsol333_1366.asset
 0.2 kb	 0.0% Assets/tiles/tilesnivel2/tilesplazadelsol333_1364.asset
 0.2 kb	 0.0% Assets/tiles/tilesnivel2/tilesplazadelsol333_1363.asset
 0.2 kb	 0.0% Assets/tiles/tilesnivel2/tilesplazadelsol333_1362.asset
 0.2 kb	 0.0% Assets/tiles/tilesnivel2/tilesplazadelsol333_1361.asset
 0.2 kb	 0.0% Assets/tiles/tilesnivel2/tilesplazadelsol333_1360.asset
 0.2 kb	 0.0% Assets/tiles/tilesnivel2/tilesplazadelsol333_136.asset
 0.2 kb	 0.0% Assets/tiles/tilesnivel2/tilesplazadelsol333_1359.asset
 0.2 kb	 0.0% Assets/tiles/tilesnivel2/tilesplazadelsol333_1358.asset
 0.2 kb	 0.0% Assets/tiles/tilesnivel2/tilesplazadelsol333_1357.asset
 0.2 kb	 0.0% Assets/tiles/tilesnivel2/tilesplazadelsol333_1356.asset
 0.2 kb	 0.0% Assets/tiles/tilesnivel2/tilesplazadelsol333_1355.asset
 0.2 kb	 0.0% Assets/tiles/tilesnivel2/tilesplazadelsol333_1354.asset
 0.2 kb	 0.0% Assets/tiles/tilesnivel2/tilesplazadelsol333_1353.asset
 0.2 kb	 0.0% Assets/tiles/tilesnivel2/tilesplazadelsol333_1352.asset
 0.2 kb	 0.0% Assets/tiles/tilesnivel2/tilesplazadelsol333_1351.asset
 0.2 kb	 0.0% Assets/tiles/tilesnivel2/tilesplazadelsol333_1350.asset
 0.2 kb	 0.0% Assets/tiles/tilesnivel2/tilesplazadelsol333_135.asset
 0.2 kb	 0.0% Assets/tiles/tilesnivel2/tilesplazadelsol333_1349.asset
 0.2 kb	 0.0% Assets/tiles/tilesnivel2/tilesplazadelsol333_1348.asset
 0.2 kb	 0.0% Assets/tiles/tilesnivel2/tilesplazadelsol333_1347.asset
 0.2 kb	 0.0% Assets/tiles/tilesnivel2/tilesplazadelsol333_1346.asset
 0.2 kb	 0.0% Assets/tiles/tilesnivel2/tilesplazadelsol333_1345.asset
 0.2 kb	 0.0% Assets/tiles/tilesnivel2/tilesplazadelsol333_1344.asset
 0.2 kb	 0.0% Assets/tiles/tilesnivel2/tilesplazadelsol333_1341.asset
 0.2 kb	 0.0% Assets/tiles/tilesnivel2/tilesplazadelsol333_1340.asset
 0.2 kb	 0.0% Assets/tiles/tilesnivel2/tilesplazadelsol333_134.asset
 0.2 kb	 0.0% Assets/tiles/tilesnivel2/tilesplazadelsol333_1339.asset
 0.2 kb	 0.0% Assets/tiles/tilesnivel2/tilesplazadelsol333_1338.asset
 0.2 kb	 0.0% Assets/tiles/tilesnivel2/tilesplazadelsol333_1337.asset
 0.2 kb	 0.0% Assets/tiles/tilesnivel2/tilesplazadelsol333_1336.asset
 0.2 kb	 0.0% Assets/tiles/tilesnivel2/tilesplazadelsol333_1335.asset
 0.2 kb	 0.0% Assets/tiles/tilesnivel2/tilesplazadelsol333_1334.asset
 0.2 kb	 0.0% Assets/tiles/tilesnivel2/tilesplazadelsol333_1333.asset
 0.2 kb	 0.0% Assets/tiles/tilesnivel2/tilesplazadelsol333_1332.asset
 0.2 kb	 0.0% Assets/tiles/tilesnivel2/tilesplazadelsol333_1331.asset
 0.2 kb	 0.0% Assets/tiles/tilesnivel2/tilesplazadelsol333_1330.asset
 0.2 kb	 0.0% Assets/tiles/tilesnivel2/tilesplazadelsol333_133.asset
 0.2 kb	 0.0% Assets/tiles/tilesnivel2/tilesplazadelsol333_1329.asset
 0.2 kb	 0.0% Assets/tiles/tilesnivel2/tilesplazadelsol333_1328.asset
 0.2 kb	 0.0% Assets/tiles/tilesnivel2/tilesplazadelsol333_1327.asset
 0.2 kb	 0.0% Assets/tiles/tilesnivel2/tilesplazadelsol333_1326.asset
 0.2 kb	 0.0% Assets/tiles/tilesnivel2/tilesplazadelsol333_1325.asset
 0.2 kb	 0.0% Assets/tiles/tilesnivel2/tilesplazadelsol333_1324.asset
 0.2 kb	 0.0% Assets/tiles/tilesnivel2/tilesplazadelsol333_1323.asset
 0.2 kb	 0.0% Assets/tiles/tilesnivel2/tilesplazadelsol333_1322.asset
 0.2 kb	 0.0% Assets/tiles/tilesnivel2/tilesplazadelsol333_132.asset
 0.2 kb	 0.0% Assets/tiles/tilesnivel2/tilesplazadelsol333_1318.asset
 0.2 kb	 0.0% Assets/tiles/tilesnivel2/tilesplazadelsol333_1317.asset
 0.2 kb	 0.0% Assets/tiles/tilesnivel2/tilesplazadelsol333_1316.asset
 0.2 kb	 0.0% Assets/tiles/tilesnivel2/tilesplazadelsol333_1315.asset
 0.2 kb	 0.0% Assets/tiles/tilesnivel2/tilesplazadelsol333_1314.asset
 0.2 kb	 0.0% Assets/tiles/tilesnivel2/tilesplazadelsol333_1313.asset
 0.2 kb	 0.0% Assets/tiles/tilesnivel2/tilesplazadelsol333_1312.asset
 0.2 kb	 0.0% Assets/tiles/tilesnivel2/tilesplazadelsol333_1311.asset
 0.2 kb	 0.0% Assets/tiles/tilesnivel2/tilesplazadelsol333_1310.asset
 0.2 kb	 0.0% Assets/tiles/tilesnivel2/tilesplazadelsol333_131.asset
 0.2 kb	 0.0% Assets/tiles/tilesnivel2/tilesplazadelsol333_1309.asset
 0.2 kb	 0.0% Assets/tiles/tilesnivel2/tilesplazadelsol333_1308.asset
 0.2 kb	 0.0% Assets/tiles/tilesnivel2/tilesplazadelsol333_1307.asset
 0.2 kb	 0.0% Assets/tiles/tilesnivel2/tilesplazadelsol333_1306.asset
 0.2 kb	 0.0% Assets/tiles/tilesnivel2/tilesplazadelsol333_1305.asset
 0.2 kb	 0.0% Assets/tiles/tilesnivel2/tilesplazadelsol333_1304.asset
 0.2 kb	 0.0% Assets/tiles/tilesnivel2/tilesplazadelsol333_1303.asset
 0.2 kb	 0.0% Assets/tiles/tilesnivel2/tilesplazadelsol333_1302.asset
 0.2 kb	 0.0% Assets/tiles/tilesnivel2/tilesplazadelsol333_1301.asset
 0.2 kb	 0.0% Assets/tiles/tilesnivel2/tilesplazadelsol333_1300.asset
 0.2 kb	 0.0% Assets/tiles/tilesnivel2/tilesplazadelsol333_130.asset
 0.2 kb	 0.0% Assets/tiles/tilesnivel2/tilesplazadelsol333_13.asset
 0.2 kb	 0.0% Assets/tiles/tilesnivel2/tilesplazadelsol333_1299.asset
 0.2 kb	 0.0% Assets/tiles/tilesnivel2/tilesplazadelsol333_1298.asset
 0.2 kb	 0.0% Assets/tiles/tilesnivel2/tilesplazadelsol333_1297.asset
 0.2 kb	 0.0% Assets/tiles/tilesnivel2/tilesplazadelsol333_1296.asset
 0.2 kb	 0.0% Assets/tiles/tilesnivel2/tilesplazadelsol333_129.asset
 0.2 kb	 0.0% Assets/tiles/tilesnivel2/tilesplazadelsol333_1288.asset
 0.2 kb	 0.0% Assets/tiles/tilesnivel2/tilesplazadelsol333_1281.asset
 0.2 kb	 0.0% Assets/tiles/tilesnivel2/tilesplazadelsol333_1280.asset
 0.2 kb	 0.0% Assets/tiles/tilesnivel2/tilesplazadelsol333_128.asset
 0.2 kb	 0.0% Assets/tiles/tilesnivel2/tilesplazadelsol333_1279.asset
 0.2 kb	 0.0% Assets/tiles/tilesnivel2/tilesplazadelsol333_1278.asset
 0.2 kb	 0.0% Assets/tiles/tilesnivel2/tilesplazadelsol333_1277.asset
 0.2 kb	 0.0% Assets/tiles/tilesnivel2/tilesplazadelsol333_1276.asset
 0.2 kb	 0.0% Assets/tiles/tilesnivel2/tilesplazadelsol333_1275.asset
 0.2 kb	 0.0% Assets/tiles/tilesnivel2/tilesplazadelsol333_1274.asset
 0.2 kb	 0.0% Assets/tiles/tilesnivel2/tilesplazadelsol333_1270.asset
 0.2 kb	 0.0% Assets/tiles/tilesnivel2/tilesplazadelsol333_127.asset
 0.2 kb	 0.0% Assets/tiles/tilesnivel2/tilesplazadelsol333_1269.asset
 0.2 kb	 0.0% Assets/tiles/tilesnivel2/tilesplazadelsol333_1268.asset
 0.2 kb	 0.0% Assets/tiles/tilesnivel2/tilesplazadelsol333_1267.asset
 0.2 kb	 0.0% Assets/tiles/tilesnivel2/tilesplazadelsol333_1266.asset
 0.2 kb	 0.0% Assets/tiles/tilesnivel2/tilesplazadelsol333_1265.asset
 0.2 kb	 0.0% Assets/tiles/tilesnivel2/tilesplazadelsol333_1264.asset
 0.2 kb	 0.0% Assets/tiles/tilesnivel2/tilesplazadelsol333_1263.asset
 0.2 kb	 0.0% Assets/tiles/tilesnivel2/tilesplazadelsol333_1262.asset
 0.2 kb	 0.0% Assets/tiles/tilesnivel2/tilesplazadelsol333_1261.asset
 0.2 kb	 0.0% Assets/tiles/tilesnivel2/tilesplazadelsol333_1260.asset
 0.2 kb	 0.0% Assets/tiles/tilesnivel2/tilesplazadelsol333_126.asset
 0.2 kb	 0.0% Assets/tiles/tilesnivel2/tilesplazadelsol333_1259.asset
 0.2 kb	 0.0% Assets/tiles/tilesnivel2/tilesplazadelsol333_1258.asset
 0.2 kb	 0.0% Assets/tiles/tilesnivel2/tilesplazadelsol333_1257.asset
 0.2 kb	 0.0% Assets/tiles/tilesnivel2/tilesplazadelsol333_1256.asset
 0.2 kb	 0.0% Assets/tiles/tilesnivel2/tilesplazadelsol333_1255.asset
 0.2 kb	 0.0% Assets/tiles/tilesnivel2/tilesplazadelsol333_1254.asset
 0.2 kb	 0.0% Assets/tiles/tilesnivel2/tilesplazadelsol333_1253.asset
 0.2 kb	 0.0% Assets/tiles/tilesnivel2/tilesplazadelsol333_1252.asset
 0.2 kb	 0.0% Assets/tiles/tilesnivel2/tilesplazadelsol333_1251.asset
 0.2 kb	 0.0% Assets/tiles/tilesnivel2/tilesplazadelsol333_1250.asset
 0.2 kb	 0.0% Assets/tiles/tilesnivel2/tilesplazadelsol333_125.asset
 0.2 kb	 0.0% Assets/tiles/tilesnivel2/tilesplazadelsol333_1249.asset
 0.2 kb	 0.0% Assets/tiles/tilesnivel2/tilesplazadelsol333_1248.asset
 0.2 kb	 0.0% Assets/tiles/tilesnivel2/tilesplazadelsol333_1247.asset
 0.2 kb	 0.0% Assets/tiles/tilesnivel2/tilesplazadelsol333_1246.asset
 0.2 kb	 0.0% Assets/tiles/tilesnivel2/tilesplazadelsol333_1245.asset
 0.2 kb	 0.0% Assets/tiles/tilesnivel2/tilesplazadelsol333_1244.asset
 0.2 kb	 0.0% Assets/tiles/tilesnivel2/tilesplazadelsol333_1243.asset
 0.2 kb	 0.0% Assets/tiles/tilesnivel2/tilesplazadelsol333_1242.asset
 0.2 kb	 0.0% Assets/tiles/tilesnivel2/tilesplazadelsol333_1241.asset
 0.2 kb	 0.0% Assets/tiles/tilesnivel2/tilesplazadelsol333_1240.asset
 0.2 kb	 0.0% Assets/tiles/tilesnivel2/tilesplazadelsol333_124.asset
 0.2 kb	 0.0% Assets/tiles/tilesnivel2/tilesplazadelsol333_1239.asset
 0.2 kb	 0.0% Assets/tiles/tilesnivel2/tilesplazadelsol333_1238.asset
 0.2 kb	 0.0% Assets/tiles/tilesnivel2/tilesplazadelsol333_1237.asset
 0.2 kb	 0.0% Assets/tiles/tilesnivel2/tilesplazadelsol333_1236.asset
 0.2 kb	 0.0% Assets/tiles/tilesnivel2/tilesplazadelsol333_1235.asset
 0.2 kb	 0.0% Assets/tiles/tilesnivel2/tilesplazadelsol333_1234.asset
 0.2 kb	 0.0% Assets/tiles/tilesnivel2/tilesplazadelsol333_1233.asset
 0.2 kb	 0.0% Assets/tiles/tilesnivel2/tilesplazadelsol333_1232.asset
 0.2 kb	 0.0% Assets/tiles/tilesnivel2/tilesplazadelsol333_1231.asset
 0.2 kb	 0.0% Assets/tiles/tilesnivel2/tilesplazadelsol333_1230.asset
 0.2 kb	 0.0% Assets/tiles/tilesnivel2/tilesplazadelsol333_123.asset
 0.2 kb	 0.0% Assets/tiles/tilesnivel2/tilesplazadelsol333_122.asset
 0.2 kb	 0.0% Assets/tiles/tilesnivel2/tilesplazadelsol333_1218.asset
 0.2 kb	 0.0% Assets/tiles/tilesnivel2/tilesplazadelsol333_1217.asset
 0.2 kb	 0.0% Assets/tiles/tilesnivel2/tilesplazadelsol333_1216.asset
 0.2 kb	 0.0% Assets/tiles/tilesnivel2/tilesplazadelsol333_1215.asset
 0.2 kb	 0.0% Assets/tiles/tilesnivel2/tilesplazadelsol333_1214.asset
 0.2 kb	 0.0% Assets/tiles/tilesnivel2/tilesplazadelsol333_1213.asset
 0.2 kb	 0.0% Assets/tiles/tilesnivel2/tilesplazadelsol333_1212.asset
 0.2 kb	 0.0% Assets/tiles/tilesnivel2/tilesplazadelsol333_1211.asset
 0.2 kb	 0.0% Assets/tiles/tilesnivel2/tilesplazadelsol333_1210.asset
 0.2 kb	 0.0% Assets/tiles/tilesnivel2/tilesplazadelsol333_121.asset
 0.2 kb	 0.0% Assets/tiles/tilesnivel2/tilesplazadelsol333_1209.asset
 0.2 kb	 0.0% Assets/tiles/tilesnivel2/tilesplazadelsol333_1208.asset
 0.2 kb	 0.0% Assets/tiles/tilesnivel2/tilesplazadelsol333_1207.asset
 0.2 kb	 0.0% Assets/tiles/tilesnivel2/tilesplazadelsol333_1206.asset
 0.2 kb	 0.0% Assets/tiles/tilesnivel2/tilesplazadelsol333_1205.asset
 0.2 kb	 0.0% Assets/tiles/tilesnivel2/tilesplazadelsol333_1204.asset
 0.2 kb	 0.0% Assets/tiles/tilesnivel2/tilesplazadelsol333_1203.asset
 0.2 kb	 0.0% Assets/tiles/tilesnivel2/tilesplazadelsol333_1202.asset
 0.2 kb	 0.0% Assets/tiles/tilesnivel2/tilesplazadelsol333_1201.asset
 0.2 kb	 0.0% Assets/tiles/tilesnivel2/tilesplazadelsol333_1200.asset
 0.2 kb	 0.0% Assets/tiles/tilesnivel2/tilesplazadelsol333_120.asset
 0.2 kb	 0.0% Assets/tiles/tilesnivel2/tilesplazadelsol333_12.asset
 0.2 kb	 0.0% Assets/tiles/tilesnivel2/tilesplazadelsol333_1199.asset
 0.2 kb	 0.0% Assets/tiles/tilesnivel2/tilesplazadelsol333_1198.asset
 0.2 kb	 0.0% Assets/tiles/tilesnivel2/tilesplazadelsol333_1197.asset
 0.2 kb	 0.0% Assets/tiles/tilesnivel2/tilesplazadelsol333_1196.asset
 0.2 kb	 0.0% Assets/tiles/tilesnivel2/tilesplazadelsol333_1195.asset
 0.2 kb	 0.0% Assets/tiles/tilesnivel2/tilesplazadelsol333_1194.asset
 0.2 kb	 0.0% Assets/tiles/tilesnivel2/tilesplazadelsol333_1193.asset
 0.2 kb	 0.0% Assets/tiles/tilesnivel2/tilesplazadelsol333_1192.asset
 0.2 kb	 0.0% Assets/tiles/tilesnivel2/tilesplazadelsol333_1191.asset
 0.2 kb	 0.0% Assets/tiles/tilesnivel2/tilesplazadelsol333_1190.asset
 0.2 kb	 0.0% Assets/tiles/tilesnivel2/tilesplazadelsol333_119.asset
 0.2 kb	 0.0% Assets/tiles/tilesnivel2/tilesplazadelsol333_1189.asset
 0.2 kb	 0.0% Assets/tiles/tilesnivel2/tilesplazadelsol333_1188.asset
 0.2 kb	 0.0% Assets/tiles/tilesnivel2/tilesplazadelsol333_1187.asset
 0.2 kb	 0.0% Assets/tiles/tilesnivel2/tilesplazadelsol333_1186.asset
 0.2 kb	 0.0% Assets/tiles/tilesnivel2/tilesplazadelsol333_1185.asset
 0.2 kb	 0.0% Assets/tiles/tilesnivel2/tilesplazadelsol333_1184.asset
 0.2 kb	 0.0% Assets/tiles/tilesnivel2/tilesplazadelsol333_1183.asset
 0.2 kb	 0.0% Assets/tiles/tilesnivel2/tilesplazadelsol333_1182.asset
 0.2 kb	 0.0% Assets/tiles/tilesnivel2/tilesplazadelsol333_118.asset
 0.2 kb	 0.0% Assets/tiles/tilesnivel2/tilesplazadelsol333_1175.asset
 0.2 kb	 0.0% Assets/tiles/tilesnivel2/tilesplazadelsol333_1171.asset
 0.2 kb	 0.0% Assets/tiles/tilesnivel2/tilesplazadelsol333_1170.asset
 0.2 kb	 0.0% Assets/tiles/tilesnivel2/tilesplazadelsol333_117.asset
 0.2 kb	 0.0% Assets/tiles/tilesnivel2/tilesplazadelsol333_1169.asset
 0.2 kb	 0.0% Assets/tiles/tilesnivel2/tilesplazadelsol333_1168.asset
 0.2 kb	 0.0% Assets/tiles/tilesnivel2/tilesplazadelsol333_1165.asset
 0.2 kb	 0.0% Assets/tiles/tilesnivel2/tilesplazadelsol333_1164.asset
 0.2 kb	 0.0% Assets/tiles/tilesnivel2/tilesplazadelsol333_1163.asset
 0.2 kb	 0.0% Assets/tiles/tilesnivel2/tilesplazadelsol333_1162.asset
 0.2 kb	 0.0% Assets/tiles/tilesnivel2/tilesplazadelsol333_1161.asset
 0.2 kb	 0.0% Assets/tiles/tilesnivel2/tilesplazadelsol333_1160.asset
 0.2 kb	 0.0% Assets/tiles/tilesnivel2/tilesplazadelsol333_116.asset
 0.2 kb	 0.0% Assets/tiles/tilesnivel2/tilesplazadelsol333_1159.asset
 0.2 kb	 0.0% Assets/tiles/tilesnivel2/tilesplazadelsol333_1158.asset
 0.2 kb	 0.0% Assets/tiles/tilesnivel2/tilesplazadelsol333_1157.asset
 0.2 kb	 0.0% Assets/tiles/tilesnivel2/tilesplazadelsol333_1156.asset
 0.2 kb	 0.0% Assets/tiles/tilesnivel2/tilesplazadelsol333_1155.asset
 0.2 kb	 0.0% Assets/tiles/tilesnivel2/tilesplazadelsol333_1154.asset
 0.2 kb	 0.0% Assets/tiles/tilesnivel2/tilesplazadelsol333_1153.asset
 0.2 kb	 0.0% Assets/tiles/tilesnivel2/tilesplazadelsol333_1152.asset
 0.2 kb	 0.0% Assets/tiles/tilesnivel2/tilesplazadelsol333_1151.asset
 0.2 kb	 0.0% Assets/tiles/tilesnivel2/tilesplazadelsol333_1150.asset
 0.2 kb	 0.0% Assets/tiles/tilesnivel2/tilesplazadelsol333_1149.asset
 0.2 kb	 0.0% Assets/tiles/tilesnivel2/tilesplazadelsol333_1148.asset
 0.2 kb	 0.0% Assets/tiles/tilesnivel2/tilesplazadelsol333_1147.asset
 0.2 kb	 0.0% Assets/tiles/tilesnivel2/tilesplazadelsol333_1146.asset
 0.2 kb	 0.0% Assets/tiles/tilesnivel2/tilesplazadelsol333_1145.asset
 0.2 kb	 0.0% Assets/tiles/tilesnivel2/tilesplazadelsol333_1144.asset
 0.2 kb	 0.0% Assets/tiles/tilesnivel2/tilesplazadelsol333_1143.asset
 0.2 kb	 0.0% Assets/tiles/tilesnivel2/tilesplazadelsol333_1142.asset
 0.2 kb	 0.0% Assets/tiles/tilesnivel2/tilesplazadelsol333_1141.asset
 0.2 kb	 0.0% Assets/tiles/tilesnivel2/tilesplazadelsol333_1140.asset
 0.2 kb	 0.0% Assets/tiles/tilesnivel2/tilesplazadelsol333_1139.asset
 0.2 kb	 0.0% Assets/tiles/tilesnivel2/tilesplazadelsol333_1138.asset
 0.2 kb	 0.0% Assets/tiles/tilesnivel2/tilesplazadelsol333_1137.asset
 0.2 kb	 0.0% Assets/tiles/tilesnivel2/tilesplazadelsol333_1136.asset
 0.2 kb	 0.0% Assets/tiles/tilesnivel2/tilesplazadelsol333_1135.asset
 0.2 kb	 0.0% Assets/tiles/tilesnivel2/tilesplazadelsol333_1134.asset
 0.2 kb	 0.0% Assets/tiles/tilesnivel2/tilesplazadelsol333_1131.asset
 0.2 kb	 0.0% Assets/tiles/tilesnivel2/tilesplazadelsol333_1130.asset
 0.2 kb	 0.0% Assets/tiles/tilesnivel2/tilesplazadelsol333_1129.asset
 0.2 kb	 0.0% Assets/tiles/tilesnivel2/tilesplazadelsol333_1128.asset
 0.2 kb	 0.0% Assets/tiles/tilesnivel2/tilesplazadelsol333_1127.asset
 0.2 kb	 0.0% Assets/tiles/tilesnivel2/tilesplazadelsol333_1126.asset
 0.2 kb	 0.0% Assets/tiles/tilesnivel2/tilesplazadelsol333_1125.asset
 0.2 kb	 0.0% Assets/tiles/tilesnivel2/tilesplazadelsol333_1124.asset
 0.2 kb	 0.0% Assets/tiles/tilesnivel2/tilesplazadelsol333_1123.asset
 0.2 kb	 0.0% Assets/tiles/tilesnivel2/tilesplazadelsol333_1122.asset
 0.2 kb	 0.0% Assets/tiles/tilesnivel2/tilesplazadelsol333_1112.asset
 0.2 kb	 0.0% Assets/tiles/tilesnivel2/tilesplazadelsol333_1111.asset
 0.2 kb	 0.0% Assets/tiles/tilesnivel2/tilesplazadelsol333_1110.asset
 0.2 kb	 0.0% Assets/tiles/tilesnivel2/tilesplazadelsol333_1109.asset
 0.2 kb	 0.0% Assets/tiles/tilesnivel2/tilesplazadelsol333_1108.asset
 0.2 kb	 0.0% Assets/tiles/tilesnivel2/tilesplazadelsol333_1107.asset
 0.2 kb	 0.0% Assets/tiles/tilesnivel2/tilesplazadelsol333_1106.asset
 0.2 kb	 0.0% Assets/tiles/tilesnivel2/tilesplazadelsol333_1105.asset
 0.2 kb	 0.0% Assets/tiles/tilesnivel2/tilesplazadelsol333_1104.asset
 0.2 kb	 0.0% Assets/tiles/tilesnivel2/tilesplazadelsol333_1103.asset
 0.2 kb	 0.0% Assets/tiles/tilesnivel2/tilesplazadelsol333_1102.asset
 0.2 kb	 0.0% Assets/tiles/tilesnivel2/tilesplazadelsol333_1101.asset
 0.2 kb	 0.0% Assets/tiles/tilesnivel2/tilesplazadelsol333_1100.asset
 0.2 kb	 0.0% Assets/tiles/tilesnivel2/tilesplazadelsol333_11.asset
 0.2 kb	 0.0% Assets/tiles/tilesnivel2/tilesplazadelsol333_1099.asset
 0.2 kb	 0.0% Assets/tiles/tilesnivel2/tilesplazadelsol333_1098.asset
 0.2 kb	 0.0% Assets/tiles/tilesnivel2/tilesplazadelsol333_1097.asset
 0.2 kb	 0.0% Assets/tiles/tilesnivel2/tilesplazadelsol333_1096.asset
 0.2 kb	 0.0% Assets/tiles/tilesnivel2/tilesplazadelsol333_1095.asset
 0.2 kb	 0.0% Assets/tiles/tilesnivel2/tilesplazadelsol333_1094.asset
 0.2 kb	 0.0% Assets/tiles/tilesnivel2/tilesplazadelsol333_1093.asset
 0.2 kb	 0.0% Assets/tiles/tilesnivel2/tilesplazadelsol333_1092.asset
 0.2 kb	 0.0% Assets/tiles/tilesnivel2/tilesplazadelsol333_1091.asset
 0.2 kb	 0.0% Assets/tiles/tilesnivel2/tilesplazadelsol333_1090.asset
 0.2 kb	 0.0% Assets/tiles/tilesnivel2/tilesplazadelsol333_1089.asset
 0.2 kb	 0.0% Assets/tiles/tilesnivel2/tilesplazadelsol333_1088.asset
 0.2 kb	 0.0% Assets/tiles/tilesnivel2/tilesplazadelsol333_1087.asset
 0.2 kb	 0.0% Assets/tiles/tilesnivel2/tilesplazadelsol333_1086.asset
 0.2 kb	 0.0% Assets/tiles/tilesnivel2/tilesplazadelsol333_1083.asset
 0.2 kb	 0.0% Assets/tiles/tilesnivel2/tilesplazadelsol333_1082.asset
 0.2 kb	 0.0% Assets/tiles/tilesnivel2/tilesplazadelsol333_1081.asset
 0.2 kb	 0.0% Assets/tiles/tilesnivel2/tilesplazadelsol333_1080.asset
 0.2 kb	 0.0% Assets/tiles/tilesnivel2/tilesplazadelsol333_1079.asset
 0.2 kb	 0.0% Assets/tiles/tilesnivel2/tilesplazadelsol333_1078.asset
 0.2 kb	 0.0% Assets/tiles/tilesnivel2/tilesplazadelsol333_1077.asset
 0.2 kb	 0.0% Assets/tiles/tilesnivel2/tilesplazadelsol333_1076.asset
 0.2 kb	 0.0% Assets/tiles/tilesnivel2/tilesplazadelsol333_1075.asset
 0.2 kb	 0.0% Assets/tiles/tilesnivel2/tilesplazadelsol333_1074.asset
 0.2 kb	 0.0% Assets/tiles/tilesnivel2/tilesplazadelsol333_1073.asset
 0.2 kb	 0.0% Assets/tiles/tilesnivel2/tilesplazadelsol333_1072.asset
 0.2 kb	 0.0% Assets/tiles/tilesnivel2/tilesplazadelsol333_1071.asset
 0.2 kb	 0.0% Assets/tiles/tilesnivel2/tilesplazadelsol333_1070.asset
 0.2 kb	 0.0% Assets/tiles/tilesnivel2/tilesplazadelsol333_1069.asset
 0.2 kb	 0.0% Assets/tiles/tilesnivel2/tilesplazadelsol333_1068.asset
 0.2 kb	 0.0% Assets/tiles/tilesnivel2/tilesplazadelsol333_1067.asset
 0.2 kb	 0.0% Assets/tiles/tilesnivel2/tilesplazadelsol333_1066.asset
 0.2 kb	 0.0% Assets/tiles/tilesnivel2/tilesplazadelsol333_1065.asset
 0.2 kb	 0.0% Assets/tiles/tilesnivel2/tilesplazadelsol333_1064.asset
 0.2 kb	 0.0% Assets/tiles/tilesnivel2/tilesplazadelsol333_1063.asset
 0.2 kb	 0.0% Assets/tiles/tilesnivel2/tilesplazadelsol333_1062.asset
 0.2 kb	 0.0% Assets/tiles/tilesnivel2/tilesplazadelsol333_1061.asset
 0.2 kb	 0.0% Assets/tiles/tilesnivel2/tilesplazadelsol333_1060.asset
 0.2 kb	 0.0% Assets/tiles/tilesnivel2/tilesplazadelsol333_1059.asset
 0.2 kb	 0.0% Assets/tiles/tilesnivel2/tilesplazadelsol333_1058.asset
 0.2 kb	 0.0% Assets/tiles/tilesnivel2/tilesplazadelsol333_1057.asset
 0.2 kb	 0.0% Assets/tiles/tilesnivel2/tilesplazadelsol333_1056.asset
 0.2 kb	 0.0% Assets/tiles/tilesnivel2/tilesplazadelsol333_1055.asset
 0.2 kb	 0.0% Assets/tiles/tilesnivel2/tilesplazadelsol333_1054.asset
 0.2 kb	 0.0% Assets/tiles/tilesnivel2/tilesplazadelsol333_1053.asset
 0.2 kb	 0.0% Assets/tiles/tilesnivel2/tilesplazadelsol333_1052.asset
 0.2 kb	 0.0% Assets/tiles/tilesnivel2/tilesplazadelsol333_1051.asset
 0.2 kb	 0.0% Assets/tiles/tilesnivel2/tilesplazadelsol333_1050.asset
 0.2 kb	 0.0% Assets/tiles/tilesnivel2/tilesplazadelsol333_1049.asset
 0.2 kb	 0.0% Assets/tiles/tilesnivel2/tilesplazadelsol333_1048.asset
 0.2 kb	 0.0% Assets/tiles/tilesnivel2/tilesplazadelsol333_1047.asset
 0.2 kb	 0.0% Assets/tiles/tilesnivel2/tilesplazadelsol333_1046.asset
 0.2 kb	 0.0% Assets/tiles/tilesnivel2/tilesplazadelsol333_1045.asset
 0.2 kb	 0.0% Assets/tiles/tilesnivel2/tilesplazadelsol333_1044.asset
 0.2 kb	 0.0% Assets/tiles/tilesnivel2/tilesplazadelsol333_1043.asset
 0.2 kb	 0.0% Assets/tiles/tilesnivel2/tilesplazadelsol333_1042.asset
 0.2 kb	 0.0% Assets/tiles/tilesnivel2/tilesplazadelsol333_1041.asset
 0.2 kb	 0.0% Assets/tiles/tilesnivel2/tilesplazadelsol333_1040.asset
 0.2 kb	 0.0% Assets/tiles/tilesnivel2/tilesplazadelsol333_1039.asset
 0.2 kb	 0.0% Assets/tiles/tilesnivel2/tilesplazadelsol333_1038.asset
 0.2 kb	 0.0% Assets/tiles/tilesnivel2/tilesplazadelsol333_1037.asset
 0.2 kb	 0.0% Assets/tiles/tilesnivel2/tilesplazadelsol333_1036.asset
 0.2 kb	 0.0% Assets/tiles/tilesnivel2/tilesplazadelsol333_1035.asset
 0.2 kb	 0.0% Assets/tiles/tilesnivel2/tilesplazadelsol333_1034.asset
 0.2 kb	 0.0% Assets/tiles/tilesnivel2/tilesplazadelsol333_1033.asset
 0.2 kb	 0.0% Assets/tiles/tilesnivel2/tilesplazadelsol333_1032.asset
 0.2 kb	 0.0% Assets/tiles/tilesnivel2/tilesplazadelsol333_1031.asset
 0.2 kb	 0.0% Assets/tiles/tilesnivel2/tilesplazadelsol333_1030.asset
 0.2 kb	 0.0% Assets/tiles/tilesnivel2/tilesplazadelsol333_1029.asset
 0.2 kb	 0.0% Assets/tiles/tilesnivel2/tilesplazadelsol333_1028.asset
 0.2 kb	 0.0% Assets/tiles/tilesnivel2/tilesplazadelsol333_1027.asset
 0.2 kb	 0.0% Assets/tiles/tilesnivel2/tilesplazadelsol333_1026.asset
 0.2 kb	 0.0% Assets/tiles/tilesnivel2/tilesplazadelsol333_1025.asset
 0.2 kb	 0.0% Assets/tiles/tilesnivel2/tilesplazadelsol333_1024.asset
 0.2 kb	 0.0% Assets/tiles/tilesnivel2/tilesplazadelsol333_1023.asset
 0.2 kb	 0.0% Assets/tiles/tilesnivel2/tilesplazadelsol333_1022.asset
 0.2 kb	 0.0% Assets/tiles/tilesnivel2/tilesplazadelsol333_1021.asset
 0.2 kb	 0.0% Assets/tiles/tilesnivel2/tilesplazadelsol333_1020.asset
 0.2 kb	 0.0% Assets/tiles/tilesnivel2/tilesplazadelsol333_102.asset
 0.2 kb	 0.0% Assets/tiles/tilesnivel2/tilesplazadelsol333_1019.asset
 0.2 kb	 0.0% Assets/tiles/tilesnivel2/tilesplazadelsol333_1018.asset
 0.2 kb	 0.0% Assets/tiles/tilesnivel2/tilesplazadelsol333_1017.asset
 0.2 kb	 0.0% Assets/tiles/tilesnivel2/tilesplazadelsol333_1016.asset
 0.2 kb	 0.0% Assets/tiles/tilesnivel2/tilesplazadelsol333_1015.asset
 0.2 kb	 0.0% Assets/tiles/tilesnivel2/tilesplazadelsol333_1014.asset
 0.2 kb	 0.0% Assets/tiles/tilesnivel2/tilesplazadelsol333_1013.asset
 0.2 kb	 0.0% Assets/tiles/tilesnivel2/tilesplazadelsol333_1012.asset
 0.2 kb	 0.0% Assets/tiles/tilesnivel2/tilesplazadelsol333_1011.asset
 0.2 kb	 0.0% Assets/tiles/tilesnivel2/tilesplazadelsol333_1010.asset
 0.2 kb	 0.0% Assets/tiles/tilesnivel2/tilesplazadelsol333_101.asset
 0.2 kb	 0.0% Assets/tiles/tilesnivel2/tilesplazadelsol333_1009.asset
 0.2 kb	 0.0% Assets/tiles/tilesnivel2/tilesplazadelsol333_1008.asset
 0.2 kb	 0.0% Assets/tiles/tilesnivel2/tilesplazadelsol333_1007.asset
 0.2 kb	 0.0% Assets/tiles/tilesnivel2/tilesplazadelsol333_1006.asset
 0.2 kb	 0.0% Assets/tiles/tilesnivel2/tilesplazadelsol333_1005.asset
 0.2 kb	 0.0% Assets/tiles/tilesnivel2/tilesplazadelsol333_1004.asset
 0.2 kb	 0.0% Assets/tiles/tilesnivel2/tilesplazadelsol333_1003.asset
 0.2 kb	 0.0% Assets/tiles/tilesnivel2/tilesplazadelsol333_1002.asset
 0.2 kb	 0.0% Assets/tiles/tilesnivel2/tilesplazadelsol333_1001.asset
 0.2 kb	 0.0% Assets/tiles/tilesnivel2/tilesplazadelsol333_1000.asset
 0.2 kb	 0.0% Assets/tiles/tilesnivel2/tilesplazadelsol333_100.asset
 0.2 kb	 0.0% Assets/tiles/tilesnivel2/tilesplazadelsol333_10.asset
 0.2 kb	 0.0% Assets/tiles/tilesnivel2/tilesplazadelsol333_1.asset
 0.2 kb	 0.0% Assets/tiles/tilesnivel2/tilesplazadelsol333_0.asset
 0.2 kb	 0.0% Assets/tiles/tilesnivel2/tileolimpicapuente_999.asset
 0.2 kb	 0.0% Assets/tiles/tilesnivel2/tileolimpicapuente_998.asset
 0.2 kb	 0.0% Assets/tiles/tilesnivel2/tileolimpicapuente_997.asset
 0.2 kb	 0.0% Assets/tiles/tilesnivel2/tileolimpicapuente_996.asset
 0.2 kb	 0.0% Assets/tiles/tilesnivel2/tileolimpicapuente_995.asset
 0.2 kb	 0.0% Assets/tiles/tilesnivel2/tileolimpicapuente_994.asset
 0.2 kb	 0.0% Assets/tiles/tilesnivel2/tileolimpicapuente_992.asset
 0.2 kb	 0.0% Assets/tiles/tilesnivel2/tileolimpicapuente_991.asset
 0.2 kb	 0.0% Assets/tiles/tilesnivel2/tileolimpicapuente_990.asset
 0.2 kb	 0.0% Assets/tiles/tilesnivel2/tileolimpicapuente_989.asset
 0.2 kb	 0.0% Assets/tiles/tilesnivel2/tileolimpicapuente_988.asset
 0.2 kb	 0.0% Assets/tiles/tilesnivel2/tileolimpicapuente_954.asset
 0.2 kb	 0.0% Assets/tiles/tilesnivel2/tileolimpicapuente_953.asset
 0.2 kb	 0.0% Assets/tiles/tilesnivel2/tileolimpicapuente_952.asset
 0.2 kb	 0.0% Assets/tiles/tilesnivel2/tileolimpicapuente_951.asset
 0.2 kb	 0.0% Assets/tiles/tilesnivel2/tileolimpicapuente_950.asset
 0.2 kb	 0.0% Assets/tiles/tilesnivel2/tileolimpicapuente_95.asset
 0.2 kb	 0.0% Assets/tiles/tilesnivel2/tileolimpicapuente_949.asset
 0.2 kb	 0.0% Assets/tiles/tilesnivel2/tileolimpicapuente_948.asset
 0.2 kb	 0.0% Assets/tiles/tilesnivel2/tileolimpicapuente_947.asset
 0.2 kb	 0.0% Assets/tiles/tilesnivel2/tileolimpicapuente_946.asset
 0.2 kb	 0.0% Assets/tiles/tilesnivel2/tileolimpicapuente_944.asset
 0.2 kb	 0.0% Assets/tiles/tilesnivel2/tileolimpicapuente_943.asset
 0.2 kb	 0.0% Assets/tiles/tilesnivel2/tileolimpicapuente_942.asset
 0.2 kb	 0.0% Assets/tiles/tilesnivel2/tileolimpicapuente_941.asset
 0.2 kb	 0.0% Assets/tiles/tilesnivel2/tileolimpicapuente_940.asset
 0.2 kb	 0.0% Assets/tiles/tilesnivel2/tileolimpicapuente_94.asset
 0.2 kb	 0.0% Assets/tiles/tilesnivel2/tileolimpicapuente_939.asset
 0.2 kb	 0.0% Assets/tiles/tilesnivel2/tileolimpicapuente_938.asset
 0.2 kb	 0.0% Assets/tiles/tilesnivel2/tileolimpicapuente_937.asset
 0.2 kb	 0.0% Assets/tiles/tilesnivel2/tileolimpicapuente_936.asset
 0.2 kb	 0.0% Assets/tiles/tilesnivel2/tileolimpicapuente_935.asset
 0.2 kb	 0.0% Assets/tiles/tilesnivel2/tileolimpicapuente_934.asset
 0.2 kb	 0.0% Assets/tiles/tilesnivel2/tileolimpicapuente_933.asset
 0.2 kb	 0.0% Assets/tiles/tilesnivel2/tileolimpicapuente_932.asset
 0.2 kb	 0.0% Assets/tiles/tilesnivel2/tileolimpicapuente_931.asset
 0.2 kb	 0.0% Assets/tiles/tilesnivel2/tileolimpicapuente_930.asset
 0.2 kb	 0.0% Assets/tiles/tilesnivel2/tileolimpicapuente_93.asset
 0.2 kb	 0.0% Assets/tiles/tilesnivel2/tileolimpicapuente_929.asset
 0.2 kb	 0.0% Assets/tiles/tilesnivel2/tileolimpicapuente_928.asset
 0.2 kb	 0.0% Assets/tiles/tilesnivel2/tileolimpicapuente_92.asset
 0.2 kb	 0.0% Assets/tiles/tilesnivel2/tileolimpicapuente_91.asset
 0.2 kb	 0.0% Assets/tiles/tilesnivel2/tileolimpicapuente_906.asset
 0.2 kb	 0.0% Assets/tiles/tilesnivel2/tileolimpicapuente_905.asset
 0.2 kb	 0.0% Assets/tiles/tilesnivel2/tileolimpicapuente_904.asset
 0.2 kb	 0.0% Assets/tiles/tilesnivel2/tileolimpicapuente_903.asset
 0.2 kb	 0.0% Assets/tiles/tilesnivel2/tileolimpicapuente_902.asset
 0.2 kb	 0.0% Assets/tiles/tilesnivel2/tileolimpicapuente_901.asset
 0.2 kb	 0.0% Assets/tiles/tilesnivel2/tileolimpicapuente_900.asset
 0.2 kb	 0.0% Assets/tiles/tilesnivel2/tileolimpicapuente_90.asset
 0.2 kb	 0.0% Assets/tiles/tilesnivel2/tileolimpicapuente_899.asset
 0.2 kb	 0.0% Assets/tiles/tilesnivel2/tileolimpicapuente_898.asset
 0.2 kb	 0.0% Assets/tiles/tilesnivel2/tileolimpicapuente_896.asset
 0.2 kb	 0.0% Assets/tiles/tilesnivel2/tileolimpicapuente_895.asset
 0.2 kb	 0.0% Assets/tiles/tilesnivel2/tileolimpicapuente_894.asset
 0.2 kb	 0.0% Assets/tiles/tilesnivel2/tileolimpicapuente_893.asset
 0.2 kb	 0.0% Assets/tiles/tilesnivel2/tileolimpicapuente_892.asset
 0.2 kb	 0.0% Assets/tiles/tilesnivel2/tileolimpicapuente_891.asset
 0.2 kb	 0.0% Assets/tiles/tilesnivel2/tileolimpicapuente_890.asset
 0.2 kb	 0.0% Assets/tiles/tilesnivel2/tileolimpicapuente_89.asset
 0.2 kb	 0.0% Assets/tiles/tilesnivel2/tileolimpicapuente_889.asset
 0.2 kb	 0.0% Assets/tiles/tilesnivel2/tileolimpicapuente_888.asset
 0.2 kb	 0.0% Assets/tiles/tilesnivel2/tileolimpicapuente_887.asset
 0.2 kb	 0.0% Assets/tiles/tilesnivel2/tileolimpicapuente_886.asset
 0.2 kb	 0.0% Assets/tiles/tilesnivel2/tileolimpicapuente_885.asset
 0.2 kb	 0.0% Assets/tiles/tilesnivel2/tileolimpicapuente_884.asset
 0.2 kb	 0.0% Assets/tiles/tilesnivel2/tileolimpicapuente_883.asset
 0.2 kb	 0.0% Assets/tiles/tilesnivel2/tileolimpicapuente_882.asset
 0.2 kb	 0.0% Assets/tiles/tilesnivel2/tileolimpicapuente_881.asset
 0.2 kb	 0.0% Assets/tiles/tilesnivel2/tileolimpicapuente_880.asset
 0.2 kb	 0.0% Assets/tiles/tilesnivel2/tileolimpicapuente_88.asset
 0.2 kb	 0.0% Assets/tiles/tilesnivel2/tileolimpicapuente_878.asset
 0.2 kb	 0.0% Assets/tiles/tilesnivel2/tileolimpicapuente_87.asset
 0.2 kb	 0.0% Assets/tiles/tilesnivel2/tileolimpicapuente_86.asset
 0.2 kb	 0.0% Assets/tiles/tilesnivel2/tileolimpicapuente_858.asset
 0.2 kb	 0.0% Assets/tiles/tilesnivel2/tileolimpicapuente_857.asset
 0.2 kb	 0.0% Assets/tiles/tilesnivel2/tileolimpicapuente_855.asset
 0.2 kb	 0.0% Assets/tiles/tilesnivel2/tileolimpicapuente_85.asset
 0.2 kb	 0.0% Assets/tiles/tilesnivel2/tileolimpicapuente_848.asset
 0.2 kb	 0.0% Assets/tiles/tilesnivel2/tileolimpicapuente_847.asset
 0.2 kb	 0.0% Assets/tiles/tilesnivel2/tileolimpicapuente_846.asset
 0.2 kb	 0.0% Assets/tiles/tilesnivel2/tileolimpicapuente_845.asset
 0.2 kb	 0.0% Assets/tiles/tilesnivel2/tileolimpicapuente_844.asset
 0.2 kb	 0.0% Assets/tiles/tilesnivel2/tileolimpicapuente_843.asset
 0.2 kb	 0.0% Assets/tiles/tilesnivel2/tileolimpicapuente_842.asset
 0.2 kb	 0.0% Assets/tiles/tilesnivel2/tileolimpicapuente_841.asset
 0.2 kb	 0.0% Assets/tiles/tilesnivel2/tileolimpicapuente_840.asset
 0.2 kb	 0.0% Assets/tiles/tilesnivel2/tileolimpicapuente_84.asset
 0.2 kb	 0.0% Assets/tiles/tilesnivel2/tileolimpicapuente_839.asset
 0.2 kb	 0.0% Assets/tiles/tilesnivel2/tileolimpicapuente_838.asset
 0.2 kb	 0.0% Assets/tiles/tilesnivel2/tileolimpicapuente_837.asset
 0.2 kb	 0.0% Assets/tiles/tilesnivel2/tileolimpicapuente_836.asset
 0.2 kb	 0.0% Assets/tiles/tilesnivel2/tileolimpicapuente_835.asset
 0.2 kb	 0.0% Assets/tiles/tilesnivel2/tileolimpicapuente_834.asset
 0.2 kb	 0.0% Assets/tiles/tilesnivel2/tileolimpicapuente_833.asset
 0.2 kb	 0.0% Assets/tiles/tilesnivel2/tileolimpicapuente_832.asset
 0.2 kb	 0.0% Assets/tiles/tilesnivel2/tileolimpicapuente_83.asset
 0.2 kb	 0.0% Assets/tiles/tilesnivel2/tileolimpicapuente_82.asset
 0.2 kb	 0.0% Assets/tiles/tilesnivel2/tileolimpicapuente_81.asset
 0.2 kb	 0.0% Assets/tiles/tilesnivel2/tileolimpicapuente_804.asset
 0.2 kb	 0.0% Assets/tiles/tilesnivel2/tileolimpicapuente_80.asset
 0.2 kb	 0.0% Assets/tiles/tilesnivel2/tileolimpicapuente_79.asset
 0.2 kb	 0.0% Assets/tiles/tilesnivel2/tileolimpicapuente_78.asset
 0.2 kb	 0.0% Assets/tiles/tilesnivel2/tileolimpicapuente_742.asset
 0.2 kb	 0.0% Assets/tiles/tilesnivel2/tileolimpicapuente_740.asset
 0.2 kb	 0.0% Assets/tiles/tilesnivel2/tileolimpicapuente_694.asset
 0.2 kb	 0.0% Assets/tiles/tilesnivel2/tileolimpicapuente_640.asset
 0.2 kb	 0.0% Assets/tiles/tilesnivel2/tileolimpicapuente_639.asset
 0.2 kb	 0.0% Assets/tiles/tilesnivel2/tileolimpicapuente_638.asset
 0.2 kb	 0.0% Assets/tiles/tilesnivel2/tileolimpicapuente_637.asset
 0.2 kb	 0.0% Assets/tiles/tilesnivel2/tileolimpicapuente_636.asset
 0.2 kb	 0.0% Assets/tiles/tilesnivel2/tileolimpicapuente_635.asset
 0.2 kb	 0.0% Assets/tiles/tilesnivel2/tileolimpicapuente_634.asset
 0.2 kb	 0.0% Assets/tiles/tilesnivel2/tileolimpicapuente_632.asset
 0.2 kb	 0.0% Assets/tiles/tilesnivel2/tileolimpicapuente_629.asset
 0.2 kb	 0.0% Assets/tiles/tilesnivel2/tileolimpicapuente_610.asset
 0.2 kb	 0.0% Assets/tiles/tilesnivel2/tileolimpicapuente_516.asset
 0.2 kb	 0.0% Assets/tiles/tilesnivel2/tileolimpicapuente_513.asset
 0.2 kb	 0.0% Assets/tiles/tilesnivel2/tileolimpicapuente_512.asset
 0.2 kb	 0.0% Assets/tiles/tilesnivel2/tileolimpicapuente_511.asset
 0.2 kb	 0.0% Assets/tiles/tilesnivel2/tileolimpicapuente_510.asset
 0.2 kb	 0.0% Assets/tiles/tilesnivel2/tileolimpicapuente_47.asset
 0.2 kb	 0.0% Assets/tiles/tilesnivel2/tileolimpicapuente_466.asset
 0.2 kb	 0.0% Assets/tiles/tilesnivel2/tileolimpicapuente_465.asset
 0.2 kb	 0.0% Assets/tiles/tilesnivel2/tileolimpicapuente_464.asset
 0.2 kb	 0.0% Assets/tiles/tilesnivel2/tileolimpicapuente_463.asset
 0.2 kb	 0.0% Assets/tiles/tilesnivel2/tileolimpicapuente_462.asset
 0.2 kb	 0.0% Assets/tiles/tilesnivel2/tileolimpicapuente_46.asset
 0.2 kb	 0.0% Assets/tiles/tilesnivel2/tileolimpicapuente_45.asset
 0.2 kb	 0.0% Assets/tiles/tilesnivel2/tileolimpicapuente_44.asset
 0.2 kb	 0.0% Assets/tiles/tilesnivel2/tileolimpicapuente_43.asset
 0.2 kb	 0.0% Assets/tiles/tilesnivel2/tileolimpicapuente_426.asset
 0.2 kb	 0.0% Assets/tiles/tilesnivel2/tileolimpicapuente_425.asset
 0.2 kb	 0.0% Assets/tiles/tilesnivel2/tileolimpicapuente_424.asset
 0.2 kb	 0.0% Assets/tiles/tilesnivel2/tileolimpicapuente_423.asset
 0.2 kb	 0.0% Assets/tiles/tilesnivel2/tileolimpicapuente_422.asset
 0.2 kb	 0.0% Assets/tiles/tilesnivel2/tileolimpicapuente_421.asset
 0.2 kb	 0.0% Assets/tiles/tilesnivel2/tileolimpicapuente_420.asset
 0.2 kb	 0.0% Assets/tiles/tilesnivel2/tileolimpicapuente_42.asset
 0.2 kb	 0.0% Assets/tiles/tilesnivel2/tileolimpicapuente_419.asset
 0.2 kb	 0.0% Assets/tiles/tilesnivel2/tileolimpicapuente_418.asset
 0.2 kb	 0.0% Assets/tiles/tilesnivel2/tileolimpicapuente_417.asset
 0.2 kb	 0.0% Assets/tiles/tilesnivel2/tileolimpicapuente_416.asset
 0.2 kb	 0.0% Assets/tiles/tilesnivel2/tileolimpicapuente_415.asset
 0.2 kb	 0.0% Assets/tiles/tilesnivel2/tileolimpicapuente_41.asset
 0.2 kb	 0.0% Assets/tiles/tilesnivel2/tileolimpicapuente_40.asset
 0.2 kb	 0.0% Assets/tiles/tilesnivel2/tileolimpicapuente_39.asset
 0.2 kb	 0.0% Assets/tiles/tilesnivel2/tileolimpicapuente_38.asset
 0.2 kb	 0.0% Assets/tiles/tilesnivel2/tileolimpicapuente_379.asset
 0.2 kb	 0.0% Assets/tiles/tilesnivel2/tileolimpicapuente_378.asset
 0.2 kb	 0.0% Assets/tiles/tilesnivel2/tileolimpicapuente_377.asset
 0.2 kb	 0.0% Assets/tiles/tilesnivel2/tileolimpicapuente_376.asset
 0.2 kb	 0.0% Assets/tiles/tilesnivel2/tileolimpicapuente_375.asset
 0.2 kb	 0.0% Assets/tiles/tilesnivel2/tileolimpicapuente_374.asset
 0.2 kb	 0.0% Assets/tiles/tilesnivel2/tileolimpicapuente_373.asset
 0.2 kb	 0.0% Assets/tiles/tilesnivel2/tileolimpicapuente_372.asset
 0.2 kb	 0.0% Assets/tiles/tilesnivel2/tileolimpicapuente_371.asset
 0.2 kb	 0.0% Assets/tiles/tilesnivel2/tileolimpicapuente_370.asset
 0.2 kb	 0.0% Assets/tiles/tilesnivel2/tileolimpicapuente_37.asset
 0.2 kb	 0.0% Assets/tiles/tilesnivel2/tileolimpicapuente_369.asset
 0.2 kb	 0.0% Assets/tiles/tilesnivel2/tileolimpicapuente_368.asset
 0.2 kb	 0.0% Assets/tiles/tilesnivel2/tileolimpicapuente_367.asset
 0.2 kb	 0.0% Assets/tiles/tilesnivel2/tileolimpicapuente_366.asset
 0.2 kb	 0.0% Assets/tiles/tilesnivel2/tileolimpicapuente_36.asset
 0.2 kb	 0.0% Assets/tiles/tilesnivel2/tileolimpicapuente_35.asset
 0.2 kb	 0.0% Assets/tiles/tilesnivel2/tileolimpicapuente_34.asset
 0.2 kb	 0.0% Assets/tiles/tilesnivel2/tileolimpicapuente_331.asset
 0.2 kb	 0.0% Assets/tiles/tilesnivel2/tileolimpicapuente_330.asset
 0.2 kb	 0.0% Assets/tiles/tilesnivel2/tileolimpicapuente_33.asset
 0.2 kb	 0.0% Assets/tiles/tilesnivel2/tileolimpicapuente_329.asset
 0.2 kb	 0.0% Assets/tiles/tilesnivel2/tileolimpicapuente_328.asset
 0.2 kb	 0.0% Assets/tiles/tilesnivel2/tileolimpicapuente_327.asset
 0.2 kb	 0.0% Assets/tiles/tilesnivel2/tileolimpicapuente_326.asset
 0.2 kb	 0.0% Assets/tiles/tilesnivel2/tileolimpicapuente_325.asset
 0.2 kb	 0.0% Assets/tiles/tilesnivel2/tileolimpicapuente_324.asset
 0.2 kb	 0.0% Assets/tiles/tilesnivel2/tileolimpicapuente_323.asset
 0.2 kb	 0.0% Assets/tiles/tilesnivel2/tileolimpicapuente_322.asset
 0.2 kb	 0.0% Assets/tiles/tilesnivel2/tileolimpicapuente_321.asset
 0.2 kb	 0.0% Assets/tiles/tilesnivel2/tileolimpicapuente_320.asset
 0.2 kb	 0.0% Assets/tiles/tilesnivel2/tileolimpicapuente_32.asset
 0.2 kb	 0.0% Assets/tiles/tilesnivel2/tileolimpicapuente_319.asset
 0.2 kb	 0.0% Assets/tiles/tilesnivel2/tileolimpicapuente_318.asset
 0.2 kb	 0.0% Assets/tiles/tilesnivel2/tileolimpicapuente_31.asset
 0.2 kb	 0.0% Assets/tiles/tilesnivel2/tileolimpicapuente_30.asset
 0.2 kb	 0.0% Assets/tiles/tilesnivel2/tileolimpicapuente_283.asset
 0.2 kb	 0.0% Assets/tiles/tilesnivel2/tileolimpicapuente_282.asset
 0.2 kb	 0.0% Assets/tiles/tilesnivel2/tileolimpicapuente_281.asset
 0.2 kb	 0.0% Assets/tiles/tilesnivel2/tileolimpicapuente_280.asset
 0.2 kb	 0.0% Assets/tiles/tilesnivel2/tileolimpicapuente_279.asset
 0.2 kb	 0.0% Assets/tiles/tilesnivel2/tileolimpicapuente_278.asset
 0.2 kb	 0.0% Assets/tiles/tilesnivel2/tileolimpicapuente_277.asset
 0.2 kb	 0.0% Assets/tiles/tilesnivel2/tileolimpicapuente_276.asset
 0.2 kb	 0.0% Assets/tiles/tilesnivel2/tileolimpicapuente_275.asset
 0.2 kb	 0.0% Assets/tiles/tilesnivel2/tileolimpicapuente_274.asset
 0.2 kb	 0.0% Assets/tiles/tilesnivel2/tileolimpicapuente_273.asset
 0.2 kb	 0.0% Assets/tiles/tilesnivel2/tileolimpicapuente_272.asset
 0.2 kb	 0.0% Assets/tiles/tilesnivel2/tileolimpicapuente_271.asset
 0.2 kb	 0.0% Assets/tiles/tilesnivel2/tileolimpicapuente_270.asset
 0.2 kb	 0.0% Assets/tiles/tilesnivel2/tileolimpicapuente_239.asset
 0.2 kb	 0.0% Assets/tiles/tilesnivel2/tileolimpicapuente_238.asset
 0.2 kb	 0.0% Assets/tiles/tilesnivel2/tileolimpicapuente_237.asset
 0.2 kb	 0.0% Assets/tiles/tilesnivel2/tileolimpicapuente_236.asset
 0.2 kb	 0.0% Assets/tiles/tilesnivel2/tileolimpicapuente_235.asset
 0.2 kb	 0.0% Assets/tiles/tilesnivel2/tileolimpicapuente_234.asset
 0.2 kb	 0.0% Assets/tiles/tilesnivel2/tileolimpicapuente_233.asset
 0.2 kb	 0.0% Assets/tiles/tilesnivel2/tileolimpicapuente_232.asset
 0.2 kb	 0.0% Assets/tiles/tilesnivel2/tileolimpicapuente_231.asset
 0.2 kb	 0.0% Assets/tiles/tilesnivel2/tileolimpicapuente_230.asset
 0.2 kb	 0.0% Assets/tiles/tilesnivel2/tileolimpicapuente_229.asset
 0.2 kb	 0.0% Assets/tiles/tilesnivel2/tileolimpicapuente_228.asset
 0.2 kb	 0.0% Assets/tiles/tilesnivel2/tileolimpicapuente_227.asset
 0.2 kb	 0.0% Assets/tiles/tilesnivel2/tileolimpicapuente_226.asset
 0.2 kb	 0.0% Assets/tiles/tilesnivel2/tileolimpicapuente_225.asset
 0.2 kb	 0.0% Assets/tiles/tilesnivel2/tileolimpicapuente_224.asset
 0.2 kb	 0.0% Assets/tiles/tilesnivel2/tileolimpicapuente_223.asset
 0.2 kb	 0.0% Assets/tiles/tilesnivel2/tileolimpicapuente_222.asset
 0.2 kb	 0.0% Assets/tiles/tilesnivel2/tileolimpicapuente_191.asset
 0.2 kb	 0.0% Assets/tiles/tilesnivel2/tileolimpicapuente_190.asset
 0.2 kb	 0.0% Assets/tiles/tilesnivel2/tileolimpicapuente_189.asset
 0.2 kb	 0.0% Assets/tiles/tilesnivel2/tileolimpicapuente_188.asset
 0.2 kb	 0.0% Assets/tiles/tilesnivel2/tileolimpicapuente_187.asset
 0.2 kb	 0.0% Assets/tiles/tilesnivel2/tileolimpicapuente_186.asset
 0.2 kb	 0.0% Assets/tiles/tilesnivel2/tileolimpicapuente_185.asset
 0.2 kb	 0.0% Assets/tiles/tilesnivel2/tileolimpicapuente_184.asset
 0.2 kb	 0.0% Assets/tiles/tilesnivel2/tileolimpicapuente_183.asset
 0.2 kb	 0.0% Assets/tiles/tilesnivel2/tileolimpicapuente_182.asset
 0.2 kb	 0.0% Assets/tiles/tilesnivel2/tileolimpicapuente_181.asset
 0.2 kb	 0.0% Assets/tiles/tilesnivel2/tileolimpicapuente_180.asset
 0.2 kb	 0.0% Assets/tiles/tilesnivel2/tileolimpicapuente_179.asset
 0.2 kb	 0.0% Assets/tiles/tilesnivel2/tileolimpicapuente_178.asset
 0.2 kb	 0.0% Assets/tiles/tilesnivel2/tileolimpicapuente_177.asset
 0.2 kb	 0.0% Assets/tiles/tilesnivel2/tileolimpicapuente_176.asset
 0.2 kb	 0.0% Assets/tiles/tilesnivel2/tileolimpicapuente_175.asset
 0.2 kb	 0.0% Assets/tiles/tilesnivel2/tileolimpicapuente_174.asset
 0.2 kb	 0.0% Assets/tiles/tilesnivel2/tileolimpicapuente_1480.asset
 0.2 kb	 0.0% Assets/tiles/tilesnivel2/tileolimpicapuente_1475.asset
 0.2 kb	 0.0% Assets/tiles/tilesnivel2/tileolimpicapuente_1474.asset
 0.2 kb	 0.0% Assets/tiles/tilesnivel2/tileolimpicapuente_1473.asset
 0.2 kb	 0.0% Assets/tiles/tilesnivel2/tileolimpicapuente_1472.asset
 0.2 kb	 0.0% Assets/tiles/tilesnivel2/tileolimpicapuente_1471.asset
 0.2 kb	 0.0% Assets/tiles/tilesnivel2/tileolimpicapuente_1470.asset
 0.2 kb	 0.0% Assets/tiles/tilesnivel2/tileolimpicapuente_1469.asset
 0.2 kb	 0.0% Assets/tiles/tilesnivel2/tileolimpicapuente_1468.asset
 0.2 kb	 0.0% Assets/tiles/tilesnivel2/tileolimpicapuente_1467.asset
 0.2 kb	 0.0% Assets/tiles/tilesnivel2/tileolimpicapuente_1466.asset
 0.2 kb	 0.0% Assets/tiles/tilesnivel2/tileolimpicapuente_1465.asset
 0.2 kb	 0.0% Assets/tiles/tilesnivel2/tileolimpicapuente_1464.asset
 0.2 kb	 0.0% Assets/tiles/tilesnivel2/tileolimpicapuente_1463.asset
 0.2 kb	 0.0% Assets/tiles/tilesnivel2/tileolimpicapuente_1462.asset
 0.2 kb	 0.0% Assets/tiles/tilesnivel2/tileolimpicapuente_1461.asset
 0.2 kb	 0.0% Assets/tiles/tilesnivel2/tileolimpicapuente_1460.asset
 0.2 kb	 0.0% Assets/tiles/tilesnivel2/tileolimpicapuente_1459.asset
 0.2 kb	 0.0% Assets/tiles/tilesnivel2/tileolimpicapuente_1458.asset
 0.2 kb	 0.0% Assets/tiles/tilesnivel2/tileolimpicapuente_1457.asset
 0.2 kb	 0.0% Assets/tiles/tilesnivel2/tileolimpicapuente_1456.asset
 0.2 kb	 0.0% Assets/tiles/tilesnivel2/tileolimpicapuente_1455.asset
 0.2 kb	 0.0% Assets/tiles/tilesnivel2/tileolimpicapuente_1454.asset
 0.2 kb	 0.0% Assets/tiles/tilesnivel2/tileolimpicapuente_1453.asset
 0.2 kb	 0.0% Assets/tiles/tilesnivel2/tileolimpicapuente_1452.asset
 0.2 kb	 0.0% Assets/tiles/tilesnivel2/tileolimpicapuente_1451.asset
 0.2 kb	 0.0% Assets/tiles/tilesnivel2/tileolimpicapuente_1450.asset
 0.2 kb	 0.0% Assets/tiles/tilesnivel2/tileolimpicapuente_1449.asset
 0.2 kb	 0.0% Assets/tiles/tilesnivel2/tileolimpicapuente_1448.asset
 0.2 kb	 0.0% Assets/tiles/tilesnivel2/tileolimpicapuente_1447.asset
 0.2 kb	 0.0% Assets/tiles/tilesnivel2/tileolimpicapuente_1446.asset
 0.2 kb	 0.0% Assets/tiles/tilesnivel2/tileolimpicapuente_1445.asset
 0.2 kb	 0.0% Assets/tiles/tilesnivel2/tileolimpicapuente_1444.asset
 0.2 kb	 0.0% Assets/tiles/tilesnivel2/tileolimpicapuente_1443.asset
 0.2 kb	 0.0% Assets/tiles/tilesnivel2/tileolimpicapuente_1442.asset
 0.2 kb	 0.0% Assets/tiles/tilesnivel2/tileolimpicapuente_1441.asset
 0.2 kb	 0.0% Assets/tiles/tilesnivel2/tileolimpicapuente_1440.asset
 0.2 kb	 0.0% Assets/tiles/tilesnivel2/tileolimpicapuente_1439.asset
 0.2 kb	 0.0% Assets/tiles/tilesnivel2/tileolimpicapuente_1438.asset
 0.2 kb	 0.0% Assets/tiles/tilesnivel2/tileolimpicapuente_1433.asset
 0.2 kb	 0.0% Assets/tiles/tilesnivel2/tileolimpicapuente_1432.asset
 0.2 kb	 0.0% Assets/tiles/tilesnivel2/tileolimpicapuente_143.asset
 0.2 kb	 0.0% Assets/tiles/tilesnivel2/tileolimpicapuente_142.asset
 0.2 kb	 0.0% Assets/tiles/tilesnivel2/tileolimpicapuente_141.asset
 0.2 kb	 0.0% Assets/tiles/tilesnivel2/tileolimpicapuente_140.asset
 0.2 kb	 0.0% Assets/tiles/tilesnivel2/tileolimpicapuente_139.asset
 0.2 kb	 0.0% Assets/tiles/tilesnivel2/tileolimpicapuente_1384.asset
 0.2 kb	 0.0% Assets/tiles/tilesnivel2/tileolimpicapuente_1381.asset
 0.2 kb	 0.0% Assets/tiles/tilesnivel2/tileolimpicapuente_138.asset
 0.2 kb	 0.0% Assets/tiles/tilesnivel2/tileolimpicapuente_1379.asset
 0.2 kb	 0.0% Assets/tiles/tilesnivel2/tileolimpicapuente_1378.asset
 0.2 kb	 0.0% Assets/tiles/tilesnivel2/tileolimpicapuente_1377.asset
 0.2 kb	 0.0% Assets/tiles/tilesnivel2/tileolimpicapuente_137.asset
 0.2 kb	 0.0% Assets/tiles/tilesnivel2/tileolimpicapuente_1360.asset
 0.2 kb	 0.0% Assets/tiles/tilesnivel2/tileolimpicapuente_136.asset
 0.2 kb	 0.0% Assets/tiles/tilesnivel2/tileolimpicapuente_1359.asset
 0.2 kb	 0.0% Assets/tiles/tilesnivel2/tileolimpicapuente_1358.asset
 0.2 kb	 0.0% Assets/tiles/tilesnivel2/tileolimpicapuente_1357.asset
 0.2 kb	 0.0% Assets/tiles/tilesnivel2/tileolimpicapuente_1356.asset
 0.2 kb	 0.0% Assets/tiles/tilesnivel2/tileolimpicapuente_1355.asset
 0.2 kb	 0.0% Assets/tiles/tilesnivel2/tileolimpicapuente_1354.asset
 0.2 kb	 0.0% Assets/tiles/tilesnivel2/tileolimpicapuente_135.asset
 0.2 kb	 0.0% Assets/tiles/tilesnivel2/tileolimpicapuente_134.asset
 0.2 kb	 0.0% Assets/tiles/tilesnivel2/tileolimpicapuente_1332.asset
 0.2 kb	 0.0% Assets/tiles/tilesnivel2/tileolimpicapuente_1331.asset
 0.2 kb	 0.0% Assets/tiles/tilesnivel2/tileolimpicapuente_1330.asset
 0.2 kb	 0.0% Assets/tiles/tilesnivel2/tileolimpicapuente_133.asset
 0.2 kb	 0.0% Assets/tiles/tilesnivel2/tileolimpicapuente_1329.asset
 0.2 kb	 0.0% Assets/tiles/tilesnivel2/tileolimpicapuente_1328.asset
 0.2 kb	 0.0% Assets/tiles/tilesnivel2/tileolimpicapuente_1327.asset
 0.2 kb	 0.0% Assets/tiles/tilesnivel2/tileolimpicapuente_1326.asset
 0.2 kb	 0.0% Assets/tiles/tilesnivel2/tileolimpicapuente_1325.asset
 0.2 kb	 0.0% Assets/tiles/tilesnivel2/tileolimpicapuente_132.asset
 0.2 kb	 0.0% Assets/tiles/tilesnivel2/tileolimpicapuente_1312.asset
 0.2 kb	 0.0% Assets/tiles/tilesnivel2/tileolimpicapuente_1311.asset
 0.2 kb	 0.0% Assets/tiles/tilesnivel2/tileolimpicapuente_1310.asset
 0.2 kb	 0.0% Assets/tiles/tilesnivel2/tileolimpicapuente_131.asset
 0.2 kb	 0.0% Assets/tiles/tilesnivel2/tileolimpicapuente_1309.asset
 0.2 kb	 0.0% Assets/tiles/tilesnivel2/tileolimpicapuente_1308.asset
 0.2 kb	 0.0% Assets/tiles/tilesnivel2/tileolimpicapuente_1307.asset
 0.2 kb	 0.0% Assets/tiles/tilesnivel2/tileolimpicapuente_1306.asset
 0.2 kb	 0.0% Assets/tiles/tilesnivel2/tileolimpicapuente_1305.asset
 0.2 kb	 0.0% Assets/tiles/tilesnivel2/tileolimpicapuente_1304.asset
 0.2 kb	 0.0% Assets/tiles/tilesnivel2/tileolimpicapuente_1303.asset
 0.2 kb	 0.0% Assets/tiles/tilesnivel2/tileolimpicapuente_1302.asset
 0.2 kb	 0.0% Assets/tiles/tilesnivel2/tileolimpicapuente_130.asset
 0.2 kb	 0.0% Assets/tiles/tilesnivel2/tileolimpicapuente_1297.asset
 0.2 kb	 0.0% Assets/tiles/tilesnivel2/tileolimpicapuente_1295.asset
 0.2 kb	 0.0% Assets/tiles/tilesnivel2/tileolimpicapuente_129.asset
 0.2 kb	 0.0% Assets/tiles/tilesnivel2/tileolimpicapuente_1283.asset
 0.2 kb	 0.0% Assets/tiles/tilesnivel2/tileolimpicapuente_1282.asset
 0.2 kb	 0.0% Assets/tiles/tilesnivel2/tileolimpicapuente_1281.asset
 0.2 kb	 0.0% Assets/tiles/tilesnivel2/tileolimpicapuente_1280.asset
 0.2 kb	 0.0% Assets/tiles/tilesnivel2/tileolimpicapuente_128.asset
 0.2 kb	 0.0% Assets/tiles/tilesnivel2/tileolimpicapuente_1279.asset
 0.2 kb	 0.0% Assets/tiles/tilesnivel2/tileolimpicapuente_1278.asset
 0.2 kb	 0.0% Assets/tiles/tilesnivel2/tileolimpicapuente_1277.asset
 0.2 kb	 0.0% Assets/tiles/tilesnivel2/tileolimpicapuente_127.asset
 0.2 kb	 0.0% Assets/tiles/tilesnivel2/tileolimpicapuente_1263.asset
 0.2 kb	 0.0% Assets/tiles/tilesnivel2/tileolimpicapuente_1262.asset
 0.2 kb	 0.0% Assets/tiles/tilesnivel2/tileolimpicapuente_1261.asset
 0.2 kb	 0.0% Assets/tiles/tilesnivel2/tileolimpicapuente_1260.asset
 0.2 kb	 0.0% Assets/tiles/tilesnivel2/tileolimpicapuente_126.asset
 0.2 kb	 0.0% Assets/tiles/tilesnivel2/tileolimpicapuente_1259.asset
 0.2 kb	 0.0% Assets/tiles/tilesnivel2/tileolimpicapuente_1258.asset
 0.2 kb	 0.0% Assets/tiles/tilesnivel2/tileolimpicapuente_1257.asset
 0.2 kb	 0.0% Assets/tiles/tilesnivel2/tileolimpicapuente_1256.asset
 0.2 kb	 0.0% Assets/tiles/tilesnivel2/tileolimpicapuente_1255.asset
 0.2 kb	 0.0% Assets/tiles/tilesnivel2/tileolimpicapuente_1254.asset
 0.2 kb	 0.0% Assets/tiles/tilesnivel2/tileolimpicapuente_1249.asset
 0.2 kb	 0.0% Assets/tiles/tilesnivel2/tileolimpicapuente_1247.asset
 0.2 kb	 0.0% Assets/tiles/tilesnivel2/tileolimpicapuente_1215.asset
 0.2 kb	 0.0% Assets/tiles/tilesnivel2/tileolimpicapuente_1214.asset
 0.2 kb	 0.0% Assets/tiles/tilesnivel2/tileolimpicapuente_1213.asset
 0.2 kb	 0.0% Assets/tiles/tilesnivel2/tileolimpicapuente_1212.asset
 0.2 kb	 0.0% Assets/tiles/tilesnivel2/tileolimpicapuente_1194.asset
 0.2 kb	 0.0% Assets/tiles/tilesnivel2/tileolimpicapuente_1193.asset
 0.2 kb	 0.0% Assets/tiles/tilesnivel2/tileolimpicapuente_1192.asset
 0.2 kb	 0.0% Assets/tiles/tilesnivel2/tileolimpicapuente_1191.asset
 0.2 kb	 0.0% Assets/tiles/tilesnivel2/tileolimpicapuente_1190.asset
 0.2 kb	 0.0% Assets/tiles/tilesnivel2/tileolimpicapuente_1189.asset
 0.2 kb	 0.0% Assets/tiles/tilesnivel2/tileolimpicapuente_1188.asset
 0.2 kb	 0.0% Assets/tiles/tilesnivel2/tileolimpicapuente_1187.asset
 0.2 kb	 0.0% Assets/tiles/tilesnivel2/tileolimpicapuente_1186.asset
 0.2 kb	 0.0% Assets/tiles/tilesnivel2/tileolimpicapuente_1184.asset
 0.2 kb	 0.0% Assets/tiles/tilesnivel2/tileolimpicapuente_1183.asset
 0.2 kb	 0.0% Assets/tiles/tilesnivel2/tileolimpicapuente_1182.asset
 0.2 kb	 0.0% Assets/tiles/tilesnivel2/tileolimpicapuente_1181.asset
 0.2 kb	 0.0% Assets/tiles/tilesnivel2/tileolimpicapuente_1180.asset
 0.2 kb	 0.0% Assets/tiles/tilesnivel2/tileolimpicapuente_1179.asset
 0.2 kb	 0.0% Assets/tiles/tilesnivel2/tileolimpicapuente_1178.asset
 0.2 kb	 0.0% Assets/tiles/tilesnivel2/tileolimpicapuente_1177.asset
 0.2 kb	 0.0% Assets/tiles/tilesnivel2/tileolimpicapuente_1176.asset
 0.2 kb	 0.0% Assets/tiles/tilesnivel2/tileolimpicapuente_1175.asset
 0.2 kb	 0.0% Assets/tiles/tilesnivel2/tileolimpicapuente_1174.asset
 0.2 kb	 0.0% Assets/tiles/tilesnivel2/tileolimpicapuente_1173.asset
 0.2 kb	 0.0% Assets/tiles/tilesnivel2/tileolimpicapuente_1172.asset
 0.2 kb	 0.0% Assets/tiles/tilesnivel2/tileolimpicapuente_1171.asset
 0.2 kb	 0.0% Assets/tiles/tilesnivel2/tileolimpicapuente_1170.asset
 0.2 kb	 0.0% Assets/tiles/tilesnivel2/tileolimpicapuente_1169.asset
 0.2 kb	 0.0% Assets/tiles/tilesnivel2/tileolimpicapuente_1168.asset
 0.2 kb	 0.0% Assets/tiles/tilesnivel2/tileolimpicapuente_1166.asset
 0.2 kb	 0.0% Assets/tiles/tilesnivel2/tileolimpicapuente_1165.asset
 0.2 kb	 0.0% Assets/tiles/tilesnivel2/tileolimpicapuente_1164.asset
 0.2 kb	 0.0% Assets/tiles/tilesnivel2/tileolimpicapuente_1146.asset
 0.2 kb	 0.0% Assets/tiles/tilesnivel2/tileolimpicapuente_1145.asset
 0.2 kb	 0.0% Assets/tiles/tilesnivel2/tileolimpicapuente_1144.asset
 0.2 kb	 0.0% Assets/tiles/tilesnivel2/tileolimpicapuente_1143.asset
 0.2 kb	 0.0% Assets/tiles/tilesnivel2/tileolimpicapuente_1142.asset
 0.2 kb	 0.0% Assets/tiles/tilesnivel2/tileolimpicapuente_1141.asset
 0.2 kb	 0.0% Assets/tiles/tilesnivel2/tileolimpicapuente_1140.asset
 0.2 kb	 0.0% Assets/tiles/tilesnivel2/tileolimpicapuente_1139.asset
 0.2 kb	 0.0% Assets/tiles/tilesnivel2/tileolimpicapuente_1138.asset
 0.2 kb	 0.0% Assets/tiles/tilesnivel2/tileolimpicapuente_1136.asset
 0.2 kb	 0.0% Assets/tiles/tilesnivel2/tileolimpicapuente_1135.asset
 0.2 kb	 0.0% Assets/tiles/tilesnivel2/tileolimpicapuente_1134.asset
 0.2 kb	 0.0% Assets/tiles/tilesnivel2/tileolimpicapuente_1133.asset
 0.2 kb	 0.0% Assets/tiles/tilesnivel2/tileolimpicapuente_1132.asset
 0.2 kb	 0.0% Assets/tiles/tilesnivel2/tileolimpicapuente_1131.asset
 0.2 kb	 0.0% Assets/tiles/tilesnivel2/tileolimpicapuente_1130.asset
 0.2 kb	 0.0% Assets/tiles/tilesnivel2/tileolimpicapuente_1129.asset
 0.2 kb	 0.0% Assets/tiles/tilesnivel2/tileolimpicapuente_1128.asset
 0.2 kb	 0.0% Assets/tiles/tilesnivel2/tileolimpicapuente_1127.asset
 0.2 kb	 0.0% Assets/tiles/tilesnivel2/tileolimpicapuente_1126.asset
 0.2 kb	 0.0% Assets/tiles/tilesnivel2/tileolimpicapuente_1125.asset
 0.2 kb	 0.0% Assets/tiles/tilesnivel2/tileolimpicapuente_1124.asset
 0.2 kb	 0.0% Assets/tiles/tilesnivel2/tileolimpicapuente_1123.asset
 0.2 kb	 0.0% Assets/tiles/tilesnivel2/tileolimpicapuente_1122.asset
 0.2 kb	 0.0% Assets/tiles/tilesnivel2/tileolimpicapuente_1121.asset
 0.2 kb	 0.0% Assets/tiles/tilesnivel2/tileolimpicapuente_1120.asset
 0.2 kb	 0.0% Assets/tiles/tilesnivel2/tileolimpicapuente_1118.asset
 0.2 kb	 0.0% Assets/tiles/tilesnivel2/tileolimpicapuente_1117.asset
 0.2 kb	 0.0% Assets/tiles/tilesnivel2/tileolimpicapuente_1116.asset
 0.2 kb	 0.0% Assets/tiles/tilesnivel2/tileolimpicapuente_1103.asset
 0.2 kb	 0.0% Assets/tiles/tilesnivel2/tileolimpicapuente_1098.asset
 0.2 kb	 0.0% Assets/tiles/tilesnivel2/tileolimpicapuente_1097.asset
 0.2 kb	 0.0% Assets/tiles/tilesnivel2/tileolimpicapuente_1096.asset
 0.2 kb	 0.0% Assets/tiles/tilesnivel2/tileolimpicapuente_1095.asset
 0.2 kb	 0.0% Assets/tiles/tilesnivel2/tileolimpicapuente_1094.asset
 0.2 kb	 0.0% Assets/tiles/tilesnivel2/tileolimpicapuente_1093.asset
 0.2 kb	 0.0% Assets/tiles/tilesnivel2/tileolimpicapuente_1092.asset
 0.2 kb	 0.0% Assets/tiles/tilesnivel2/tileolimpicapuente_1091.asset
 0.2 kb	 0.0% Assets/tiles/tilesnivel2/tileolimpicapuente_1090.asset
 0.2 kb	 0.0% Assets/tiles/tilesnivel2/tileolimpicapuente_1088.asset
 0.2 kb	 0.0% Assets/tiles/tilesnivel2/tileolimpicapuente_1087.asset
 0.2 kb	 0.0% Assets/tiles/tilesnivel2/tileolimpicapuente_1086.asset
 0.2 kb	 0.0% Assets/tiles/tilesnivel2/tileolimpicapuente_1085.asset
 0.2 kb	 0.0% Assets/tiles/tilesnivel2/tileolimpicapuente_1084.asset
 0.2 kb	 0.0% Assets/tiles/tilesnivel2/tileolimpicapuente_1083.asset
 0.2 kb	 0.0% Assets/tiles/tilesnivel2/tileolimpicapuente_1082.asset
 0.2 kb	 0.0% Assets/tiles/tilesnivel2/tileolimpicapuente_1081.asset
 0.2 kb	 0.0% Assets/tiles/tilesnivel2/tileolimpicapuente_1080.asset
 0.2 kb	 0.0% Assets/tiles/tilesnivel2/tileolimpicapuente_1079.asset
 0.2 kb	 0.0% Assets/tiles/tilesnivel2/tileolimpicapuente_1078.asset
 0.2 kb	 0.0% Assets/tiles/tilesnivel2/tileolimpicapuente_1077.asset
 0.2 kb	 0.0% Assets/tiles/tilesnivel2/tileolimpicapuente_1076.asset
 0.2 kb	 0.0% Assets/tiles/tilesnivel2/tileolimpicapuente_1075.asset
 0.2 kb	 0.0% Assets/tiles/tilesnivel2/tileolimpicapuente_1074.asset
 0.2 kb	 0.0% Assets/tiles/tilesnivel2/tileolimpicapuente_1073.asset
 0.2 kb	 0.0% Assets/tiles/tilesnivel2/tileolimpicapuente_1072.asset
 0.2 kb	 0.0% Assets/tiles/tilesnivel2/tileolimpicapuente_1070.asset
 0.2 kb	 0.0% Assets/tiles/tilesnivel2/tileolimpicapuente_1069.asset
 0.2 kb	 0.0% Assets/tiles/tilesnivel2/tileolimpicapuente_1068.asset
 0.2 kb	 0.0% Assets/tiles/tilesnivel2/tileolimpicapuente_1050.asset
 0.2 kb	 0.0% Assets/tiles/tilesnivel2/tileolimpicapuente_1049.asset
 0.2 kb	 0.0% Assets/tiles/tilesnivel2/tileolimpicapuente_1048.asset
 0.2 kb	 0.0% Assets/tiles/tilesnivel2/tileolimpicapuente_1047.asset
 0.2 kb	 0.0% Assets/tiles/tilesnivel2/tileolimpicapuente_1046.asset
 0.2 kb	 0.0% Assets/tiles/tilesnivel2/tileolimpicapuente_1045.asset
 0.2 kb	 0.0% Assets/tiles/tilesnivel2/tileolimpicapuente_1044.asset
 0.2 kb	 0.0% Assets/tiles/tilesnivel2/tileolimpicapuente_1043.asset
 0.2 kb	 0.0% Assets/tiles/tilesnivel2/tileolimpicapuente_1042.asset
 0.2 kb	 0.0% Assets/tiles/tilesnivel2/tileolimpicapuente_1040.asset
 0.2 kb	 0.0% Assets/tiles/tilesnivel2/tileolimpicapuente_1039.asset
 0.2 kb	 0.0% Assets/tiles/tilesnivel2/tileolimpicapuente_1038.asset
 0.2 kb	 0.0% Assets/tiles/tilesnivel2/tileolimpicapuente_1037.asset
 0.2 kb	 0.0% Assets/tiles/tilesnivel2/tileolimpicapuente_1036.asset
 0.2 kb	 0.0% Assets/tiles/tilesnivel2/tileolimpicapuente_1035.asset
 0.2 kb	 0.0% Assets/tiles/tilesnivel2/tileolimpicapuente_1034.asset
 0.2 kb	 0.0% Assets/tiles/tilesnivel2/tileolimpicapuente_1033.asset
 0.2 kb	 0.0% Assets/tiles/tilesnivel2/tileolimpicapuente_1032.asset
 0.2 kb	 0.0% Assets/tiles/tilesnivel2/tileolimpicapuente_1031.asset
 0.2 kb	 0.0% Assets/tiles/tilesnivel2/tileolimpicapuente_1030.asset
 0.2 kb	 0.0% Assets/tiles/tilesnivel2/tileolimpicapuente_1029.asset
 0.2 kb	 0.0% Assets/tiles/tilesnivel2/tileolimpicapuente_1028.asset
 0.2 kb	 0.0% Assets/tiles/tilesnivel2/tileolimpicapuente_1027.asset
 0.2 kb	 0.0% Assets/tiles/tilesnivel2/tileolimpicapuente_1026.asset
 0.2 kb	 0.0% Assets/tiles/tilesnivel2/tileolimpicapuente_1025.asset
 0.2 kb	 0.0% Assets/tiles/tilesnivel2/tileolimpicapuente_1024.asset
 0.2 kb	 0.0% Assets/tiles/tilesnivel2/tileolimpicapuente_1022.asset
 0.2 kb	 0.0% Assets/tiles/tilesnivel2/tileolimpicapuente_1021.asset
 0.2 kb	 0.0% Assets/tiles/tilesnivel2/tileolimpicapuente_1020.asset
 0.2 kb	 0.0% Assets/tiles/tilesnivel2/tileolimpicapuente_1002.asset
 0.2 kb	 0.0% Assets/tiles/tilesnivel2/tileolimpicapuente_1001.asset
 0.2 kb	 0.0% Assets/tiles/tilesnivel2/tileolimpicapuente_1000.asset
 0.2 kb	 0.0% Assets/tiles/tilescueva/cavesofgallet_tiles_90.asset
 0.2 kb	 0.0% Assets/tiles/tilescueva/cavesofgallet_tiles_88.asset
 0.2 kb	 0.0% Assets/tiles/tilescueva/cavesofgallet_tiles_82.asset
 0.2 kb	 0.0% Assets/tiles/tilescueva/cavesofgallet_tiles_81.asset
 0.2 kb	 0.0% Assets/tiles/tilescueva/cavesofgallet_tiles_80.asset
 0.2 kb	 0.0% Assets/tiles/tilescueva/cavesofgallet_tiles_8.asset
 0.2 kb	 0.0% Assets/tiles/tilescueva/cavesofgallet_tiles_73.asset
 0.2 kb	 0.0% Assets/tiles/tilescueva/cavesofgallet_tiles_72.asset
 0.2 kb	 0.0% Assets/tiles/tilescueva/cavesofgallet_tiles_16.asset
 0.2 kb	 0.0% Assets/tiles/tilescueva/cavesofgallet_tiles_10.asset
 0.2 kb	 0.0% Assets/tiles/tilescolegio/Adobe Express - file_95.asset
 0.2 kb	 0.0% Assets/tiles/tilescolegio/Adobe Express - file_93.asset
 0.2 kb	 0.0% Assets/tiles/tilescolegio/Adobe Express - file_92.asset
 0.2 kb	 0.0% Assets/tiles/tilescolegio/Adobe Express - file_85.asset
 0.2 kb	 0.0% Assets/tiles/tilescolegio/Adobe Express - file_83.asset
 0.2 kb	 0.0% Assets/tiles/tilescolegio/Adobe Express - file_82.asset
 0.2 kb	 0.0% Assets/tiles/tilescolegio/Adobe Express - file_81.asset
 0.2 kb	 0.0% Assets/tiles/tilescolegio/Adobe Express - file_80.asset
 0.2 kb	 0.0% Assets/tiles/tilescolegio/Adobe Express - file_79.asset
 0.2 kb	 0.0% Assets/tiles/tilescolegio/Adobe Express - file_78.asset
 0.2 kb	 0.0% Assets/tiles/tilescolegio/Adobe Express - file_75.asset
 0.2 kb	 0.0% Assets/tiles/tilescolegio/Adobe Express - file_72.asset
Total cache size 260557512
Total cache size after purge 260557512
 0.2 kb	 0.0% Assets/tiles/tilescolegio/Adobe Express - file_69.asset
 0.2 kb	 0.0% Assets/tiles/tilescolegio/Adobe Express - file_68.asset
 0.2 kb	 0.0% Assets/tiles/tilescolegio/Adobe Express - file_65.asset
 0.2 kb	 0.0% Assets/tiles/tilescolegio/Adobe Express - file_64.asset
 0.2 kb	 0.0% Assets/tiles/tilescolegio/Adobe Express - file_63.asset
 0.2 kb	 0.0% Assets/tiles/tilescolegio/Adobe Express - file_62.asset
 0.2 kb	 0.0% Assets/tiles/tilescolegio/Adobe Express - file_61.asset
 0.2 kb	 0.0% Assets/tiles/tilescolegio/Adobe Express - file_60.asset
 0.2 kb	 0.0% Assets/tiles/tilescolegio/Adobe Express - file_59.asset
 0.2 kb	 0.0% Assets/tiles/tilescolegio/Adobe Express - file_58.asset
 0.2 kb	 0.0% Assets/tiles/tilescolegio/Adobe Express - file_5.asset
 0.2 kb	 0.0% Assets/tiles/tilescolegio/Adobe Express - file_49.asset
 0.2 kb	 0.0% Assets/tiles/tilescolegio/Adobe Express - file_48.asset
 0.2 kb	 0.0% Assets/tiles/tilescolegio/Adobe Express - file_45.asset
 0.2 kb	 0.0% Assets/tiles/tilescolegio/Adobe Express - file_43.asset
 0.2 kb	 0.0% Assets/tiles/tilescolegio/Adobe Express - file_42.asset
 0.2 kb	 0.0% Assets/tiles/tilescolegio/Adobe Express - file_41.asset
 0.2 kb	 0.0% Assets/tiles/tilescolegio/Adobe Express - file_40.asset
 0.2 kb	 0.0% Assets/tiles/tilescolegio/Adobe Express - file_4.asset
 0.2 kb	 0.0% Assets/tiles/tilescolegio/Adobe Express - file_39.asset
 0.2 kb	 0.0% Assets/tiles/tilescolegio/Adobe Express - file_38.asset
 0.2 kb	 0.0% Assets/tiles/tilescolegio/Adobe Express - file_35.asset
 0.2 kb	 0.0% Assets/tiles/tilescolegio/Adobe Express - file_33.asset
 0.2 kb	 0.0% Assets/tiles/tilescolegio/Adobe Express - file_25.asset
 0.2 kb	 0.0% Assets/tiles/tilescolegio/Adobe Express - file_23.asset
 0.2 kb	 0.0% Assets/tiles/tilescolegio/Adobe Express - file_227.asset
 0.2 kb	 0.0% Assets/tiles/tilescolegio/Adobe Express - file_226.asset
 0.2 kb	 0.0% Assets/tiles/tilescolegio/Adobe Express - file_225.asset
 0.2 kb	 0.0% Assets/tiles/tilescolegio/Adobe Express - file_224.asset
 0.2 kb	 0.0% Assets/tiles/tilescolegio/Adobe Express - file_223.asset
 0.2 kb	 0.0% Assets/tiles/tilescolegio/Adobe Express - file_222.asset
 0.2 kb	 0.0% Assets/tiles/tilescolegio/Adobe Express - file_221.asset
 0.2 kb	 0.0% Assets/tiles/tilescolegio/Adobe Express - file_220.asset
 0.2 kb	 0.0% Assets/tiles/tilescolegio/Adobe Express - file_22.asset
 0.2 kb	 0.0% Assets/tiles/tilescolegio/Adobe Express - file_21.asset
 0.2 kb	 0.0% Assets/tiles/tilescolegio/Adobe Express - file_207.asset
 0.2 kb	 0.0% Assets/tiles/tilescolegio/Adobe Express - file_206.asset
 0.2 kb	 0.0% Assets/tiles/tilescolegio/Adobe Express - file_205.asset
 0.2 kb	 0.0% Assets/tiles/tilescolegio/Adobe Express - file_204.asset
 0.2 kb	 0.0% Assets/tiles/tilescolegio/Adobe Express - file_203.asset
 0.2 kb	 0.0% Assets/tiles/tilescolegio/Adobe Express - file_202.asset
 0.2 kb	 0.0% Assets/tiles/tilescolegio/Adobe Express - file_201.asset
 0.2 kb	 0.0% Assets/tiles/tilescolegio/Adobe Express - file_200.asset
 0.2 kb	 0.0% Assets/tiles/tilescolegio/Adobe Express - file_20.asset
 0.2 kb	 0.0% Assets/tiles/tilescolegio/Adobe Express - file_2.asset
 0.2 kb	 0.0% Assets/tiles/tilescolegio/Adobe Express - file_183.asset
 0.2 kb	 0.0% Assets/tiles/tilescolegio/Adobe Express - file_182.asset
 0.2 kb	 0.0% Assets/tiles/tilescolegio/Adobe Express - file_181.asset
 0.2 kb	 0.0% Assets/tiles/tilescolegio/Adobe Express - file_180.asset
 0.2 kb	 0.0% Assets/tiles/tilescolegio/Adobe Express - file_18.asset
 0.2 kb	 0.0% Assets/tiles/tilescolegio/Adobe Express - file_163.asset
 0.2 kb	 0.0% Assets/tiles/tilescolegio/Adobe Express - file_162.asset
 0.2 kb	 0.0% Assets/tiles/tilescolegio/Adobe Express - file_161.asset
 0.2 kb	 0.0% Assets/tiles/tilescolegio/Adobe Express - file_160.asset
 0.2 kb	 0.0% Assets/tiles/tilescolegio/Adobe Express - file_115.asset
 0.2 kb	 0.0% Assets/tiles/tilescolegio/Adobe Express - file_113.asset
 0.2 kb	 0.0% Assets/tiles/tilescolegio/Adobe Express - file_112.asset
 0.2 kb	 0.0% Assets/tiles/tilescolegio/Adobe Express - file_105.asset
 0.2 kb	 0.0% Assets/tiles/tilescolegio/Adobe Express - file_100.asset
 0.2 kb	 0.0% Assets/tiles/tilescolegio/Adobe Express - file_1.asset
 0.2 kb	 0.0% Assets/tiles/tilescolegio/Adobe Express - file_0.asset
 0.2 kb	 0.0% Packages/com.unity.visualscripting/Runtime/VisualScripting.Core/Dependencies/FullSerializer/Converters/Unity/GUIStyleState_DirectConverter.cs
 0.2 kb	 0.0% Packages/com.unity.visualscripting/Runtime/VisualScripting.Core/Dependencies/FullSerializer/Converters/Unity/AnimationCurve_DirectConverter.cs
 0.2 kb	 0.0% Packages/com.unity.test-framework/UnityEngine.TestRunner/NUnitExtensions/Runner/UnityTestExecutionContext.cs
 0.2 kb	 0.0% Packages/com.unity.test-framework/UnityEngine.TestRunner/NUnitExtensions/Runner/IEnumerableTestMethodCommand.cs
 0.2 kb	 0.0% Packages/com.unity.test-framework/UnityEngine.TestRunner/NUnitExtensions/Commands/EnumerableApplyChangesToContextCommand.cs
 0.2 kb	 0.0% Packages/com.unity.render-pipelines.universal/Runtime/UniversalAdditionalLightData.cs
 0.2 kb	 0.0% Packages/com.unity.render-pipelines.universal/Runtime/Tiling/ReflectionProbeMinMaxZJob.cs
 0.2 kb	 0.0% Packages/com.unity.render-pipelines.universal/Runtime/ScriptableRendererFeature.cs
 0.2 kb	 0.0% Packages/com.unity.render-pipelines.universal/Runtime/RendererFeatures/ScreenSpaceAmbientOcclusion.cs
 0.2 kb	 0.0% Packages/com.unity.render-pipelines.universal/Runtime/RenderTargetBufferSystem.cs
 0.2 kb	 0.0% Packages/com.unity.render-pipelines.universal/Runtime/Overrides/ShadowsMidtonesHighlights.cs
 0.2 kb	 0.0% Packages/com.unity.render-pipelines.universal/Runtime/Decal/ScreenSpace/DecalScreenSpaceRenderPass.cs
 0.2 kb	 0.0% Packages/com.unity.render-pipelines.universal/Runtime/Decal/Entities/DecalCreateDrawCallSystem.cs
 0.2 kb	 0.0% Packages/com.unity.render-pipelines.universal/Runtime/Debug/DebugDisplaySettingsMaterial.cs
 0.2 kb	 0.0% Packages/com.unity.render-pipelines.universal/Runtime/Debug/DebugDisplaySettingsLighting.cs
 0.2 kb	 0.0% Packages/com.unity.render-pipelines.universal/Runtime/Debug/DebugDisplaySettingsCommon.cs
 0.2 kb	 0.0% Packages/com.unity.render-pipelines.universal/Runtime/Data/UniversalRenderPipelineAsset.cs
 0.2 kb	 0.0% Packages/com.unity.render-pipelines.universal/Runtime/2D/Shadows/ShadowCasterGroup2DManager.cs
 0.2 kb	 0.0% Packages/com.unity.render-pipelines.universal/Runtime/2D/PixelPerfectCameraInternal.cs
 0.2 kb	 0.0% Packages/com.unity.render-pipelines.universal/Runtime/2D/Passes/PixelPerfectBackgroundPass.cs
 0.2 kb	 0.0% Packages/com.unity.render-pipelines.core/Runtime/RenderGraph/RenderGraphLogger.cs
 0.2 kb	 0.0% Packages/com.unity.render-pipelines.core/Runtime/RenderGraph/RenderGraphBuilder.cs
 0.2 kb	 0.0% Assets/tiles/tilesoscuros2/mainlevbuild_1023.asset
 0.2 kb	 0.0% Assets/tiles/tilesoscuros2/mainlevbuild_1022.asset
 0.2 kb	 0.0% Assets/tiles/tilesoscuros2/mainlevbuild_1021.asset
 0.2 kb	 0.0% Assets/tiles/tilesoscuros2/mainlevbuild_1020.asset
 0.2 kb	 0.0% Assets/tiles/tilesoscuros2/mainlevbuild_1015.asset
 0.2 kb	 0.0% Assets/tiles/tilesoscuros2/mainlevbuild_1014.asset
 0.2 kb	 0.0% Assets/tiles/tilesoscuros2/mainlevbuild_1013.asset
 0.2 kb	 0.0% Assets/tiles/tilesoscuros2/mainlevbuild_1012.asset
 0.2 kb	 0.0% Assets/tiles/tilesoscuros2/mainlevbuild_1007.asset
 0.2 kb	 0.0% Assets/tiles/tilesoscuros2/mainlevbuild_1006.asset
 0.2 kb	 0.0% Assets/tiles/tilesoscuros2/mainlevbuild_1005.asset
 0.2 kb	 0.0% Assets/tiles/tilesoscuros2/mainlevbuild_1004.asset
 0.2 kb	 0.0% Assets/tiles/tilesoscuros1/Dungeon Tile Set_8.asset
 0.2 kb	 0.0% Assets/tiles/tilesoscuros1/Dungeon Tile Set_73.asset
 0.2 kb	 0.0% Assets/tiles/tilesoscuros1/Dungeon Tile Set_72.asset
 0.2 kb	 0.0% Assets/tiles/tilesoscuros1/Dungeon Tile Set_71.asset
 0.2 kb	 0.0% Assets/tiles/tilesoscuros1/Dungeon Tile Set_70.asset
 0.2 kb	 0.0% Assets/tiles/tilesoscuros1/Dungeon Tile Set_7.asset
 0.2 kb	 0.0% Assets/tiles/tilesoscuros1/Dungeon Tile Set_69.asset
 0.2 kb	 0.0% Assets/tiles/tilesoscuros1/Dungeon Tile Set_36.asset
 0.2 kb	 0.0% Assets/tiles/tilesoscuros1/Dungeon Tile Set_35.asset
 0.2 kb	 0.0% Assets/tiles/tilesoscuros1/Dungeon Tile Set_30.asset
 0.2 kb	 0.0% Assets/tiles/tilesoscuros1/Dungeon Tile Set_29.asset
 0.2 kb	 0.0% Assets/tiles/tilesoscuros1/Dungeon Tile Set_19.asset
 0.2 kb	 0.0% Assets/tiles/tilesoscuros1/Dungeon Tile Set_18.asset
 0.2 kb	 0.0% Assets/tiles/tilesoscuros1/Dungeon Tile Set_103.asset
 0.2 kb	 0.0% Assets/tiles/tilesoscuros1/Dungeon Tile Set_102.asset
 0.2 kb	 0.0% Assets/tiles/tilesoscuros1/Dungeon Tile Set_101.asset
 0.2 kb	 0.0% Packages/com.unity.visualscripting/Runtime/VisualScripting.Core/SerializedProperties/SerializedPropertyProviderAttribute.cs
 0.2 kb	 0.0% Packages/com.unity.visualscripting/Runtime/VisualScripting.Core/Listeners/UIInterfaces/UnityOnPointerExitMessageListener.cs
 0.2 kb	 0.0% Packages/com.unity.visualscripting/Runtime/VisualScripting.Core/Listeners/UIInterfaces/UnityOnPointerEnterMessageListener.cs
 0.2 kb	 0.0% Packages/com.unity.visualscripting/Runtime/VisualScripting.Core/Listeners/UIInterfaces/UnityOnPointerDownMessageListener.cs
 0.2 kb	 0.0% Packages/com.unity.visualscripting/Runtime/VisualScripting.Core/Listeners/UIInterfaces/UnityOnPointerClickMessageListener.cs
 0.2 kb	 0.0% Packages/com.unity.visualscripting/Runtime/VisualScripting.Core/Listeners/UI/UnityOnButtonClickMessageListener.cs
 0.2 kb	 0.0% Packages/com.unity.visualscripting/Runtime/VisualScripting.Core/Listeners/MonoBehaviour/UnityOnTriggerEnterMessageListener.cs
 0.2 kb	 0.0% Packages/com.unity.visualscripting/Runtime/VisualScripting.Core/Listeners/MonoBehaviour/UnityOnJointBreak2DMessageListener.cs
 0.2 kb	 0.0% Packages/com.unity.visualscripting/Runtime/VisualScripting.Core/Listeners/MonoBehaviour/UnityOnCollisionStayMessageListener.cs
 0.2 kb	 0.0% Packages/com.unity.visualscripting/Runtime/VisualScripting.Core/Listeners/MonoBehaviour/UnityOnCollisionExitMessageListener.cs
 0.2 kb	 0.0% Packages/com.unity.visualscripting/Runtime/VisualScripting.Core/Listeners/MonoBehaviour/UnityOnCollisionEnterMessageListener.cs
 0.2 kb	 0.0% Packages/com.unity.visualscripting/Runtime/VisualScripting.Core/Listeners/MonoBehaviour/UnityOnBecameVisibleMessageListener.cs
 0.2 kb	 0.0% Packages/com.unity.visualscripting/Runtime/VisualScripting.Core/EditorBinding/Inspector/InspectorActionDirectionAttribute.cs
 0.2 kb	 0.0% Packages/com.unity.visualscripting/Runtime/VisualScripting.Core/EditorBinding/Inspector/InspectViaImplementationsAttribute.cs
 0.2 kb	 0.0% Packages/com.unity.visualscripting/Runtime/VisualScripting.Core/Dependencies/FullSerializer/Internal/fsCyclicReferenceManager.cs
 0.2 kb	 0.0% Packages/com.unity.visualscripting/Runtime/VisualScripting.Core/Dependencies/FullSerializer/Converters/Unity/UnityEvent_Converter.cs
 0.2 kb	 0.0% Packages/com.unity.test-framework/UnityEngine.TestRunner/Utils/Vector4ComparerWithEqualsOperator.cs
 0.2 kb	 0.0% Packages/com.unity.test-framework/UnityEngine.TestRunner/Utils/Vector3ComparerWithEqualsOperator.cs
 0.2 kb	 0.0% Packages/com.unity.test-framework/UnityEngine.TestRunner/Utils/Vector2ComparerWithEqualsOperator.cs
 0.2 kb	 0.0% Packages/com.unity.test-framework/UnityEngine.TestRunner/TestRunner/RemoteHelpers/RemoteTestResultDataWithTestData.cs
 0.2 kb	 0.0% Packages/com.unity.test-framework/UnityEngine.TestRunner/TestRunner/Callbacks/TestResultRendererCallback.cs
 0.2 kb	 0.0% Packages/com.unity.render-pipelines.universal/Runtime/UniversalRenderPipelineCore.cs
 0.2 kb	 0.0% Packages/com.unity.render-pipelines.universal/Runtime/Passes/RenderObjectsPass.cs
 0.2 kb	 0.0% Packages/com.unity.render-pipelines.universal/Runtime/2D/PixelPerfectCamera.cs
 0.2 kb	 0.0% Packages/com.unity.render-pipelines.core/Runtime/Utilities/CoreRenderPipelinePreferences.cs
 0.2 kb	 0.0% Packages/com.unity.render-pipelines.core/Runtime/RenderGraph/RenderGraphResources.cs
 0.2 kb	 0.0% Packages/com.unity.render-pipelines.core/Runtime/Lighting/ProbeVolume/ProbeVolumeBakingProcessSettings.cs
 0.2 kb	 0.0% Packages/com.unity.render-pipelines.core/Runtime/Debugging/Prefabs/Scripts/DebugUIHandlerPersistentCanvas.cs
 0.2 kb	 0.0% Packages/com.unity.render-pipelines.core/Runtime/Debugging/Prefabs/Scripts/DebugUIHandlerObjectPopupField.cs
 0.2 kb	 0.0% Packages/com.unity.render-pipelines.core/Runtime/Debugging/Prefabs/Scripts/DebugUIHandlerIndirectFloatField.cs
 0.2 kb	 0.0% Packages/com.unity.render-pipelines.core/Runtime/Common/GlobalDynamicResolutionSettings.cs
 0.2 kb	 0.0% Assets/tiles/tilesoscuros2/mainlevbuild_99.asset
 0.2 kb	 0.0% Assets/tiles/tilesoscuros2/mainlevbuild_985.asset
 0.2 kb	 0.0% Assets/tiles/tilesoscuros2/mainlevbuild_984.asset
 0.2 kb	 0.0% Assets/tiles/tilesoscuros2/mainlevbuild_983.asset
 0.2 kb	 0.0% Assets/tiles/tilesoscuros2/mainlevbuild_982.asset
 0.2 kb	 0.0% Assets/tiles/tilesoscuros2/mainlevbuild_98.asset
 0.2 kb	 0.0% Assets/tiles/tilesoscuros2/mainlevbuild_972.asset
 0.2 kb	 0.0% Assets/tiles/tilesoscuros2/mainlevbuild_971.asset
 0.2 kb	 0.0% Assets/tiles/tilesoscuros2/mainlevbuild_970.asset
 0.2 kb	 0.0% Assets/tiles/tilesoscuros2/mainlevbuild_97.asset
 0.2 kb	 0.0% Assets/tiles/tilesoscuros2/mainlevbuild_969.asset
 0.2 kb	 0.0% Assets/tiles/tilesoscuros2/mainlevbuild_968.asset
 0.2 kb	 0.0% Assets/tiles/tilesoscuros2/mainlevbuild_967.asset
 0.2 kb	 0.0% Assets/tiles/tilesoscuros2/mainlevbuild_96.asset
 0.2 kb	 0.0% Assets/tiles/tilesoscuros2/mainlevbuild_959.asset
 0.2 kb	 0.0% Assets/tiles/tilesoscuros2/mainlevbuild_958.asset
 0.2 kb	 0.0% Assets/tiles/tilesoscuros2/mainlevbuild_957.asset
 0.2 kb	 0.0% Assets/tiles/tilesoscuros2/mainlevbuild_956.asset
 0.2 kb	 0.0% Assets/tiles/tilesoscuros2/mainlevbuild_946.asset
 0.2 kb	 0.0% Assets/tiles/tilesoscuros2/mainlevbuild_945.asset
 0.2 kb	 0.0% Assets/tiles/tilesoscuros2/mainlevbuild_944.asset
 0.2 kb	 0.0% Assets/tiles/tilesoscuros2/mainlevbuild_943.asset
 0.2 kb	 0.0% Assets/tiles/tilesoscuros2/mainlevbuild_942.asset
 0.2 kb	 0.0% Assets/tiles/tilesoscuros2/mainlevbuild_941.asset
 0.2 kb	 0.0% Assets/tiles/tilesoscuros2/mainlevbuild_938.asset
 0.2 kb	 0.0% Assets/tiles/tilesoscuros2/mainlevbuild_937.asset
 0.2 kb	 0.0% Assets/tiles/tilesoscuros2/mainlevbuild_933.asset
 0.2 kb	 0.0% Assets/tiles/tilesoscuros2/mainlevbuild_932.asset
 0.2 kb	 0.0% Assets/tiles/tilesoscuros2/mainlevbuild_931.asset
 0.2 kb	 0.0% Assets/tiles/tilesoscuros2/mainlevbuild_930.asset
 0.2 kb	 0.0% Assets/tiles/tilesoscuros2/mainlevbuild_915.asset
 0.2 kb	 0.0% Assets/tiles/tilesoscuros2/mainlevbuild_914.asset
 0.2 kb	 0.0% Assets/tiles/tilesoscuros2/mainlevbuild_913.asset
 0.2 kb	 0.0% Assets/tiles/tilesoscuros2/mainlevbuild_910.asset
 0.2 kb	 0.0% Assets/tiles/tilesoscuros2/mainlevbuild_909.asset
 0.2 kb	 0.0% Assets/tiles/tilesoscuros2/mainlevbuild_908.asset
 0.2 kb	 0.0% Assets/tiles/tilesoscuros2/mainlevbuild_907.asset
 0.2 kb	 0.0% Assets/tiles/tilesoscuros2/mainlevbuild_906.asset
 0.2 kb	 0.0% Assets/tiles/tilesoscuros2/mainlevbuild_905.asset
 0.2 kb	 0.0% Assets/tiles/tilesoscuros2/mainlevbuild_902.asset
 0.2 kb	 0.0% Assets/tiles/tilesoscuros2/mainlevbuild_901.asset
 0.2 kb	 0.0% Assets/tiles/tilesoscuros2/mainlevbuild_897.asset
 0.2 kb	 0.0% Assets/tiles/tilesoscuros2/mainlevbuild_896.asset
 0.2 kb	 0.0% Assets/tiles/tilesoscuros2/mainlevbuild_895.asset
 0.2 kb	 0.0% Assets/tiles/tilesoscuros2/mainlevbuild_894.asset
 0.2 kb	 0.0% Assets/tiles/tilesoscuros2/mainlevbuild_876.asset
 0.2 kb	 0.0% Assets/tiles/tilesoscuros2/mainlevbuild_875.asset
 0.2 kb	 0.0% Assets/tiles/tilesoscuros2/mainlevbuild_850.asset
 0.2 kb	 0.0% Assets/tiles/tilesoscuros2/mainlevbuild_849.asset
 0.2 kb	 0.0% Assets/tiles/tilesoscuros2/mainlevbuild_83.asset
 0.2 kb	 0.0% Assets/tiles/tilesoscuros2/mainlevbuild_82.asset
 0.2 kb	 0.0% Assets/tiles/tilesoscuros2/mainlevbuild_810.asset
 0.2 kb	 0.0% Assets/tiles/tilesoscuros2/mainlevbuild_809.asset
 0.2 kb	 0.0% Assets/tiles/tilesoscuros2/mainlevbuild_803.asset
 0.2 kb	 0.0% Assets/tiles/tilesoscuros2/mainlevbuild_8.asset
 0.2 kb	 0.0% Assets/tiles/tilesoscuros2/mainlevbuild_799.asset
 0.2 kb	 0.0% Assets/tiles/tilesoscuros2/mainlevbuild_781.asset
 0.2 kb	 0.0% Assets/tiles/tilesoscuros2/mainlevbuild_780.asset
 0.2 kb	 0.0% Assets/tiles/tilesoscuros2/mainlevbuild_774.asset
 0.2 kb	 0.0% Assets/tiles/tilesoscuros2/mainlevbuild_772.asset
 0.2 kb	 0.0% Assets/tiles/tilesoscuros2/mainlevbuild_77.asset
 0.2 kb	 0.0% Assets/tiles/tilesoscuros2/mainlevbuild_766.asset
 0.2 kb	 0.0% Assets/tiles/tilesoscuros2/mainlevbuild_765.asset
 0.2 kb	 0.0% Assets/tiles/tilesoscuros2/mainlevbuild_763.asset
 0.2 kb	 0.0% Assets/tiles/tilesoscuros2/mainlevbuild_761.asset
 0.2 kb	 0.0% Assets/tiles/tilesoscuros2/mainlevbuild_754.asset
 0.2 kb	 0.0% Assets/tiles/tilesoscuros2/mainlevbuild_753.asset
 0.2 kb	 0.0% Assets/tiles/tilesoscuros2/mainlevbuild_752.asset
 0.2 kb	 0.0% Assets/tiles/tilesoscuros2/mainlevbuild_750.asset
 0.2 kb	 0.0% Assets/tiles/tilesoscuros2/mainlevbuild_749.asset
 0.2 kb	 0.0% Assets/tiles/tilesoscuros2/mainlevbuild_748.asset
 0.2 kb	 0.0% Assets/tiles/tilesoscuros2/mainlevbuild_747.asset
 0.2 kb	 0.0% Assets/tiles/tilesoscuros2/mainlevbuild_741.asset
 0.2 kb	 0.0% Assets/tiles/tilesoscuros2/mainlevbuild_740.asset
 0.2 kb	 0.0% Assets/tiles/tilesoscuros2/mainlevbuild_736.asset
 0.2 kb	 0.0% Assets/tiles/tilesoscuros2/mainlevbuild_735.asset
 0.2 kb	 0.0% Assets/tiles/tilesoscuros2/mainlevbuild_734.asset
 0.2 kb	 0.0% Assets/tiles/tilesoscuros2/mainlevbuild_733.asset
 0.2 kb	 0.0% Assets/tiles/tilesoscuros2/mainlevbuild_730.asset
 0.2 kb	 0.0% Assets/tiles/tilesoscuros2/mainlevbuild_722.asset
 0.2 kb	 0.0% Assets/tiles/tilesoscuros2/mainlevbuild_721.asset
 0.2 kb	 0.0% Assets/tiles/tilesoscuros2/mainlevbuild_718.asset
 0.2 kb	 0.0% Assets/tiles/tilesoscuros2/mainlevbuild_717.asset
 0.2 kb	 0.0% Assets/tiles/tilesoscuros2/mainlevbuild_707.asset
 0.2 kb	 0.0% Assets/tiles/tilesoscuros2/mainlevbuild_706.asset
 0.2 kb	 0.0% Assets/tiles/tilesoscuros2/mainlevbuild_702.asset
 0.2 kb	 0.0% Assets/tiles/tilesoscuros2/mainlevbuild_701.asset
 0.2 kb	 0.0% Assets/tiles/tilesoscuros2/mainlevbuild_700.asset
 0.2 kb	 0.0% Assets/tiles/tilesoscuros2/mainlevbuild_7.asset
 0.2 kb	 0.0% Assets/tiles/tilesoscuros2/mainlevbuild_696.asset
 0.2 kb	 0.0% Assets/tiles/tilesoscuros2/mainlevbuild_689.asset
 0.2 kb	 0.0% Assets/tiles/tilesoscuros2/mainlevbuild_688.asset
 0.2 kb	 0.0% Assets/tiles/tilesoscuros2/mainlevbuild_687.asset
 0.2 kb	 0.0% Assets/tiles/tilesoscuros2/mainlevbuild_686.asset
 0.2 kb	 0.0% Assets/tiles/tilesoscuros2/mainlevbuild_685.asset
 0.2 kb	 0.0% Assets/tiles/tilesoscuros2/mainlevbuild_683.asset
 0.2 kb	 0.0% Assets/tiles/tilesoscuros2/mainlevbuild_675.asset
 0.2 kb	 0.0% Assets/tiles/tilesoscuros2/mainlevbuild_674.asset
 0.2 kb	 0.0% Assets/tiles/tilesoscuros2/mainlevbuild_671.asset
 0.2 kb	 0.0% Assets/tiles/tilesoscuros2/mainlevbuild_670.asset
 0.2 kb	 0.0% Assets/tiles/tilesoscuros2/mainlevbuild_654.asset
 0.2 kb	 0.0% Assets/tiles/tilesoscuros2/mainlevbuild_653.asset
 0.2 kb	 0.0% Assets/tiles/tilesoscuros2/mainlevbuild_652.asset
 0.2 kb	 0.0% Assets/tiles/tilesoscuros2/mainlevbuild_651.asset
 0.2 kb	 0.0% Assets/tiles/tilesoscuros2/mainlevbuild_650.asset
 0.2 kb	 0.0% Assets/tiles/tilesoscuros2/mainlevbuild_649.asset
 0.2 kb	 0.0% Assets/tiles/tilesoscuros2/mainlevbuild_648.asset
 0.2 kb	 0.0% Assets/tiles/tilesoscuros2/mainlevbuild_647.asset
 0.2 kb	 0.0% Assets/tiles/tilesoscuros2/mainlevbuild_633.asset
 0.2 kb	 0.0% Assets/tiles/tilesoscuros2/mainlevbuild_632.asset
 0.2 kb	 0.0% Assets/tiles/tilesoscuros2/mainlevbuild_627.asset
 0.2 kb	 0.0% Assets/tiles/tilesoscuros2/mainlevbuild_626.asset
 0.2 kb	 0.0% Assets/tiles/tilesoscuros2/mainlevbuild_618.asset
 0.2 kb	 0.0% Assets/tiles/tilesoscuros2/mainlevbuild_613.asset
 0.2 kb	 0.0% Assets/tiles/tilesoscuros2/mainlevbuild_610.asset
 0.2 kb	 0.0% Assets/tiles/tilesoscuros2/mainlevbuild_609.asset
 0.2 kb	 0.0% Assets/tiles/tilesoscuros2/mainlevbuild_608.asset
 0.2 kb	 0.0% Assets/tiles/tilesoscuros2/mainlevbuild_607.asset
 0.2 kb	 0.0% Assets/tiles/tilesoscuros2/mainlevbuild_606.asset
 0.2 kb	 0.0% Assets/tiles/tilesoscuros2/mainlevbuild_6.asset
 0.2 kb	 0.0% Assets/tiles/tilesoscuros2/mainlevbuild_592.asset
 0.2 kb	 0.0% Assets/tiles/tilesoscuros2/mainlevbuild_591.asset
 0.2 kb	 0.0% Assets/tiles/tilesoscuros2/mainlevbuild_586.asset
 0.2 kb	 0.0% Assets/tiles/tilesoscuros2/mainlevbuild_585.asset
 0.2 kb	 0.0% Assets/tiles/tilesoscuros2/mainlevbuild_58.asset
 0.2 kb	 0.0% Assets/tiles/tilesoscuros2/mainlevbuild_57.asset
 0.2 kb	 0.0% Assets/tiles/tilesoscuros2/mainlevbuild_568.asset
 0.2 kb	 0.0% Assets/tiles/tilesoscuros2/mainlevbuild_567.asset
 0.2 kb	 0.0% Assets/tiles/tilesoscuros2/mainlevbuild_566.asset
 0.2 kb	 0.0% Assets/tiles/tilesoscuros2/mainlevbuild_565.asset
 0.2 kb	 0.0% Assets/tiles/tilesoscuros2/mainlevbuild_564.asset
 0.2 kb	 0.0% Assets/tiles/tilesoscuros2/mainlevbuild_560.asset
 0.2 kb	 0.0% Assets/tiles/tilesoscuros2/mainlevbuild_56.asset
 0.2 kb	 0.0% Assets/tiles/tilesoscuros2/mainlevbuild_55.asset
 0.2 kb	 0.0% Assets/tiles/tilesoscuros2/mainlevbuild_543.asset
 0.2 kb	 0.0% Assets/tiles/tilesoscuros2/mainlevbuild_542.asset
 0.2 kb	 0.0% Assets/tiles/tilesoscuros2/mainlevbuild_541.asset
 0.2 kb	 0.0% Assets/tiles/tilesoscuros2/mainlevbuild_540.asset
 0.2 kb	 0.0% Assets/tiles/tilesoscuros2/mainlevbuild_518.asset
 0.2 kb	 0.0% Assets/tiles/tilesoscuros2/mainlevbuild_517.asset
 0.2 kb	 0.0% Assets/tiles/tilesoscuros2/mainlevbuild_514.asset
 0.2 kb	 0.0% Assets/tiles/tilesoscuros2/mainlevbuild_513.asset
 0.2 kb	 0.0% Assets/tiles/tilesoscuros2/mainlevbuild_509.asset
 0.2 kb	 0.0% Assets/tiles/tilesoscuros2/mainlevbuild_508.asset
 0.2 kb	 0.0% Assets/tiles/tilesoscuros2/mainlevbuild_507.asset
 0.2 kb	 0.0% Assets/tiles/tilesoscuros2/mainlevbuild_506.asset
 0.2 kb	 0.0% Assets/tiles/tilesoscuros2/mainlevbuild_500.asset
 0.2 kb	 0.0% Assets/tiles/tilesoscuros2/mainlevbuild_5.asset
 0.2 kb	 0.0% Assets/tiles/tilesoscuros2/mainlevbuild_499.asset
 0.2 kb	 0.0% Assets/tiles/tilesoscuros2/mainlevbuild_498.asset
 0.2 kb	 0.0% Assets/tiles/tilesoscuros2/mainlevbuild_497.asset
 0.2 kb	 0.0% Assets/tiles/tilesoscuros2/mainlevbuild_496.asset
 0.2 kb	 0.0% Assets/tiles/tilesoscuros2/mainlevbuild_48.asset
 0.2 kb	 0.0% Assets/tiles/tilesoscuros2/mainlevbuild_475.asset
 0.2 kb	 0.0% Assets/tiles/tilesoscuros2/mainlevbuild_474.asset
 0.2 kb	 0.0% Assets/tiles/tilesoscuros2/mainlevbuild_471.asset
 0.2 kb	 0.0% Assets/tiles/tilesoscuros2/mainlevbuild_470.asset
 0.2 kb	 0.0% Assets/tiles/tilesoscuros2/mainlevbuild_47.asset
 0.2 kb	 0.0% Assets/tiles/tilesoscuros2/mainlevbuild_466.asset
 0.2 kb	 0.0% Assets/tiles/tilesoscuros2/mainlevbuild_465.asset
 0.2 kb	 0.0% Assets/tiles/tilesoscuros2/mainlevbuild_464.asset
 0.2 kb	 0.0% Assets/tiles/tilesoscuros2/mainlevbuild_463.asset
 0.2 kb	 0.0% Assets/tiles/tilesoscuros2/mainlevbuild_460.asset
 0.2 kb	 0.0% Assets/tiles/tilesoscuros2/mainlevbuild_459.asset
 0.2 kb	 0.0% Assets/tiles/tilesoscuros2/mainlevbuild_457.asset
 0.2 kb	 0.0% Assets/tiles/tilesoscuros2/mainlevbuild_456.asset
 0.2 kb	 0.0% Assets/tiles/tilesoscuros2/mainlevbuild_455.asset
 0.2 kb	 0.0% Assets/tiles/tilesoscuros2/mainlevbuild_454.asset
 0.2 kb	 0.0% Assets/tiles/tilesoscuros2/mainlevbuild_453.asset
 0.2 kb	 0.0% Assets/tiles/tilesoscuros2/mainlevbuild_432.asset
 0.2 kb	 0.0% Assets/tiles/tilesoscuros2/mainlevbuild_431.asset
 0.2 kb	 0.0% Assets/tiles/tilesoscuros2/mainlevbuild_428.asset
 0.2 kb	 0.0% Assets/tiles/tilesoscuros2/mainlevbuild_427.asset
 0.2 kb	 0.0% Assets/tiles/tilesoscuros2/mainlevbuild_423.asset
 0.2 kb	 0.0% Assets/tiles/tilesoscuros2/mainlevbuild_422.asset
 0.2 kb	 0.0% Assets/tiles/tilesoscuros2/mainlevbuild_421.asset
 0.2 kb	 0.0% Assets/tiles/tilesoscuros2/mainlevbuild_420.asset
 0.2 kb	 0.0% Assets/tiles/tilesoscuros2/mainlevbuild_42.asset
 0.2 kb	 0.0% Assets/tiles/tilesoscuros2/mainlevbuild_416.asset
 0.2 kb	 0.0% Assets/tiles/tilesoscuros2/mainlevbuild_414.asset
 0.2 kb	 0.0% Assets/tiles/tilesoscuros2/mainlevbuild_413.asset
 0.2 kb	 0.0% Assets/tiles/tilesoscuros2/mainlevbuild_412.asset
 0.2 kb	 0.0% Assets/tiles/tilesoscuros2/mainlevbuild_411.asset
 0.2 kb	 0.0% Assets/tiles/tilesoscuros2/mainlevbuild_410.asset
 0.2 kb	 0.0% Assets/tiles/tilesoscuros2/mainlevbuild_375.asset
 0.2 kb	 0.0% Assets/tiles/tilesoscuros2/mainlevbuild_374.asset
 0.2 kb	 0.0% Assets/tiles/tilesoscuros2/mainlevbuild_373.asset
 0.2 kb	 0.0% Assets/tiles/tilesoscuros2/mainlevbuild_372.asset
 0.2 kb	 0.0% Assets/tiles/tilesoscuros2/mainlevbuild_371.asset
 0.2 kb	 0.0% Assets/tiles/tilesoscuros2/mainlevbuild_370.asset
 0.2 kb	 0.0% Assets/tiles/tilesoscuros2/mainlevbuild_346.asset
 0.2 kb	 0.0% Assets/tiles/tilesoscuros2/mainlevbuild_345.asset
 0.2 kb	 0.0% Assets/tiles/tilesoscuros2/mainlevbuild_344.asset
 0.2 kb	 0.0% Assets/tiles/tilesoscuros2/mainlevbuild_339.asset
 0.2 kb	 0.0% Assets/tiles/tilesoscuros2/mainlevbuild_332.asset
 0.2 kb	 0.0% Assets/tiles/tilesoscuros2/mainlevbuild_331.asset
 0.2 kb	 0.0% Assets/tiles/tilesoscuros2/mainlevbuild_330.asset
 0.2 kb	 0.0% Assets/tiles/tilesoscuros2/mainlevbuild_33.asset
 0.2 kb	 0.0% Assets/tiles/tilesoscuros2/mainlevbuild_329.asset
 0.2 kb	 0.0% Assets/tiles/tilesoscuros2/mainlevbuild_328.asset
 0.2 kb	 0.0% Assets/tiles/tilesoscuros2/mainlevbuild_327.asset
 0.2 kb	 0.0% Assets/tiles/tilesoscuros2/mainlevbuild_326.asset
 0.2 kb	 0.0% Assets/tiles/tilesoscuros2/mainlevbuild_325.asset
 0.2 kb	 0.0% Assets/tiles/tilesoscuros2/mainlevbuild_324.asset
 0.2 kb	 0.0% Assets/tiles/tilesoscuros2/mainlevbuild_323.asset
 0.2 kb	 0.0% Assets/tiles/tilesoscuros2/mainlevbuild_322.asset
 0.2 kb	 0.0% Assets/tiles/tilesoscuros2/mainlevbuild_321.asset
 0.2 kb	 0.0% Assets/tiles/tilesoscuros2/mainlevbuild_32.asset
 0.2 kb	 0.0% Assets/tiles/tilesoscuros2/mainlevbuild_317.asset
 0.2 kb	 0.0% Assets/tiles/tilesoscuros2/mainlevbuild_316.asset
 0.2 kb	 0.0% Assets/tiles/tilesoscuros2/mainlevbuild_315.asset
 0.2 kb	 0.0% Assets/tiles/tilesoscuros2/mainlevbuild_310.asset
 0.2 kb	 0.0% Assets/tiles/tilesoscuros2/mainlevbuild_31.asset
 0.2 kb	 0.0% Assets/tiles/tilesoscuros2/mainlevbuild_303.asset
 0.2 kb	 0.0% Assets/tiles/tilesoscuros2/mainlevbuild_302.asset
 0.2 kb	 0.0% Assets/tiles/tilesoscuros2/mainlevbuild_301.asset
 0.2 kb	 0.0% Assets/tiles/tilesoscuros2/mainlevbuild_300.asset
 0.2 kb	 0.0% Assets/tiles/tilesoscuros2/mainlevbuild_30.asset
 0.2 kb	 0.0% Assets/tiles/tilesoscuros2/mainlevbuild_299.asset
 0.2 kb	 0.0% Assets/tiles/tilesoscuros2/mainlevbuild_298.asset
 0.2 kb	 0.0% Assets/tiles/tilesoscuros2/mainlevbuild_297.asset
 0.2 kb	 0.0% Assets/tiles/tilesoscuros2/mainlevbuild_296.asset
 0.2 kb	 0.0% Assets/tiles/tilesoscuros2/mainlevbuild_295.asset
 0.2 kb	 0.0% Assets/tiles/tilesoscuros2/mainlevbuild_294.asset
 0.2 kb	 0.0% Assets/tiles/tilesoscuros2/mainlevbuild_293.asset
 0.2 kb	 0.0% Assets/tiles/tilesoscuros2/mainlevbuild_292.asset
 0.2 kb	 0.0% Assets/tiles/tilesoscuros2/mainlevbuild_280.asset
 0.2 kb	 0.0% Assets/tiles/tilesoscuros2/mainlevbuild_273.asset
 0.2 kb	 0.0% Assets/tiles/tilesoscuros2/mainlevbuild_272.asset
 0.2 kb	 0.0% Assets/tiles/tilesoscuros2/mainlevbuild_271.asset
 0.2 kb	 0.0% Assets/tiles/tilesoscuros2/mainlevbuild_270.asset
 0.2 kb	 0.0% Assets/tiles/tilesoscuros2/mainlevbuild_269.asset
 0.2 kb	 0.0% Assets/tiles/tilesoscuros2/mainlevbuild_268.asset
 0.2 kb	 0.0% Assets/tiles/tilesoscuros2/mainlevbuild_267.asset
 0.2 kb	 0.0% Assets/tiles/tilesoscuros2/mainlevbuild_266.asset
 0.2 kb	 0.0% Assets/tiles/tilesoscuros2/mainlevbuild_265.asset
 0.2 kb	 0.0% Assets/tiles/tilesoscuros2/mainlevbuild_264.asset
 0.2 kb	 0.0% Assets/tiles/tilesoscuros2/mainlevbuild_263.asset
 0.2 kb	 0.0% Assets/tiles/tilesoscuros2/mainlevbuild_262.asset
 0.2 kb	 0.0% Assets/tiles/tilesoscuros2/mainlevbuild_258.asset
 0.2 kb	 0.0% Assets/tiles/tilesoscuros2/mainlevbuild_256.asset
 0.2 kb	 0.0% Assets/tiles/tilesoscuros2/mainlevbuild_243.asset
 0.2 kb	 0.0% Assets/tiles/tilesoscuros2/mainlevbuild_242.asset
 0.2 kb	 0.0% Assets/tiles/tilesoscuros2/mainlevbuild_241.asset
 0.2 kb	 0.0% Assets/tiles/tilesoscuros2/mainlevbuild_240.asset
 0.2 kb	 0.0% Assets/tiles/tilesoscuros2/mainlevbuild_239.asset
 0.2 kb	 0.0% Assets/tiles/tilesoscuros2/mainlevbuild_238.asset
 0.2 kb	 0.0% Assets/tiles/tilesoscuros2/mainlevbuild_205.asset
 0.2 kb	 0.0% Assets/tiles/tilesoscuros2/mainlevbuild_204.asset
 0.2 kb	 0.0% Assets/tiles/tilesoscuros2/mainlevbuild_203.asset
 0.2 kb	 0.0% Assets/tiles/tilesoscuros2/mainlevbuild_202.asset
 0.2 kb	 0.0% Assets/tiles/tilesoscuros2/mainlevbuild_201.asset
 0.2 kb	 0.0% Assets/tiles/tilesoscuros2/mainlevbuild_200.asset
 0.2 kb	 0.0% Assets/tiles/tilesoscuros2/mainlevbuild_199.asset
 0.2 kb	 0.0% Assets/tiles/tilesoscuros2/mainlevbuild_198.asset
 0.2 kb	 0.0% Assets/tiles/tilesoscuros2/mainlevbuild_197.asset
 0.2 kb	 0.0% Assets/tiles/tilesoscuros2/mainlevbuild_196.asset
 0.2 kb	 0.0% Assets/tiles/tilesoscuros2/mainlevbuild_191.asset
 0.2 kb	 0.0% Assets/tiles/tilesoscuros2/mainlevbuild_190.asset
 0.2 kb	 0.0% Assets/tiles/tilesoscuros2/mainlevbuild_189.asset
 0.2 kb	 0.0% Assets/tiles/tilesoscuros2/mainlevbuild_188.asset
 0.2 kb	 0.0% Assets/tiles/tilesoscuros2/mainlevbuild_173.asset
 0.2 kb	 0.0% Assets/tiles/tilesoscuros2/mainlevbuild_172.asset
 0.2 kb	 0.0% Assets/tiles/tilesoscuros2/mainlevbuild_167.asset
 0.2 kb	 0.0% Assets/tiles/tilesoscuros2/mainlevbuild_158.asset
 0.2 kb	 0.0% Assets/tiles/tilesoscuros2/mainlevbuild_157.asset
 0.2 kb	 0.0% Assets/tiles/tilesoscuros2/mainlevbuild_156.asset
 0.2 kb	 0.0% Assets/tiles/tilesoscuros2/mainlevbuild_155.asset
 0.2 kb	 0.0% Assets/tiles/tilesoscuros2/mainlevbuild_154.asset
 0.2 kb	 0.0% Assets/tiles/tilesoscuros2/mainlevbuild_153.asset
 0.2 kb	 0.0% Assets/tiles/tilesoscuros2/mainlevbuild_152.asset
 0.2 kb	 0.0% Assets/tiles/tilesoscuros2/mainlevbuild_151.asset
 0.2 kb	 0.0% Assets/tiles/tilesoscuros2/mainlevbuild_150.asset
 0.2 kb	 0.0% Assets/tiles/tilesoscuros2/mainlevbuild_149.asset
 0.2 kb	 0.0% Assets/tiles/tilesoscuros2/mainlevbuild_144.asset
 0.2 kb	 0.0% Assets/tiles/tilesoscuros2/mainlevbuild_143.asset
 0.2 kb	 0.0% Assets/tiles/tilesoscuros2/mainlevbuild_142.asset
 0.2 kb	 0.0% Assets/tiles/tilesoscuros2/mainlevbuild_141.asset
 0.2 kb	 0.0% Assets/tiles/tilesoscuros2/mainlevbuild_126.asset
 0.2 kb	 0.0% Assets/tiles/tilesoscuros2/mainlevbuild_125.asset
 0.2 kb	 0.0% Assets/tiles/tilesoscuros2/mainlevbuild_120.asset
 0.2 kb	 0.0% Assets/tiles/tilesoscuros2/mainlevbuild_112.asset
 0.2 kb	 0.0% Assets/tiles/tilesoscuros2/mainlevbuild_111.asset
 0.2 kb	 0.0% Assets/tiles/tilesoscuros2/mainlevbuild_110.asset
 0.2 kb	 0.0% Assets/tiles/tilesoscuros2/mainlevbuild_109.asset
 0.2 kb	 0.0% Assets/tiles/tilesoscuros2/mainlevbuild_108.asset
 0.2 kb	 0.0% Assets/tiles/tilesoscuros2/mainlevbuild_107.asset
 0.2 kb	 0.0% Assets/tiles/tilesoscuros2/mainlevbuild_106.asset
 0.2 kb	 0.0% Assets/tiles/tilesoscuros2/mainlevbuild_105.asset
 0.2 kb	 0.0% Assets/tiles/tilesoscuros2/mainlevbuild_104.asset
 0.2 kb	 0.0% Assets/tiles/tilesoscuros2/mainlevbuild_103.asset
 0.2 kb	 0.0% Assets/tiles/tilesnivel6/tiles6.3_1522.asset
 0.2 kb	 0.0% Assets/tiles/tilesnivel6/tiles6.3_1508.asset
 0.2 kb	 0.0% Assets/tiles/tilesnivel6/tiles6.3_1504.asset
 0.2 kb	 0.0% Assets/tiles/tilesnivel6/tiles6.3_1503.asset
 0.2 kb	 0.0% Assets/tiles/tilesnivel6/tiles6.3_1502.asset
 0.2 kb	 0.0% Assets/tiles/tilesnivel6/tiles6.3_1501.asset
 0.2 kb	 0.0% Assets/tiles/tilesnivel6/tiles6.3_1483.asset
 0.2 kb	 0.0% Assets/tiles/tilesnivel6/tiles6.3_1482.asset
 0.2 kb	 0.0% Assets/tiles/tilesnivel6/tiles6.3_1481.asset
 0.2 kb	 0.0% Assets/tiles/tilesnivel6/tiles6.3_1474.asset
 0.2 kb	 0.0% Assets/tiles/tilesnivel6/tiles6.3_1472.asset
 0.2 kb	 0.0% Assets/tiles/tilesnivel6/tiles6.3_1471.asset
 0.2 kb	 0.0% Assets/tiles/tilesnivel6/tiles6.3_1468.asset
 0.2 kb	 0.0% Assets/tiles/tilesnivel6/tiles6.3_1467.asset
 0.2 kb	 0.0% Assets/tiles/tilesnivel6/tiles6.3_1466.asset
 0.2 kb	 0.0% Assets/tiles/tilesnivel6/tiles6.3_1463.asset
 0.2 kb	 0.0% Assets/tiles/tilesnivel6/tiles6.3_1462.asset
 0.2 kb	 0.0% Assets/tiles/tilesnivel6/tiles6.3_1461.asset
 0.2 kb	 0.0% Assets/tiles/tilesnivel6/tiles6.3_1456.asset
 0.2 kb	 0.0% Assets/tiles/tilesnivel6/tiles6.3_1455.asset
 0.2 kb	 0.0% Assets/tiles/tilesnivel6/tiles6.3_1454.asset
 0.2 kb	 0.0% Assets/tiles/tilesnivel6/tiles6.3_1453.asset
 0.2 kb	 0.0% Assets/tiles/tilesnivel6/tiles6.3_1435.asset
 0.2 kb	 0.0% Assets/tiles/tilesnivel6/tiles6.3_1434.asset
 0.2 kb	 0.0% Assets/tiles/tilesnivel6/tiles6.3_1433.asset
 0.2 kb	 0.0% Assets/tiles/tilesnivel6/tiles6.3_1426.asset
 0.2 kb	 0.0% Assets/tiles/tilesnivel6/tiles6.3_1424.asset
 0.2 kb	 0.0% Assets/tiles/tilesnivel6/tiles6.3_1423.asset
 0.2 kb	 0.0% Assets/tiles/tilesnivel6/tiles6.3_1420.asset
 0.2 kb	 0.0% Assets/tiles/tilesnivel6/tiles6.3_1419.asset
 0.2 kb	 0.0% Assets/tiles/tilesnivel6/tiles6.3_1418.asset
 0.2 kb	 0.0% Assets/tiles/tilesnivel6/tiles6.3_1415.asset
 0.2 kb	 0.0% Assets/tiles/tilesnivel6/tiles6.3_1414.asset
 0.2 kb	 0.0% Assets/tiles/tilesnivel6/tiles6.3_1408.asset
 0.2 kb	 0.0% Assets/tiles/tilesnivel6/tiles6.3_1407.asset
 0.2 kb	 0.0% Assets/tiles/tilesnivel6/tiles6.3_1406.asset
 0.2 kb	 0.0% Assets/tiles/tilesnivel6/tiles6.3_1405.asset
 0.2 kb	 0.0% Assets/tiles/tilesnivel6/tiles6.3_1403.asset
 0.2 kb	 0.0% Assets/tiles/tilesnivel6/tiles6.3_1400.asset
 0.2 kb	 0.0% Assets/tiles/tilesnivel6/tiles6.3_1387.asset
 0.2 kb	 0.0% Assets/tiles/tilesnivel6/tiles6.3_1386.asset
 0.2 kb	 0.0% Assets/tiles/tilesnivel6/tiles6.3_1385.asset
 0.2 kb	 0.0% Assets/tiles/tilesnivel6/tiles6.3_1378.asset
 0.2 kb	 0.0% Assets/tiles/tilesnivel6/tiles6.3_1376.asset
 0.2 kb	 0.0% Assets/tiles/tilesnivel6/tiles6.3_1375.asset
 0.2 kb	 0.0% Assets/tiles/tilesnivel6/tiles6.3_1374.asset
 0.2 kb	 0.0% Assets/tiles/tilesnivel6/tiles6.3_1372.asset
 0.2 kb	 0.0% Assets/tiles/tilesnivel6/tiles6.3_1371.asset
 0.2 kb	 0.0% Assets/tiles/tilesnivel6/tiles6.3_1359.asset
 0.2 kb	 0.0% Assets/tiles/tilesnivel6/tiles6.3_1358.asset
 0.2 kb	 0.0% Assets/tiles/tilesnivel6/tiles6.3_1355.asset
 0.2 kb	 0.0% Assets/tiles/tilesnivel6/tiles6.3_1339.asset
 0.2 kb	 0.0% Assets/tiles/tilesnivel6/tiles6.3_1338.asset
 0.2 kb	 0.0% Assets/tiles/tilesnivel6/tiles6.3_1337.asset
 0.2 kb	 0.0% Assets/tiles/tilesnivel6/tiles6.3_1330.asset
 0.2 kb	 0.0% Assets/tiles/tilesnivel6/tiles6.3_1328.asset
 0.2 kb	 0.0% Assets/tiles/tilesnivel6/tiles6.3_1327.asset
 0.2 kb	 0.0% Assets/tiles/tilesnivel6/tiles6.3_1326.asset
 0.2 kb	 0.0% Assets/tiles/tilesnivel6/tiles6.3_1324.asset
 0.2 kb	 0.0% Assets/tiles/tilesnivel6/tiles6.3_1323.asset
 0.2 kb	 0.0% Assets/tiles/tilesnivel6/tiles6.3_1317.asset
 0.2 kb	 0.0% Assets/tiles/tilesnivel6/tiles6.3_1291.asset
 0.2 kb	 0.0% Assets/tiles/tilesnivel6/tiles6.3_1290.asset
 0.2 kb	 0.0% Assets/tiles/tilesnivel6/tiles6.3_1289.asset
 0.2 kb	 0.0% Assets/tiles/tilesnivel6/tiles6.3_1282.asset
 0.2 kb	 0.0% Assets/tiles/tilesnivel6/tiles6.3_1280.asset
 0.2 kb	 0.0% Assets/tiles/tilesnivel6/tiles6.3_1279.asset
 0.2 kb	 0.0% Assets/tiles/tilesnivel6/tiles6.3_1278.asset
 0.2 kb	 0.0% Assets/tiles/tilesnivel6/tiles6.3_1243.asset
 0.2 kb	 0.0% Assets/tiles/tilesnivel6/tiles6.3_1242.asset
 0.2 kb	 0.0% Assets/tiles/tilesnivel6/tiles6.3_1241.asset
 0.2 kb	 0.0% Assets/tiles/tilesnivel6/tiles6.3_1228.asset
 0.2 kb	 0.0% Assets/tiles/tilesnivel6/tiles6.3_1224.asset
 0.2 kb	 0.0% Assets/tiles/tilesnivel6/tiles6.3_1223.asset
 0.2 kb	 0.0% Assets/tiles/tilesnivel6/tiles6.3_1212.asset
 0.2 kb	 0.0% Assets/tiles/tilesnivel6/tiles6.3_1211.asset
 0.2 kb	 0.0% Assets/tiles/tilesnivel6/tiles6.3_1184.asset
 0.2 kb	 0.0% Assets/tiles/tilesnivel6/tiles6.3_1183.asset
 0.2 kb	 0.0% Assets/tiles/tilesnivel6/tiles6.3_1176.asset
 0.2 kb	 0.0% Assets/tiles/tilesnivel6/tiles6.3_1175.asset
 0.2 kb	 0.0% Assets/tiles/tilesnivel6/tiles6.3_1174.asset
 0.2 kb	 0.0% Assets/tiles/tilesnivel6/tiles6.3_1173.asset
 0.2 kb	 0.0% Assets/tiles/tilesnivel6/tiles6.3_1164.asset
 0.2 kb	 0.0% Assets/tiles/tilesnivel6/tiles6.3_1163.asset
 0.2 kb	 0.0% Assets/tiles/tilesnivel6/tiles6.3_1152.asset
 0.2 kb	 0.0% Assets/tiles/tilesnivel6/tiles6.3_1151.asset
 0.2 kb	 0.0% Assets/tiles/tilesnivel6/tiles6.3_1143.asset
 0.2 kb	 0.0% Assets/tiles/tilesnivel6/tiles6.3_1142.asset
 0.2 kb	 0.0% Assets/tiles/tilesnivel6/tiles6.3_1141.asset
 0.2 kb	 0.0% Assets/tiles/tilesnivel6/tiles6.3_1126.asset
 0.2 kb	 0.0% Assets/tiles/tilesnivel6/tiles6.3_1125.asset
 0.2 kb	 0.0% Assets/tiles/tilesnivel6/tiles6.3_1123.asset
 0.2 kb	 0.0% Assets/tiles/tilesnivel6/tiles6.3_1122.asset
 0.2 kb	 0.0% Assets/tiles/tilesnivel6/tiles6.3_1121.asset
 0.2 kb	 0.0% Assets/tiles/tilesnivel6/tiles6.3_1120.asset
 0.2 kb	 0.0% Assets/tiles/tilesnivel6/tiles6.3_1116.asset
 0.2 kb	 0.0% Assets/tiles/tilesnivel6/tiles6.3_1115.asset
 0.2 kb	 0.0% Assets/tiles/tilesnivel6/tiles6.3_1104.asset
 0.2 kb	 0.0% Assets/tiles/tilesnivel6/tiles6.3_1103.asset
 0.2 kb	 0.0% Assets/tiles/tilesnivel6/tiles6.3_1095.asset
 0.2 kb	 0.0% Assets/tiles/tilesnivel6/tiles6.3_1094.asset
 0.2 kb	 0.0% Assets/tiles/tilesnivel6/tiles6.3_1093.asset
 0.2 kb	 0.0% Assets/tiles/tilesnivel6/tiles6.3_1079.asset
 0.2 kb	 0.0% Assets/tiles/tilesnivel6/tiles6.3_1078.asset
 0.2 kb	 0.0% Assets/tiles/tilesnivel6/tiles6.3_1077.asset
 0.2 kb	 0.0% Assets/tiles/tilesnivel6/tiles6.3_1075.asset
 0.2 kb	 0.0% Assets/tiles/tilesnivel6/tiles6.3_1074.asset
 0.2 kb	 0.0% Assets/tiles/tilesnivel6/tiles6.3_1073.asset
 0.2 kb	 0.0% Assets/tiles/tilesnivel6/tiles6.3_1072.asset
 0.2 kb	 0.0% Assets/tiles/tilesnivel6/tiles6.3_1068.asset
 0.2 kb	 0.0% Assets/tiles/tilesnivel6/tiles6.3_1067.asset
 0.2 kb	 0.0% Assets/tiles/tilesnivel6/tiles6.3_1066.asset
 0.2 kb	 0.0% Assets/tiles/tilesnivel6/tiles6.3_1056.asset
 0.2 kb	 0.0% Assets/tiles/tilesnivel6/tiles6.3_1055.asset
 0.2 kb	 0.0% Assets/tiles/tilesnivel6/tiles6.3_1047.asset
 0.2 kb	 0.0% Assets/tiles/tilesnivel6/tiles6.3_1046.asset
 0.2 kb	 0.0% Assets/tiles/tilesnivel6/tiles6.3_1045.asset
 0.2 kb	 0.0% Assets/tiles/tilesnivel6/tiles6.3_1031.asset
 0.2 kb	 0.0% Assets/tiles/tilesnivel6/tiles6.3_1030.asset
 0.2 kb	 0.0% Assets/tiles/tilesnivel6/tiles6.3_1029.asset
 0.2 kb	 0.0% Assets/tiles/tilesnivel6/tiles6.3_1028.asset
 0.2 kb	 0.0% Assets/tiles/tilesnivel6/tiles6.3_1027.asset
 0.2 kb	 0.0% Assets/tiles/tilesnivel6/tiles6.3_1026.asset
 0.2 kb	 0.0% Assets/tiles/tilesnivel6/tiles6.3_1025.asset
 0.2 kb	 0.0% Assets/tiles/tilesnivel6/tiles6.3_1024.asset
 0.2 kb	 0.0% Assets/tiles/tilesnivel6/tiles6.3_1020.asset
 0.2 kb	 0.0% Assets/tiles/tilesnivel6/tiles6.3_1019.asset
 0.2 kb	 0.0% Assets/tiles/tilesnivel6/tiles6.1_1514.asset
 0.2 kb	 0.0% Assets/tiles/tilesnivel6/tiles6.1_1513.asset
 0.2 kb	 0.0% Assets/tiles/tilesnivel6/tiles6.1_1512.asset
 0.2 kb	 0.0% Assets/tiles/tilesnivel6/tiles6.1_1511.asset
 0.2 kb	 0.0% Assets/tiles/tilesnivel6/tiles6.1_1510.asset
 0.2 kb	 0.0% Assets/tiles/tilesnivel6/tiles6.1_1509.asset
 0.2 kb	 0.0% Assets/tiles/tilesnivel6/tiles6.1_1508.asset
 0.2 kb	 0.0% Assets/tiles/tilesnivel6/tiles6.1_1507.asset
 0.2 kb	 0.0% Assets/tiles/tilesnivel6/tiles6.1_1506.asset
 0.2 kb	 0.0% Assets/tiles/tilesnivel6/tiles6.1_1505.asset
 0.2 kb	 0.0% Assets/tiles/tilesnivel6/tiles6.1_1504.asset
 0.2 kb	 0.0% Assets/tiles/tilesnivel6/tiles6.1_1503.asset
 0.2 kb	 0.0% Assets/tiles/tilesnivel6/tiles6.1_1502.asset
 0.2 kb	 0.0% Assets/tiles/tilesnivel6/tiles6.1_1501.asset
 0.2 kb	 0.0% Assets/tiles/tilesnivel6/tiles6.1_1500.asset
 0.2 kb	 0.0% Assets/tiles/tilesnivel6/tiles6.1_1499.asset
 0.2 kb	 0.0% Assets/tiles/tilesnivel6/tiles6.1_1498.asset
 0.2 kb	 0.0% Assets/tiles/tilesnivel6/tiles6.1_1497.asset
 0.2 kb	 0.0% Assets/tiles/tilesnivel6/tiles6.1_1496.asset
 0.2 kb	 0.0% Assets/tiles/tilesnivel6/tiles6.1_1495.asset
 0.2 kb	 0.0% Assets/tiles/tilesnivel6/tiles6.1_1494.asset
 0.2 kb	 0.0% Assets/tiles/tilesnivel6/tiles6.1_1493.asset
 0.2 kb	 0.0% Assets/tiles/tilesnivel6/tiles6.1_1492.asset
 0.2 kb	 0.0% Assets/tiles/tilesnivel6/tiles6.1_1491.asset
 0.2 kb	 0.0% Assets/tiles/tilesnivel6/tiles6.1_1490.asset
 0.2 kb	 0.0% Assets/tiles/tilesnivel6/tiles6.1_1489.asset
 0.2 kb	 0.0% Assets/tiles/tilesnivel6/tiles6.1_1488.asset
 0.2 kb	 0.0% Assets/tiles/tilesnivel6/tiles6.1_1487.asset
 0.2 kb	 0.0% Assets/tiles/tilesnivel6/tiles6.1_1486.asset
 0.2 kb	 0.0% Assets/tiles/tilesnivel6/tiles6.1_1485.asset
 0.2 kb	 0.0% Assets/tiles/tilesnivel6/tiles6.1_1484.asset
 0.2 kb	 0.0% Assets/tiles/tilesnivel6/tiles6.1_1483.asset
 0.2 kb	 0.0% Assets/tiles/tilesnivel6/tiles6.1_1482.asset
 0.2 kb	 0.0% Assets/tiles/tilesnivel6/tiles6.1_1481.asset
 0.2 kb	 0.0% Assets/tiles/tilesnivel6/tiles6.1_1466.asset
 0.2 kb	 0.0% Assets/tiles/tilesnivel6/tiles6.1_1465.asset
 0.2 kb	 0.0% Assets/tiles/tilesnivel6/tiles6.1_1464.asset
 0.2 kb	 0.0% Assets/tiles/tilesnivel6/tiles6.1_1463.asset
 0.2 kb	 0.0% Assets/tiles/tilesnivel6/tiles6.1_1462.asset
 0.2 kb	 0.0% Assets/tiles/tilesnivel6/tiles6.1_1461.asset
 0.2 kb	 0.0% Assets/tiles/tilesnivel6/tiles6.1_1460.asset
 0.2 kb	 0.0% Assets/tiles/tilesnivel6/tiles6.1_1459.asset
 0.2 kb	 0.0% Assets/tiles/tilesnivel6/tiles6.1_1458.asset
 0.2 kb	 0.0% Assets/tiles/tilesnivel6/tiles6.1_1457.asset
 0.2 kb	 0.0% Assets/tiles/tilesnivel6/tiles6.1_1456.asset
 0.2 kb	 0.0% Assets/tiles/tilesnivel6/tiles6.1_1455.asset
 0.2 kb	 0.0% Assets/tiles/tilesnivel6/tiles6.1_1454.asset
 0.2 kb	 0.0% Assets/tiles/tilesnivel6/tiles6.1_1453.asset
 0.2 kb	 0.0% Assets/tiles/tilesnivel6/tiles6.1_1452.asset
 0.2 kb	 0.0% Assets/tiles/tilesnivel6/tiles6.1_1451.asset
 0.2 kb	 0.0% Assets/tiles/tilesnivel6/tiles6.1_1450.asset
 0.2 kb	 0.0% Assets/tiles/tilesnivel6/tiles6.1_1449.asset
 0.2 kb	 0.0% Assets/tiles/tilesnivel6/tiles6.1_1448.asset
 0.2 kb	 0.0% Assets/tiles/tilesnivel6/tiles6.1_1447.asset
 0.2 kb	 0.0% Assets/tiles/tilesnivel6/tiles6.1_1446.asset
 0.2 kb	 0.0% Assets/tiles/tilesnivel6/tiles6.1_1445.asset
 0.2 kb	 0.0% Assets/tiles/tilesnivel6/tiles6.1_1444.asset
 0.2 kb	 0.0% Assets/tiles/tilesnivel6/tiles6.1_1443.asset
 0.2 kb	 0.0% Assets/tiles/tilesnivel6/tiles6.1_1442.asset
 0.2 kb	 0.0% Assets/tiles/tilesnivel6/tiles6.1_1441.asset
 0.2 kb	 0.0% Assets/tiles/tilesnivel6/tiles6.1_1440.asset
 0.2 kb	 0.0% Assets/tiles/tilesnivel6/tiles6.1_1439.asset
 0.2 kb	 0.0% Assets/tiles/tilesnivel6/tiles6.1_1438.asset
 0.2 kb	 0.0% Assets/tiles/tilesnivel6/tiles6.1_1437.asset
 0.2 kb	 0.0% Assets/tiles/tilesnivel6/tiles6.1_1436.asset
 0.2 kb	 0.0% Assets/tiles/tilesnivel6/tiles6.1_1435.asset
 0.2 kb	 0.0% Assets/tiles/tilesnivel6/tiles6.1_1434.asset
 0.2 kb	 0.0% Assets/tiles/tilesnivel6/tiles6.1_1433.asset
 0.2 kb	 0.0% Assets/tiles/tilesnivel6/tiles6.1_1418.asset
 0.2 kb	 0.0% Assets/tiles/tilesnivel6/tiles6.1_1417.asset
 0.2 kb	 0.0% Assets/tiles/tilesnivel6/tiles6.1_1416.asset
 0.2 kb	 0.0% Assets/tiles/tilesnivel6/tiles6.1_1415.asset
 0.2 kb	 0.0% Assets/tiles/tilesnivel6/tiles6.1_1414.asset
 0.2 kb	 0.0% Assets/tiles/tilesnivel6/tiles6.1_1413.asset
 0.2 kb	 0.0% Assets/tiles/tilesnivel6/tiles6.1_1412.asset
 0.2 kb	 0.0% Assets/tiles/tilesnivel6/tiles6.1_1411.asset
 0.2 kb	 0.0% Assets/tiles/tilesnivel6/tiles6.1_1410.asset
 0.2 kb	 0.0% Assets/tiles/tilesnivel6/tiles6.1_1409.asset
 0.2 kb	 0.0% Assets/tiles/tilesnivel6/tiles6.1_1408.asset
 0.2 kb	 0.0% Assets/tiles/tilesnivel6/tiles6.1_1407.asset
 0.2 kb	 0.0% Assets/tiles/tilesnivel6/tiles6.1_1406.asset
 0.2 kb	 0.0% Assets/tiles/tilesnivel6/tiles6.1_1405.asset
 0.2 kb	 0.0% Assets/tiles/tilesnivel6/tiles6.1_1404.asset
 0.2 kb	 0.0% Assets/tiles/tilesnivel6/tiles6.1_1403.asset
 0.2 kb	 0.0% Assets/tiles/tilesnivel6/tiles6.1_1402.asset
 0.2 kb	 0.0% Assets/tiles/tilesnivel6/tiles6.1_1401.asset
 0.2 kb	 0.0% Assets/tiles/tilesnivel6/tiles6.1_1400.asset
 0.2 kb	 0.0% Assets/tiles/tilesnivel6/tiles6.1_1399.asset
 0.2 kb	 0.0% Assets/tiles/tilesnivel6/tiles6.1_1398.asset
 0.2 kb	 0.0% Assets/tiles/tilesnivel6/tiles6.1_1397.asset
 0.2 kb	 0.0% Assets/tiles/tilesnivel6/tiles6.1_1396.asset
 0.2 kb	 0.0% Assets/tiles/tilesnivel6/tiles6.1_1395.asset
 0.2 kb	 0.0% Assets/tiles/tilesnivel6/tiles6.1_1394.asset
 0.2 kb	 0.0% Assets/tiles/tilesnivel6/tiles6.1_1393.asset
 0.2 kb	 0.0% Assets/tiles/tilesnivel6/tiles6.1_1392.asset
 0.2 kb	 0.0% Assets/tiles/tilesnivel6/tiles6.1_1391.asset
 0.2 kb	 0.0% Assets/tiles/tilesnivel6/tiles6.1_1390.asset
 0.2 kb	 0.0% Assets/tiles/tilesnivel6/tiles6.1_1389.asset
 0.2 kb	 0.0% Assets/tiles/tilesnivel6/tiles6.1_1388.asset
 0.2 kb	 0.0% Assets/tiles/tilesnivel6/tiles6.1_1387.asset
 0.2 kb	 0.0% Assets/tiles/tilesnivel6/tiles6.1_1386.asset
 0.2 kb	 0.0% Assets/tiles/tilesnivel6/tiles6.1_1385.asset
 0.2 kb	 0.0% Assets/tiles/tilesnivel6/tiles6.1_1370.asset
 0.2 kb	 0.0% Assets/tiles/tilesnivel6/tiles6.1_1369.asset
 0.2 kb	 0.0% Assets/tiles/tilesnivel6/tiles6.1_1368.asset
 0.2 kb	 0.0% Assets/tiles/tilesnivel6/tiles6.1_1367.asset
 0.2 kb	 0.0% Assets/tiles/tilesnivel6/tiles6.1_1366.asset
 0.2 kb	 0.0% Assets/tiles/tilesnivel6/tiles6.1_1365.asset
 0.2 kb	 0.0% Assets/tiles/tilesnivel6/tiles6.1_1364.asset
 0.2 kb	 0.0% Assets/tiles/tilesnivel6/tiles6.1_1363.asset
 0.2 kb	 0.0% Assets/tiles/tilesnivel6/tiles6.1_1362.asset
 0.2 kb	 0.0% Assets/tiles/tilesnivel6/tiles6.1_1361.asset
 0.2 kb	 0.0% Assets/tiles/tilesnivel6/tiles6.1_1360.asset
 0.2 kb	 0.0% Assets/tiles/tilesnivel6/tiles6.1_1359.asset
 0.2 kb	 0.0% Assets/tiles/tilesnivel6/tiles6.1_1358.asset
 0.2 kb	 0.0% Assets/tiles/tilesnivel6/tiles6.1_1357.asset
 0.2 kb	 0.0% Assets/tiles/tilesnivel6/tiles6.1_1356.asset
 0.2 kb	 0.0% Assets/tiles/tilesnivel6/tiles6.1_1355.asset
 0.2 kb	 0.0% Assets/tiles/tilesnivel6/tiles6.1_1354.asset
 0.2 kb	 0.0% Assets/tiles/tilesnivel6/tiles6.1_1353.asset
 0.2 kb	 0.0% Assets/tiles/tilesnivel6/tiles6.1_1352.asset
 0.2 kb	 0.0% Assets/tiles/tilesnivel6/tiles6.1_1351.asset
 0.2 kb	 0.0% Assets/tiles/tilesnivel6/tiles6.1_1350.asset
 0.2 kb	 0.0% Assets/tiles/tilesnivel6/tiles6.1_1349.asset
 0.2 kb	 0.0% Assets/tiles/tilesnivel6/tiles6.1_1348.asset
 0.2 kb	 0.0% Assets/tiles/tilesnivel6/tiles6.1_1347.asset
 0.2 kb	 0.0% Assets/tiles/tilesnivel6/tiles6.1_1346.asset
 0.2 kb	 0.0% Assets/tiles/tilesnivel6/tiles6.1_1345.asset
 0.2 kb	 0.0% Assets/tiles/tilesnivel6/tiles6.1_1344.asset
 0.2 kb	 0.0% Assets/tiles/tilesnivel6/tiles6.1_1343.asset
 0.2 kb	 0.0% Assets/tiles/tilesnivel6/tiles6.1_1342.asset
 0.2 kb	 0.0% Assets/tiles/tilesnivel6/tiles6.1_1341.asset
 0.2 kb	 0.0% Assets/tiles/tilesnivel6/tiles6.1_1340.asset
 0.2 kb	 0.0% Assets/tiles/tilesnivel6/tiles6.1_1339.asset
 0.2 kb	 0.0% Assets/tiles/tilesnivel6/tiles6.1_1338.asset
 0.2 kb	 0.0% Assets/tiles/tilesnivel6/tiles6.1_1337.asset
 0.2 kb	 0.0% Assets/tiles/tilesnivel6/tiles6.1_1241.asset
 0.2 kb	 0.0% Assets/tiles/tilesnivel6/tiles6.1_1240.asset
 0.2 kb	 0.0% Assets/tiles/tilesnivel6/tiles6.1_1239.asset
 0.2 kb	 0.0% Assets/tiles/tilesnivel6/tiles6.1_1238.asset
 0.2 kb	 0.0% Assets/tiles/tilesnivel6/tiles6.1_1193.asset
 0.2 kb	 0.0% Assets/tiles/tilesnivel6/tiles6.1_1192.asset
 0.2 kb	 0.0% Assets/tiles/tilesnivel6/tiles6.1_1191.asset
 0.2 kb	 0.0% Assets/tiles/tilesnivel6/tiles6.1_1190.asset
 0.2 kb	 0.0% Assets/tiles/tilesnivel6/tiles6.1_1186.asset
 0.2 kb	 0.0% Assets/tiles/tilesnivel6/tiles6.1_1185.asset
 0.2 kb	 0.0% Assets/tiles/tilesnivel6/tiles6.1_1154.asset
 0.2 kb	 0.0% Assets/tiles/tilesnivel6/tiles6.1_1145.asset
 0.2 kb	 0.0% Assets/tiles/tilesnivel6/tiles6.1_1144.asset
 0.2 kb	 0.0% Assets/tiles/tilesnivel6/tiles6.1_1143.asset
 0.2 kb	 0.0% Assets/tiles/tilesnivel6/tiles6.1_1142.asset
 0.2 kb	 0.0% Assets/tiles/tilesnivel6/tiles6.1_1097.asset
 0.2 kb	 0.0% Assets/tiles/tilesnivel6/tiles6.1_1096.asset
 0.2 kb	 0.0% Assets/tiles/tilesnivel6/tiles6.1_1095.asset
 0.2 kb	 0.0% Assets/tiles/tilesnivel6/tiles6.1_1094.asset
 0.2 kb	 0.0% Assets/tiles/tilesnivel6/tiles6.1_1090.asset
 0.2 kb	 0.0% Assets/tiles/tilesnivel6/tiles6.1_1089.asset
 0.2 kb	 0.0% Assets/tiles/tilesnivel6/tiles6.1_1088.asset
 0.2 kb	 0.0% Assets/tiles/tilesnivel6/tiles6.1_1087.asset
 0.2 kb	 0.0% Assets/tiles/tilesnivel6/tiles6.1_1086.asset
 0.2 kb	 0.0% Assets/tiles/tilesnivel6/tiles6.1_1074.asset
 0.2 kb	 0.0% Assets/tiles/tilesnivel6/tiles6.1_1073.asset
 0.2 kb	 0.0% Assets/tiles/tilesnivel6/tiles6.1_1072.asset
 0.2 kb	 0.0% Assets/tiles/tilesnivel6/tiles6.1_1071.asset
 0.2 kb	 0.0% Assets/tiles/tilesnivel6/tiles6.1_1042.asset
 0.2 kb	 0.0% Assets/tiles/tilesnivel6/tiles6.1_1041.asset
 0.2 kb	 0.0% Assets/tiles/tilesnivel6/tiles6.1_1040.asset
 0.2 kb	 0.0% Assets/tiles/tilesnivel6/tiles6.1_1039.asset
 0.2 kb	 0.0% Assets/tiles/tilesnivel6/tiles6.1_1038.asset
 0.2 kb	 0.0% Assets/tiles/tilesnivel6/tiles6.1_1031.asset
 0.2 kb	 0.0% Assets/tiles/tilesnivel6/tiles6.1_1026.asset
 0.2 kb	 0.0% Assets/tiles/tilesnivel6/tiles6.1_1025.asset
 0.2 kb	 0.0% Assets/tiles/tilesnivel6/tiles6.1_1024.asset
 0.2 kb	 0.0% Assets/tiles/tilesnivel6/tiles6.1_1023.asset
 0.2 kb	 0.0% Assets/tiles/tilesnivel6/tiles6.1_1022.asset
 0.2 kb	 0.0% Assets/tiles/tilesnivel6/tiles6.1_1021.asset
 0.2 kb	 0.0% Assets/tiles/tilesnivel6/tiles6.1_1020.asset
 0.2 kb	 0.0% Assets/tiles/tilesnivel6/tiles6.1_1016.asset
 0.2 kb	 0.0% Assets/tiles/tilesnivel6/tiles6.1_1015.asset
 0.2 kb	 0.0% Assets/tiles/tilesnivel6/tiles6.1_1014.asset
 0.2 kb	 0.0% Assets/tiles/tilesnivel6/tiles6.1_1013.asset
 0.2 kb	 0.0% Assets/tiles/tilesnivel3x/plazatile2_986.asset
 0.2 kb	 0.0% Assets/tiles/tilesnivel3x/plazatile2_929.asset
 0.2 kb	 0.0% Assets/tiles/tilesnivel3x/plazatile2_928.asset
 0.2 kb	 0.0% Assets/tiles/tilesnivel3x/plazatile2_927.asset
 0.2 kb	 0.0% Assets/tiles/tilesnivel3x/plazatile2_926.asset
 0.2 kb	 0.0% Assets/tiles/tilesnivel3x/plazatile2_925.asset
 0.2 kb	 0.0% Assets/tiles/tilesnivel3x/plazatile2_565.asset
 0.2 kb	 0.0% Assets/tiles/tilesnivel3x/plazatile2_564.asset
 0.2 kb	 0.0% Assets/tiles/tilesnivel3x/plazatile2_563.asset
 0.2 kb	 0.0% Assets/tiles/tilesnivel3x/plazatile2_562.asset
 0.2 kb	 0.0% Assets/tiles/tilesnivel3x/plazatile2_561.asset
 0.2 kb	 0.0% Assets/tiles/tilesnivel3x/plazatile2_560.asset
 0.2 kb	 0.0% Assets/tiles/tilesnivel3x/plazatile2_519.asset
 0.2 kb	 0.0% Assets/tiles/tilesnivel3x/plazatile2_518.asset
 0.2 kb	 0.0% Assets/tiles/tilesnivel3x/plazatile2_517.asset
 0.2 kb	 0.0% Assets/tiles/tilesnivel3x/plazatile2_516.asset
 0.2 kb	 0.0% Assets/tiles/tilesnivel3x/plazatile2_515.asset
 0.2 kb	 0.0% Assets/tiles/tilesnivel3x/plazatile2_514.asset
 0.2 kb	 0.0% Assets/tiles/tilesnivel3x/plazatile2_474.asset
 0.2 kb	 0.0% Assets/tiles/tilesnivel3x/plazatile2_473.asset
 0.2 kb	 0.0% Assets/tiles/tilesnivel3x/plazatile2_472.asset
 0.2 kb	 0.0% Assets/tiles/tilesnivel3x/plazatile2_471.asset
 0.2 kb	 0.0% Assets/tiles/tilesnivel3x/plazatile2_470.asset
 0.2 kb	 0.0% Assets/tiles/tilesnivel3x/plazatile2_469.asset
 0.2 kb	 0.0% Assets/tiles/tilesnivel3x/plazatile2_325.asset
 0.2 kb	 0.0% Assets/tiles/tilesnivel3x/plazatile2_1283.asset
 0.2 kb	 0.0% Assets/tiles/tilesnivel3x/plazatile2_1282.asset
 0.2 kb	 0.0% Assets/tiles/tilesnivel3x/plazatile2_1281.asset
 0.2 kb	 0.0% Assets/tiles/tilesnivel3x/plazatile2_1280.asset
 0.2 kb	 0.0% Assets/tiles/tilesnivel3x/plazatile2_1235.asset
 0.2 kb	 0.0% Assets/tiles/tilesnivel3x/plazatile2_1234.asset
 0.2 kb	 0.0% Assets/tiles/tilesnivel3x/plazatile2_1233.asset
 0.2 kb	 0.0% Assets/tiles/tilesnivel3x/plazatile2_1232.asset
 0.2 kb	 0.0% Assets/tiles/tilesnivel3x/plazatile2_1187.asset
 0.2 kb	 0.0% Assets/tiles/tilesnivel3x/plazatile2_1186.asset
 0.2 kb	 0.0% Assets/tiles/tilesnivel3x/plazatile2_1185.asset
 0.2 kb	 0.0% Assets/tiles/tilesnivel3x/plazatile2_1184.asset
 0.2 kb	 0.0% Assets/tiles/tilesnivel3x/plazatile2_1158.asset
 0.2 kb	 0.0% Assets/tiles/tilesnivel3x/plazatile2_1157.asset
 0.2 kb	 0.0% Assets/tiles/tilesnivel3x/plazatile2_1155.asset
 0.2 kb	 0.0% Assets/tiles/tilesnivel3x/plazatile2_1139.asset
 0.2 kb	 0.0% Assets/tiles/tilesnivel3x/plazatile2_1138.asset
 0.2 kb	 0.0% Assets/tiles/tilesnivel3x/plazatile2_1137.asset
 0.2 kb	 0.0% Assets/tiles/tilesnivel3x/plazatile2_1136.asset
 0.2 kb	 0.0% Assets/tiles/tilesnivel3x/plazatile2_1091.asset
 0.2 kb	 0.0% Assets/tiles/tilesnivel3x/plazatile2_1090.asset
 0.2 kb	 0.0% Assets/tiles/tilesnivel3x/plazatile2_1089.asset
 0.2 kb	 0.0% Assets/tiles/tilesnivel3x/plazatile2_1088.asset
 0.2 kb	 0.0% Assets/tiles/tilesnivel3x/plazatile2_1043.asset
 0.2 kb	 0.0% Assets/tiles/tilesnivel3x/plazatile2_1042.asset
 0.2 kb	 0.0% Assets/tiles/tilesnivel3x/plazatile2_1041.asset
 0.2 kb	 0.0% Assets/tiles/tilesnivel3x/plazatile2_1040.asset
 0.2 kb	 0.0% Assets/tiles/tilesnivel3x/plazatile1_999.asset
 0.2 kb	 0.0% Assets/tiles/tilesnivel3x/plazatile1_998.asset
 0.2 kb	 0.0% Assets/tiles/tilesnivel3x/plazatile1_997.asset
 0.2 kb	 0.0% Assets/tiles/tilesnivel3x/plazatile1_996.asset
 0.2 kb	 0.0% Assets/tiles/tilesnivel3x/plazatile1_995.asset
 0.2 kb	 0.0% Assets/tiles/tilesnivel3x/plazatile1_994.asset
 0.2 kb	 0.0% Assets/tiles/tilesnivel3x/plazatile1_993.asset
 0.2 kb	 0.0% Assets/tiles/tilesnivel3x/plazatile1_992.asset
 0.2 kb	 0.0% Assets/tiles/tilesnivel3x/plazatile1_991.asset
 0.2 kb	 0.0% Assets/tiles/tilesnivel3x/plazatile1_990.asset
 0.2 kb	 0.0% Assets/tiles/tilesnivel3x/plazatile1_989.asset
 0.2 kb	 0.0% Assets/tiles/tilesnivel3x/plazatile1_985.asset
 0.2 kb	 0.0% Assets/tiles/tilesnivel3x/plazatile1_984.asset
 0.2 kb	 0.0% Assets/tiles/tilesnivel3x/plazatile1_983.asset
 0.2 kb	 0.0% Assets/tiles/tilesnivel3x/plazatile1_982.asset
 0.2 kb	 0.0% Assets/tiles/tilesnivel3x/plazatile1_981.asset
 0.2 kb	 0.0% Assets/tiles/tilesnivel3x/plazatile1_976.asset
 0.2 kb	 0.0% Assets/tiles/tilesnivel3x/plazatile1_975.asset
 0.2 kb	 0.0% Assets/tiles/tilesnivel3x/plazatile1_974.asset
 0.2 kb	 0.0% Assets/tiles/tilesnivel3x/plazatile1_973.asset
 0.2 kb	 0.0% Assets/tiles/tilesnivel3x/plazatile1_972.asset
 0.2 kb	 0.0% Assets/tiles/tilesnivel3x/plazatile1_971.asset
 0.2 kb	 0.0% Assets/tiles/tilesnivel3x/plazatile1_970.asset
 0.2 kb	 0.0% Assets/tiles/tilesnivel3x/plazatile1_969.asset
 0.2 kb	 0.0% Assets/tiles/tilesnivel3x/plazatile1_968.asset
 0.2 kb	 0.0% Assets/tiles/tilesnivel3x/plazatile1_967.asset
 0.2 kb	 0.0% Assets/tiles/tilesnivel3x/plazatile1_966.asset
 0.2 kb	 0.0% Assets/tiles/tilesnivel3x/plazatile1_965.asset
 0.2 kb	 0.0% Assets/tiles/tilesnivel3x/plazatile1_964.asset
 0.2 kb	 0.0% Assets/tiles/tilesnivel3x/plazatile1_963.asset
 0.2 kb	 0.0% Assets/tiles/tilesnivel3x/plazatile1_962.asset
 0.2 kb	 0.0% Assets/tiles/tilesnivel3x/plazatile1_961.asset
 0.2 kb	 0.0% Assets/tiles/tilesnivel3x/plazatile1_960.asset
 0.2 kb	 0.0% Assets/tiles/tilesnivel3x/plazatile1_96.asset
 0.2 kb	 0.0% Assets/tiles/tilesnivel3x/plazatile1_959.asset
 0.2 kb	 0.0% Assets/tiles/tilesnivel3x/plazatile1_952.asset
 0.2 kb	 0.0% Assets/tiles/tilesnivel3x/plazatile1_951.asset
 0.2 kb	 0.0% Assets/tiles/tilesnivel3x/plazatile1_950.asset
 0.2 kb	 0.0% Assets/tiles/tilesnivel3x/plazatile1_949.asset
 0.2 kb	 0.0% Assets/tiles/tilesnivel3x/plazatile1_948.asset
 0.2 kb	 0.0% Assets/tiles/tilesnivel3x/plazatile1_947.asset
 0.2 kb	 0.0% Assets/tiles/tilesnivel3x/plazatile1_946.asset
 0.2 kb	 0.0% Assets/tiles/tilesnivel3x/plazatile1_945.asset
 0.2 kb	 0.0% Assets/tiles/tilesnivel3x/plazatile1_944.asset
 0.2 kb	 0.0% Assets/tiles/tilesnivel3x/plazatile1_943.asset
 0.2 kb	 0.0% Assets/tiles/tilesnivel3x/plazatile1_942.asset
 0.2 kb	 0.0% Assets/tiles/tilesnivel3x/plazatile1_941.asset
 0.2 kb	 0.0% Assets/tiles/tilesnivel3x/plazatile1_937.asset
 0.2 kb	 0.0% Assets/tiles/tilesnivel3x/plazatile1_936.asset
 0.2 kb	 0.0% Assets/tiles/tilesnivel3x/plazatile1_935.asset
 0.2 kb	 0.0% Assets/tiles/tilesnivel3x/plazatile1_934.asset
 0.2 kb	 0.0% Assets/tiles/tilesnivel3x/plazatile1_933.asset
 0.2 kb	 0.0% Assets/tiles/tilesnivel3x/plazatile1_911.asset
 0.2 kb	 0.0% Assets/tiles/tilesnivel3x/plazatile1_904.asset
 0.2 kb	 0.0% Assets/tiles/tilesnivel3x/plazatile1_903.asset
 0.2 kb	 0.0% Assets/tiles/tilesnivel3x/plazatile1_902.asset
 0.2 kb	 0.0% Assets/tiles/tilesnivel3x/plazatile1_901.asset
 0.2 kb	 0.0% Assets/tiles/tilesnivel3x/plazatile1_900.asset
 0.2 kb	 0.0% Assets/tiles/tilesnivel3x/plazatile1_899.asset
 0.2 kb	 0.0% Assets/tiles/tilesnivel3x/plazatile1_898.asset
 0.2 kb	 0.0% Assets/tiles/tilesnivel3x/plazatile1_897.asset
 0.2 kb	 0.0% Assets/tiles/tilesnivel3x/plazatile1_896.asset
 0.2 kb	 0.0% Assets/tiles/tilesnivel3x/plazatile1_895.asset
 0.2 kb	 0.0% Assets/tiles/tilesnivel3x/plazatile1_894.asset
 0.2 kb	 0.0% Assets/tiles/tilesnivel3x/plazatile1_893.asset
 0.2 kb	 0.0% Assets/tiles/tilesnivel3x/plazatile1_889.asset
 0.2 kb	 0.0% Assets/tiles/tilesnivel3x/plazatile1_888.asset
 0.2 kb	 0.0% Assets/tiles/tilesnivel3x/plazatile1_887.asset
 0.2 kb	 0.0% Assets/tiles/tilesnivel3x/plazatile1_886.asset
 0.2 kb	 0.0% Assets/tiles/tilesnivel3x/plazatile1_885.asset
 0.2 kb	 0.0% Assets/tiles/tilesnivel3x/plazatile1_880.asset
 0.2 kb	 0.0% Assets/tiles/tilesnivel3x/plazatile1_878.asset
 0.2 kb	 0.0% Assets/tiles/tilesnivel3x/plazatile1_856.asset
 0.2 kb	 0.0% Assets/tiles/tilesnivel3x/plazatile1_855.asset
 0.2 kb	 0.0% Assets/tiles/tilesnivel3x/plazatile1_854.asset
 0.2 kb	 0.0% Assets/tiles/tilesnivel3x/plazatile1_853.asset
 0.2 kb	 0.0% Assets/tiles/tilesnivel3x/plazatile1_852.asset
 0.2 kb	 0.0% Assets/tiles/tilesnivel3x/plazatile1_851.asset
 0.2 kb	 0.0% Assets/tiles/tilesnivel3x/plazatile1_850.asset
 0.2 kb	 0.0% Assets/tiles/tilesnivel3x/plazatile1_849.asset
 0.2 kb	 0.0% Assets/tiles/tilesnivel3x/plazatile1_848.asset
 0.2 kb	 0.0% Assets/tiles/tilesnivel3x/plazatile1_847.asset
 0.2 kb	 0.0% Assets/tiles/tilesnivel3x/plazatile1_846.asset
 0.2 kb	 0.0% Assets/tiles/tilesnivel3x/plazatile1_845.asset
 0.2 kb	 0.0% Assets/tiles/tilesnivel3x/plazatile1_838.asset
 0.2 kb	 0.0% Assets/tiles/tilesnivel3x/plazatile1_832.asset
 0.2 kb	 0.0% Assets/tiles/tilesnivel3x/plazatile1_830.asset
 0.2 kb	 0.0% Assets/tiles/tilesnivel3x/plazatile1_804.asset
 0.2 kb	 0.0% Assets/tiles/tilesnivel3x/plazatile1_803.asset
 0.2 kb	 0.0% Assets/tiles/tilesnivel3x/plazatile1_802.asset
 0.2 kb	 0.0% Assets/tiles/tilesnivel3x/plazatile1_801.asset
 0.2 kb	 0.0% Assets/tiles/tilesnivel3x/plazatile1_800.asset
 0.2 kb	 0.0% Assets/tiles/tilesnivel3x/plazatile1_799.asset
 0.2 kb	 0.0% Assets/tiles/tilesnivel3x/plazatile1_798.asset
 0.2 kb	 0.0% Assets/tiles/tilesnivel3x/plazatile1_797.asset
 0.2 kb	 0.0% Assets/tiles/tilesnivel3x/plazatile1_785.asset
 0.2 kb	 0.0% Assets/tiles/tilesnivel3x/plazatile1_783.asset
 0.2 kb	 0.0% Assets/tiles/tilesnivel3x/plazatile1_738.asset
 0.2 kb	 0.0% Assets/tiles/tilesnivel3x/plazatile1_737.asset
 0.2 kb	 0.0% Assets/tiles/tilesnivel3x/plazatile1_735.asset
 0.2 kb	 0.0% Assets/tiles/tilesnivel3x/plazatile1_729.asset
 0.2 kb	 0.0% Assets/tiles/tilesnivel3x/plazatile1_71.asset
 0.2 kb	 0.0% Assets/tiles/tilesnivel3x/plazatile1_70.asset
 0.2 kb	 0.0% Assets/tiles/tilesnivel3x/plazatile1_694.asset
 0.2 kb	 0.0% Assets/tiles/tilesnivel3x/plazatile1_690.asset
 0.2 kb	 0.0% Assets/tiles/tilesnivel3x/plazatile1_69.asset
 0.2 kb	 0.0% Assets/tiles/tilesnivel3x/plazatile1_689.asset
 0.2 kb	 0.0% Assets/tiles/tilesnivel3x/plazatile1_687.asset
 0.2 kb	 0.0% Assets/tiles/tilesnivel3x/plazatile1_681.asset
 0.2 kb	 0.0% Assets/tiles/tilesnivel3x/plazatile1_646.asset
 0.2 kb	 0.0% Assets/tiles/tilesnivel3x/plazatile1_642.asset
 0.2 kb	 0.0% Assets/tiles/tilesnivel3x/plazatile1_641.asset
 0.2 kb	 0.0% Assets/tiles/tilesnivel3x/plazatile1_639.asset
 0.2 kb	 0.0% Assets/tiles/tilesnivel3x/plazatile1_594.asset
 0.2 kb	 0.0% Assets/tiles/tilesnivel3x/plazatile1_593.asset
 0.2 kb	 0.0% Assets/tiles/tilesnivel3x/plazatile1_490.asset
 0.2 kb	 0.0% Assets/tiles/tilesnivel3x/plazatile1_489.asset
 0.2 kb	 0.0% Assets/tiles/tilesnivel3x/plazatile1_488.asset
 0.2 kb	 0.0% Assets/tiles/tilesnivel3x/plazatile1_487.asset
 0.2 kb	 0.0% Assets/tiles/tilesnivel3x/plazatile1_486.asset
 0.2 kb	 0.0% Assets/tiles/tilesnivel3x/plazatile1_443.asset
 0.2 kb	 0.0% Assets/tiles/tilesnivel3x/plazatile1_442.asset
 0.2 kb	 0.0% Assets/tiles/tilesnivel3x/plazatile1_441.asset
 0.2 kb	 0.0% Assets/tiles/tilesnivel3x/plazatile1_440.asset
 0.2 kb	 0.0% Assets/tiles/tilesnivel3x/plazatile1_439.asset
 0.2 kb	 0.0% Assets/tiles/tilesnivel3x/plazatile1_395.asset
 0.2 kb	 0.0% Assets/tiles/tilesnivel3x/plazatile1_394.asset
 0.2 kb	 0.0% Assets/tiles/tilesnivel3x/plazatile1_393.asset
 0.2 kb	 0.0% Assets/tiles/tilesnivel3x/plazatile1_392.asset
 0.2 kb	 0.0% Assets/tiles/tilesnivel3x/plazatile1_391.asset
 0.2 kb	 0.0% Assets/tiles/tilesnivel3x/plazatile1_365.asset
 0.2 kb	 0.0% Assets/tiles/tilesnivel3x/plazatile1_364.asset
 0.2 kb	 0.0% Assets/tiles/tilesnivel3x/plazatile1_363.asset
 0.2 kb	 0.0% Assets/tiles/tilesnivel3x/plazatile1_362.asset
 0.2 kb	 0.0% Assets/tiles/tilesnivel3x/plazatile1_361.asset
 0.2 kb	 0.0% Assets/tiles/tilesnivel3x/plazatile1_358.asset
 0.2 kb	 0.0% Assets/tiles/tilesnivel3x/plazatile1_357.asset
 0.2 kb	 0.0% Assets/tiles/tilesnivel3x/plazatile1_356.asset
 0.2 kb	 0.0% Assets/tiles/tilesnivel3x/plazatile1_355.asset
 0.2 kb	 0.0% Assets/tiles/tilesnivel3x/plazatile1_349.asset
 0.2 kb	 0.0% Assets/tiles/tilesnivel3x/plazatile1_348.asset
 0.2 kb	 0.0% Assets/tiles/tilesnivel3x/plazatile1_347.asset
 0.2 kb	 0.0% Assets/tiles/tilesnivel3x/plazatile1_346.asset
 0.2 kb	 0.0% Assets/tiles/tilesnivel3x/plazatile1_345.asset
 0.2 kb	 0.0% Assets/tiles/tilesnivel3x/plazatile1_318.asset
 0.2 kb	 0.0% Assets/tiles/tilesnivel3x/plazatile1_317.asset
 0.2 kb	 0.0% Assets/tiles/tilesnivel3x/plazatile1_316.asset
 0.2 kb	 0.0% Assets/tiles/tilesnivel3x/plazatile1_315.asset
 0.2 kb	 0.0% Assets/tiles/tilesnivel3x/plazatile1_314.asset
 0.2 kb	 0.0% Assets/tiles/tilesnivel3x/plazatile1_311.asset
 0.2 kb	 0.0% Assets/tiles/tilesnivel3x/plazatile1_310.asset
 0.2 kb	 0.0% Assets/tiles/tilesnivel3x/plazatile1_309.asset
 0.2 kb	 0.0% Assets/tiles/tilesnivel3x/plazatile1_308.asset
 0.2 kb	 0.0% Assets/tiles/tilesnivel3x/plazatile1_302.asset
 0.2 kb	 0.0% Assets/tiles/tilesnivel3x/plazatile1_301.asset
 0.2 kb	 0.0% Assets/tiles/tilesnivel3x/plazatile1_300.asset
 0.2 kb	 0.0% Assets/tiles/tilesnivel3x/plazatile1_299.asset
 0.2 kb	 0.0% Assets/tiles/tilesnivel3x/plazatile1_298.asset
 0.2 kb	 0.0% Assets/tiles/tilesnivel3x/plazatile1_271.asset
 0.2 kb	 0.0% Assets/tiles/tilesnivel3x/plazatile1_270.asset
 0.2 kb	 0.0% Assets/tiles/tilesnivel3x/plazatile1_269.asset
 0.2 kb	 0.0% Assets/tiles/tilesnivel3x/plazatile1_268.asset
 0.2 kb	 0.0% Assets/tiles/tilesnivel3x/plazatile1_267.asset
 0.2 kb	 0.0% Assets/tiles/tilesnivel3x/plazatile1_264.asset
 0.2 kb	 0.0% Assets/tiles/tilesnivel3x/plazatile1_256.asset
 0.2 kb	 0.0% Assets/tiles/tilesnivel3x/plazatile1_255.asset
 0.2 kb	 0.0% Assets/tiles/tilesnivel3x/plazatile1_254.asset
 0.2 kb	 0.0% Assets/tiles/tilesnivel3x/plazatile1_253.asset
 0.2 kb	 0.0% Assets/tiles/tilesnivel3x/plazatile1_252.asset
 0.2 kb	 0.0% Assets/tiles/tilesnivel3x/plazatile1_250.asset
 0.2 kb	 0.0% Assets/tiles/tilesnivel3x/plazatile1_225.asset
 0.2 kb	 0.0% Assets/tiles/tilesnivel3x/plazatile1_224.asset
 0.2 kb	 0.0% Assets/tiles/tilesnivel3x/plazatile1_223.asset
 0.2 kb	 0.0% Assets/tiles/tilesnivel3x/plazatile1_222.asset
 0.2 kb	 0.0% Assets/tiles/tilesnivel3x/plazatile1_221.asset
 0.2 kb	 0.0% Assets/tiles/tilesnivel3x/plazatile1_209.asset
 0.2 kb	 0.0% Assets/tiles/tilesnivel3x/plazatile1_208.asset
 0.2 kb	 0.0% Assets/tiles/tilesnivel3x/plazatile1_207.asset
 0.2 kb	 0.0% Assets/tiles/tilesnivel3x/plazatile1_206.asset
 0.2 kb	 0.0% Assets/tiles/tilesnivel3x/plazatile1_186.asset
 0.2 kb	 0.0% Assets/tiles/tilesnivel3x/plazatile1_185.asset
 0.2 kb	 0.0% Assets/tiles/tilesnivel3x/plazatile1_180.asset
 0.2 kb	 0.0% Assets/tiles/tilesnivel3x/plazatile1_179.asset
 0.2 kb	 0.0% Assets/tiles/tilesnivel3x/plazatile1_178.asset
 0.2 kb	 0.0% Assets/tiles/tilesnivel3x/plazatile1_177.asset
 0.2 kb	 0.0% Assets/tiles/tilesnivel3x/plazatile1_176.asset
 0.2 kb	 0.0% Assets/tiles/tilesnivel3x/plazatile1_165.asset
 0.2 kb	 0.0% Assets/tiles/tilesnivel3x/plazatile1_164.asset
 0.2 kb	 0.0% Assets/tiles/tilesnivel3x/plazatile1_163.asset
 0.2 kb	 0.0% Assets/tiles/tilesnivel3x/plazatile1_162.asset
 0.2 kb	 0.0% Assets/tiles/tilesnivel3x/plazatile1_142.asset
 0.2 kb	 0.0% Assets/tiles/tilesnivel3x/plazatile1_141.asset
 0.2 kb	 0.0% Assets/tiles/tilesnivel3x/plazatile1_1354.asset
 0.2 kb	 0.0% Assets/tiles/tilesnivel3x/plazatile1_1353.asset
 0.2 kb	 0.0% Assets/tiles/tilesnivel3x/plazatile1_1352.asset
 0.2 kb	 0.0% Assets/tiles/tilesnivel3x/plazatile1_1351.asset
 0.2 kb	 0.0% Assets/tiles/tilesnivel3x/plazatile1_1350.asset
 0.2 kb	 0.0% Assets/tiles/tilesnivel3x/plazatile1_1349.asset
 0.2 kb	 0.0% Assets/tiles/tilesnivel3x/plazatile1_1348.asset
 0.2 kb	 0.0% Assets/tiles/tilesnivel3x/plazatile1_1347.asset
 0.2 kb	 0.0% Assets/tiles/tilesnivel3x/plazatile1_1346.asset
 0.2 kb	 0.0% Assets/tiles/tilesnivel3x/plazatile1_1345.asset
 0.2 kb	 0.0% Assets/tiles/tilesnivel3x/plazatile1_1344.asset
 0.2 kb	 0.0% Assets/tiles/tilesnivel3x/plazatile1_1343.asset
 0.2 kb	 0.0% Assets/tiles/tilesnivel3x/plazatile1_1342.asset
 0.2 kb	 0.0% Assets/tiles/tilesnivel3x/plazatile1_1341.asset
 0.2 kb	 0.0% Assets/tiles/tilesnivel3x/plazatile1_1340.asset
 0.2 kb	 0.0% Assets/tiles/tilesnivel3x/plazatile1_1339.asset
 0.2 kb	 0.0% Assets/tiles/tilesnivel3x/plazatile1_1338.asset
 0.2 kb	 0.0% Assets/tiles/tilesnivel3x/plazatile1_1337.asset
 0.2 kb	 0.0% Assets/tiles/tilesnivel3x/plazatile1_1336.asset
 0.2 kb	 0.0% Assets/tiles/tilesnivel3x/plazatile1_1335.asset
 0.2 kb	 0.0% Assets/tiles/tilesnivel3x/plazatile1_1334.asset
 0.2 kb	 0.0% Assets/tiles/tilesnivel3x/plazatile1_1333.asset
 0.2 kb	 0.0% Assets/tiles/tilesnivel3x/plazatile1_1332.asset
 0.2 kb	 0.0% Assets/tiles/tilesnivel3x/plazatile1_1331.asset
 0.2 kb	 0.0% Assets/tiles/tilesnivel3x/plazatile1_1330.asset
 0.2 kb	 0.0% Assets/tiles/tilesnivel3x/plazatile1_133.asset
 0.2 kb	 0.0% Assets/tiles/tilesnivel3x/plazatile1_132.asset
 0.2 kb	 0.0% Assets/tiles/tilesnivel3x/plazatile1_131.asset
 0.2 kb	 0.0% Assets/tiles/tilesnivel3x/plazatile1_1305.asset
 0.2 kb	 0.0% Assets/tiles/tilesnivel3x/plazatile1_1304.asset
 0.2 kb	 0.0% Assets/tiles/tilesnivel3x/plazatile1_1303.asset
 0.2 kb	 0.0% Assets/tiles/tilesnivel3x/plazatile1_1302.asset
 0.2 kb	 0.0% Assets/tiles/tilesnivel3x/plazatile1_1301.asset
 0.2 kb	 0.0% Assets/tiles/tilesnivel3x/plazatile1_1300.asset
 0.2 kb	 0.0% Assets/tiles/tilesnivel3x/plazatile1_1299.asset
 0.2 kb	 0.0% Assets/tiles/tilesnivel3x/plazatile1_1298.asset
 0.2 kb	 0.0% Assets/tiles/tilesnivel3x/plazatile1_1297.asset
 0.2 kb	 0.0% Assets/tiles/tilesnivel3x/plazatile1_1296.asset
 0.2 kb	 0.0% Assets/tiles/tilesnivel3x/plazatile1_1295.asset
 0.2 kb	 0.0% Assets/tiles/tilesnivel3x/plazatile1_1294.asset
 0.2 kb	 0.0% Assets/tiles/tilesnivel3x/plazatile1_1293.asset
 0.2 kb	 0.0% Assets/tiles/tilesnivel3x/plazatile1_1292.asset
 0.2 kb	 0.0% Assets/tiles/tilesnivel3x/plazatile1_1291.asset
 0.2 kb	 0.0% Assets/tiles/tilesnivel3x/plazatile1_1290.asset
 0.2 kb	 0.0% Assets/tiles/tilesnivel3x/plazatile1_1289.asset
 0.2 kb	 0.0% Assets/tiles/tilesnivel3x/plazatile1_1288.asset
 0.2 kb	 0.0% Assets/tiles/tilesnivel3x/plazatile1_1287.asset
 0.2 kb	 0.0% Assets/tiles/tilesnivel3x/plazatile1_1286.asset
 0.2 kb	 0.0% Assets/tiles/tilesnivel3x/plazatile1_1285.asset
 0.2 kb	 0.0% Assets/tiles/tilesnivel3x/plazatile1_1284.asset
 0.2 kb	 0.0% Assets/tiles/tilesnivel3x/plazatile1_1283.asset
 0.2 kb	 0.0% Assets/tiles/tilesnivel3x/plazatile1_1282.asset
 0.2 kb	 0.0% Assets/tiles/tilesnivel3x/plazatile1_118.asset
 0.2 kb	 0.0% Assets/tiles/tilesnivel3x/plazatile1_117.asset
 0.2 kb	 0.0% Assets/tiles/tilesnivel3x/plazatile1_116.asset
 0.2 kb	 0.0% Assets/tiles/tilesnivel3x/plazatile1_1129.asset
 0.2 kb	 0.0% Assets/tiles/tilesnivel3x/plazatile1_1128.asset
 0.2 kb	 0.0% Assets/tiles/tilesnivel3x/plazatile1_1127.asset
 0.2 kb	 0.0% Assets/tiles/tilesnivel3x/plazatile1_1126.asset
 0.2 kb	 0.0% Assets/tiles/tilesnivel3x/plazatile1_1125.asset
 0.2 kb	 0.0% Assets/tiles/tilesnivel3x/plazatile1_1096.asset
 0.2 kb	 0.0% Assets/tiles/tilesnivel3x/plazatile1_1095.asset
 0.2 kb	 0.0% Assets/tiles/tilesnivel3x/plazatile1_1094.asset
 0.2 kb	 0.0% Assets/tiles/tilesnivel3x/plazatile1_1093.asset
 0.2 kb	 0.0% Assets/tiles/tilesnivel3x/plazatile1_1092.asset
 0.2 kb	 0.0% Assets/tiles/tilesnivel3x/plazatile1_1091.asset
 0.2 kb	 0.0% Assets/tiles/tilesnivel3x/plazatile1_1090.asset
 0.2 kb	 0.0% Assets/tiles/tilesnivel3x/plazatile1_1089.asset
 0.2 kb	 0.0% Assets/tiles/tilesnivel3x/plazatile1_1088.asset
 0.2 kb	 0.0% Assets/tiles/tilesnivel3x/plazatile1_1087.asset
 0.2 kb	 0.0% Assets/tiles/tilesnivel3x/plazatile1_1086.asset
 0.2 kb	 0.0% Assets/tiles/tilesnivel3x/plazatile1_1085.asset
 0.2 kb	 0.0% Assets/tiles/tilesnivel3x/plazatile1_1081.asset
 0.2 kb	 0.0% Assets/tiles/tilesnivel3x/plazatile1_1080.asset
 0.2 kb	 0.0% Assets/tiles/tilesnivel3x/plazatile1_1079.asset
 0.2 kb	 0.0% Assets/tiles/tilesnivel3x/plazatile1_1078.asset
 0.2 kb	 0.0% Assets/tiles/tilesnivel3x/plazatile1_1077.asset
 0.2 kb	 0.0% Assets/tiles/tilesnivel3x/plazatile1_1072.asset
 0.2 kb	 0.0% Assets/tiles/tilesnivel3x/plazatile1_1071.asset
 0.2 kb	 0.0% Assets/tiles/tilesnivel3x/plazatile1_1070.asset
 0.2 kb	 0.0% Assets/tiles/tilesnivel3x/plazatile1_1069.asset
 0.2 kb	 0.0% Assets/tiles/tilesnivel3x/plazatile1_1068.asset
 0.2 kb	 0.0% Assets/tiles/tilesnivel3x/plazatile1_1067.asset
 0.2 kb	 0.0% Assets/tiles/tilesnivel3x/plazatile1_1066.asset
 0.2 kb	 0.0% Assets/tiles/tilesnivel3x/plazatile1_1065.asset
 0.2 kb	 0.0% Assets/tiles/tilesnivel3x/plazatile1_1064.asset
 0.2 kb	 0.0% Assets/tiles/tilesnivel3x/plazatile1_1063.asset
 0.2 kb	 0.0% Assets/tiles/tilesnivel3x/plazatile1_1062.asset
 0.2 kb	 0.0% Assets/tiles/tilesnivel3x/plazatile1_1061.asset
 0.2 kb	 0.0% Assets/tiles/tilesnivel3x/plazatile1_1060.asset
 0.2 kb	 0.0% Assets/tiles/tilesnivel3x/plazatile1_1059.asset
 0.2 kb	 0.0% Assets/tiles/tilesnivel3x/plazatile1_1058.asset
 0.2 kb	 0.0% Assets/tiles/tilesnivel3x/plazatile1_1057.asset
 0.2 kb	 0.0% Assets/tiles/tilesnivel3x/plazatile1_1056.asset
 0.2 kb	 0.0% Assets/tiles/tilesnivel3x/plazatile1_1048.asset
 0.2 kb	 0.0% Assets/tiles/tilesnivel3x/plazatile1_1047.asset
 0.2 kb	 0.0% Assets/tiles/tilesnivel3x/plazatile1_1046.asset
 0.2 kb	 0.0% Assets/tiles/tilesnivel3x/plazatile1_1045.asset
 0.2 kb	 0.0% Assets/tiles/tilesnivel3x/plazatile1_1044.asset
 0.2 kb	 0.0% Assets/tiles/tilesnivel3x/plazatile1_1043.asset
 0.2 kb	 0.0% Assets/tiles/tilesnivel3x/plazatile1_1042.asset
 0.2 kb	 0.0% Assets/tiles/tilesnivel3x/plazatile1_1041.asset
 0.2 kb	 0.0% Assets/tiles/tilesnivel3x/plazatile1_1040.asset
 0.2 kb	 0.0% Assets/tiles/tilesnivel3x/plazatile1_1039.asset
 0.2 kb	 0.0% Assets/tiles/tilesnivel3x/plazatile1_1038.asset
 0.2 kb	 0.0% Assets/tiles/tilesnivel3x/plazatile1_1037.asset
 0.2 kb	 0.0% Assets/tiles/tilesnivel3x/plazatile1_1033.asset
 0.2 kb	 0.0% Assets/tiles/tilesnivel3x/plazatile1_1032.asset
 0.2 kb	 0.0% Assets/tiles/tilesnivel3x/plazatile1_1031.asset
 0.2 kb	 0.0% Assets/tiles/tilesnivel3x/plazatile1_1030.asset
 0.2 kb	 0.0% Assets/tiles/tilesnivel3x/plazatile1_1029.asset
 0.2 kb	 0.0% Assets/tiles/tilesnivel3x/plazatile1_1024.asset
 0.2 kb	 0.0% Assets/tiles/tilesnivel3x/plazatile1_1023.asset
 0.2 kb	 0.0% Assets/tiles/tilesnivel3x/plazatile1_1022.asset
 0.2 kb	 0.0% Assets/tiles/tilesnivel3x/plazatile1_1021.asset
 0.2 kb	 0.0% Assets/tiles/tilesnivel3x/plazatile1_1020.asset
 0.2 kb	 0.0% Assets/tiles/tilesnivel3x/plazatile1_1019.asset
 0.2 kb	 0.0% Assets/tiles/tilesnivel3x/plazatile1_1018.asset
 0.2 kb	 0.0% Assets/tiles/tilesnivel3x/plazatile1_1017.asset
 0.2 kb	 0.0% Assets/tiles/tilesnivel3x/plazatile1_1016.asset
 0.2 kb	 0.0% Assets/tiles/tilesnivel3x/plazatile1_1015.asset
 0.2 kb	 0.0% Assets/tiles/tilesnivel3x/plazatile1_1014.asset
 0.2 kb	 0.0% Assets/tiles/tilesnivel3x/plazatile1_1013.asset
 0.2 kb	 0.0% Assets/tiles/tilesnivel3x/plazatile1_1012.asset
 0.2 kb	 0.0% Assets/tiles/tilesnivel3x/plazatile1_1011.asset
 0.2 kb	 0.0% Assets/tiles/tilesnivel3x/plazatile1_1010.asset
 0.2 kb	 0.0% Assets/tiles/tilesnivel3x/plazatile1_1009.asset
 0.2 kb	 0.0% Assets/tiles/tilesnivel3x/plazatile1_1008.asset
 0.2 kb	 0.0% Assets/tiles/tilesnivel3x/plazatile1_1000.asset
 0.2 kb	 0.0% Assets/tiles/tilesnivel3x/mercauuu_1514.asset
 0.2 kb	 0.0% Assets/tiles/tilesnivel3x/mercauuu_1513.asset
 0.2 kb	 0.0% Assets/tiles/tilesnivel3x/mercauuu_1512.asset
 0.2 kb	 0.0% Assets/tiles/tilesnivel3x/mercauuu_1511.asset
 0.2 kb	 0.0% Assets/tiles/tilesnivel3x/mercauuu_1510.asset
 0.2 kb	 0.0% Assets/tiles/tilesnivel3x/mercauuu_1509.asset
 0.2 kb	 0.0% Assets/tiles/tilesnivel3x/mercauuu_1508.asset
 0.2 kb	 0.0% Assets/tiles/tilesnivel3x/mercauuu_1507.asset
 0.2 kb	 0.0% Assets/tiles/tilesnivel3x/mercauuu_1506.asset
 0.2 kb	 0.0% Assets/tiles/tilesnivel3x/mercauuu_1505.asset
 0.2 kb	 0.0% Assets/tiles/tilesnivel3x/mercauuu_1487.asset
 0.2 kb	 0.0% Assets/tiles/tilesnivel3x/mercauuu_1486.asset
 0.2 kb	 0.0% Assets/tiles/tilesnivel3x/mercauuu_1485.asset
 0.2 kb	 0.0% Assets/tiles/tilesnivel3x/mercauuu_1484.asset
 0.2 kb	 0.0% Assets/tiles/tilesnivel3x/mercauuu_1480.asset
 0.2 kb	 0.0% Assets/tiles/tilesnivel3x/mercauuu_1479.asset
 0.2 kb	 0.0% Assets/tiles/tilesnivel3x/mercauuu_1478.asset
 0.2 kb	 0.0% Assets/tiles/tilesnivel3x/mercauuu_1477.asset
 0.2 kb	 0.0% Assets/tiles/tilesnivel3x/mercauuu_1476.asset
 0.2 kb	 0.0% Assets/tiles/tilesnivel3x/mercauuu_1475.asset
 0.2 kb	 0.0% Assets/tiles/tilesnivel3x/mercauuu_1474.asset
 0.2 kb	 0.0% Assets/tiles/tilesnivel3x/mercauuu_1468.asset
 0.2 kb	 0.0% Assets/tiles/tilesnivel3x/mercauuu_1467.asset
 0.2 kb	 0.0% Assets/tiles/tilesnivel3x/mercauuu_1466.asset
 0.2 kb	 0.0% Assets/tiles/tilesnivel3x/mercauuu_1465.asset
 0.2 kb	 0.0% Assets/tiles/tilesnivel3x/mercauuu_1464.asset
 0.2 kb	 0.0% Assets/tiles/tilesnivel3x/mercauuu_1463.asset
 0.2 kb	 0.0% Assets/tiles/tilesnivel3x/mercauuu_1462.asset
 0.2 kb	 0.0% Assets/tiles/tilesnivel3x/mercauuu_1461.asset
 0.2 kb	 0.0% Assets/tiles/tilesnivel3x/mercauuu_1460.asset
 0.2 kb	 0.0% Assets/tiles/tilesnivel3x/mercauuu_1459.asset
 0.2 kb	 0.0% Assets/tiles/tilesnivel3x/mercauuu_1458.asset
 0.2 kb	 0.0% Assets/tiles/tilesnivel3x/mercauuu_1457.asset
 0.2 kb	 0.0% Assets/tiles/tilesnivel3x/mercauuu_1456.asset
 0.2 kb	 0.0% Assets/tiles/tilesnivel3x/mercauuu_1439.asset
 0.2 kb	 0.0% Assets/tiles/tilesnivel3x/mercauuu_1438.asset
 0.2 kb	 0.0% Assets/tiles/tilesnivel3x/mercauuu_1437.asset
 0.2 kb	 0.0% Assets/tiles/tilesnivel3x/mercauuu_1436.asset
 0.2 kb	 0.0% Assets/tiles/tilesnivel3x/mercauuu_1432.asset
 0.2 kb	 0.0% Assets/tiles/tilesnivel3x/mercauuu_1431.asset
 0.2 kb	 0.0% Assets/tiles/tilesnivel3x/mercauuu_1430.asset
 0.2 kb	 0.0% Assets/tiles/tilesnivel3x/mercauuu_1429.asset
 0.2 kb	 0.0% Assets/tiles/tilesnivel3x/mercauuu_1428.asset
 0.2 kb	 0.0% Assets/tiles/tilesnivel3x/mercauuu_1427.asset
 0.2 kb	 0.0% Assets/tiles/tilesnivel3x/mercauuu_1426.asset
 0.2 kb	 0.0% Assets/tiles/tilesnivel3x/mercauuu_1425.asset
 0.2 kb	 0.0% Assets/tiles/tilesnivel3x/mercauuu_1424.asset
 0.2 kb	 0.0% Assets/tiles/tilesnivel3x/mercauuu_1423.asset
 0.2 kb	 0.0% Assets/tiles/tilesnivel3x/mercauuu_1422.asset
 0.2 kb	 0.0% Assets/tiles/tilesnivel3x/mercauuu_1420.asset
 0.2 kb	 0.0% Assets/tiles/tilesnivel3x/mercauuu_1419.asset
 0.2 kb	 0.0% Assets/tiles/tilesnivel3x/mercauuu_1418.asset
 0.2 kb	 0.0% Assets/tiles/tilesnivel3x/mercauuu_1417.asset
 0.2 kb	 0.0% Assets/tiles/tilesnivel3x/mercauuu_1416.asset
 0.2 kb	 0.0% Assets/tiles/tilesnivel3x/mercauuu_1415.asset
 0.2 kb	 0.0% Assets/tiles/tilesnivel3x/mercauuu_1414.asset
 0.2 kb	 0.0% Assets/tiles/tilesnivel3x/mercauuu_1413.asset
 0.2 kb	 0.0% Assets/tiles/tilesnivel3x/mercauuu_1412.asset
 0.2 kb	 0.0% Assets/tiles/tilesnivel3x/mercauuu_1411.asset
 0.2 kb	 0.0% Assets/tiles/tilesnivel3x/mercauuu_1410.asset
 0.2 kb	 0.0% Assets/tiles/tilesnivel3x/mercauuu_1409.asset
 0.2 kb	 0.0% Assets/tiles/tilesnivel3x/mercauuu_1408.asset
 0.2 kb	 0.0% Assets/tiles/tilesnivel3x/mercauuu_1402.asset
 0.2 kb	 0.0% Assets/tiles/tilesnivel3x/mercauuu_1401.asset
 0.2 kb	 0.0% Assets/tiles/tilesnivel3x/mercauuu_1400.asset
 0.2 kb	 0.0% Assets/tiles/tilesnivel3x/mercauuu_1399.asset
 0.2 kb	 0.0% Assets/tiles/tilesnivel3x/mercauuu_1398.asset
 0.2 kb	 0.0% Assets/tiles/tilesnivel3x/mercauuu_1391.asset
 0.2 kb	 0.0% Assets/tiles/tilesnivel3x/mercauuu_1390.asset
 0.2 kb	 0.0% Assets/tiles/tilesnivel3x/mercauuu_1389.asset
 0.2 kb	 0.0% Assets/tiles/tilesnivel3x/mercauuu_1388.asset
 0.2 kb	 0.0% Assets/tiles/tilesnivel3x/mercauuu_1384.asset
 0.2 kb	 0.0% Assets/tiles/tilesnivel3x/mercauuu_1383.asset
 0.2 kb	 0.0% Assets/tiles/tilesnivel3x/mercauuu_1382.asset
 0.2 kb	 0.0% Assets/tiles/tilesnivel3x/mercauuu_1381.asset
 0.2 kb	 0.0% Assets/tiles/tilesnivel3x/mercauuu_1380.asset
 0.2 kb	 0.0% Assets/tiles/tilesnivel3x/mercauuu_1379.asset
 0.2 kb	 0.0% Assets/tiles/tilesnivel3x/mercauuu_1378.asset
 0.2 kb	 0.0% Assets/tiles/tilesnivel3x/mercauuu_1377.asset
 0.2 kb	 0.0% Assets/tiles/tilesnivel3x/mercauuu_1376.asset
 0.2 kb	 0.0% Assets/tiles/tilesnivel3x/mercauuu_1375.asset
 0.2 kb	 0.0% Assets/tiles/tilesnivel3x/mercauuu_1374.asset
 0.2 kb	 0.0% Assets/tiles/tilesnivel3x/mercauuu_1372.asset
 0.2 kb	 0.0% Assets/tiles/tilesnivel3x/mercauuu_1371.asset
 0.2 kb	 0.0% Assets/tiles/tilesnivel3x/mercauuu_1370.asset
 0.2 kb	 0.0% Assets/tiles/tilesnivel3x/mercauuu_1369.asset
 0.2 kb	 0.0% Assets/tiles/tilesnivel3x/mercauuu_1368.asset
 0.2 kb	 0.0% Assets/tiles/tilesnivel3x/mercauuu_1367.asset
 0.2 kb	 0.0% Assets/tiles/tilesnivel3x/mercauuu_1366.asset
 0.2 kb	 0.0% Assets/tiles/tilesnivel3x/mercauuu_1365.asset
 0.2 kb	 0.0% Assets/tiles/tilesnivel3x/mercauuu_1364.asset
 0.2 kb	 0.0% Assets/tiles/tilesnivel3x/mercauuu_1363.asset
 0.2 kb	 0.0% Assets/tiles/tilesnivel3x/mercauuu_1362.asset
 0.2 kb	 0.0% Assets/tiles/tilesnivel3x/mercauuu_1361.asset
 0.2 kb	 0.0% Assets/tiles/tilesnivel3x/mercauuu_1360.asset
 0.2 kb	 0.0% Assets/tiles/tilesnivel3x/mercauuu_1355.asset
 0.2 kb	 0.0% Assets/tiles/tilesnivel3x/mercauuu_1354.asset
 0.2 kb	 0.0% Assets/tiles/tilesnivel3x/mercauuu_1353.asset
 0.2 kb	 0.0% Assets/tiles/tilesnivel3x/mercauuu_1352.asset
 0.2 kb	 0.0% Assets/tiles/tilesnivel3x/mercauuu_1351.asset
 0.2 kb	 0.0% Assets/tiles/tilesnivel3x/mercauuu_1350.asset
 0.2 kb	 0.0% Assets/tiles/tilesnivel3x/mercauuu_1349.asset
 0.2 kb	 0.0% Assets/tiles/tilesnivel3x/mercauuu_1343.asset
 0.2 kb	 0.0% Assets/tiles/tilesnivel3x/mercauuu_1342.asset
 0.2 kb	 0.0% Assets/tiles/tilesnivel3x/mercauuu_1341.asset
 0.2 kb	 0.0% Assets/tiles/tilesnivel3x/mercauuu_1340.asset
 0.2 kb	 0.0% Assets/tiles/tilesnivel3x/mercauuu_1338.asset
 0.2 kb	 0.0% Assets/tiles/tilesnivel3x/mercauuu_1337.asset
 0.2 kb	 0.0% Assets/tiles/tilesnivel3x/mercauuu_1336.asset
 0.2 kb	 0.0% Assets/tiles/tilesnivel3x/mercauuu_1335.asset
 0.2 kb	 0.0% Assets/tiles/tilesnivel3x/mercauuu_1334.asset
 0.2 kb	 0.0% Assets/tiles/tilesnivel3x/mercauuu_1333.asset
 0.2 kb	 0.0% Assets/tiles/tilesnivel3x/mercauuu_1332.asset
 0.2 kb	 0.0% Assets/tiles/tilesnivel3x/mercauuu_1331.asset
 0.2 kb	 0.0% Assets/tiles/tilesnivel3x/mercauuu_1330.asset
 0.2 kb	 0.0% Assets/tiles/tilesnivel3x/mercauuu_1329.asset
 0.2 kb	 0.0% Assets/tiles/tilesnivel3x/mercauuu_1328.asset
 0.2 kb	 0.0% Assets/tiles/tilesnivel3x/mercauuu_1327.asset
 0.2 kb	 0.0% Assets/tiles/tilesnivel3x/mercauuu_1326.asset
 0.2 kb	 0.0% Assets/tiles/tilesnivel3x/mercauuu_1324.asset
 0.2 kb	 0.0% Assets/tiles/tilesnivel3x/mercauuu_1323.asset
 0.2 kb	 0.0% Assets/tiles/tilesnivel3x/mercauuu_1322.asset
 0.2 kb	 0.0% Assets/tiles/tilesnivel3x/mercauuu_1321.asset
 0.2 kb	 0.0% Assets/tiles/tilesnivel3x/mercauuu_1320.asset
 0.2 kb	 0.0% Assets/tiles/tilesnivel3x/mercauuu_1319.asset
 0.2 kb	 0.0% Assets/tiles/tilesnivel3x/mercauuu_1318.asset
 0.2 kb	 0.0% Assets/tiles/tilesnivel3x/mercauuu_1317.asset
 0.2 kb	 0.0% Assets/tiles/tilesnivel3x/mercauuu_1316.asset
 0.2 kb	 0.0% Assets/tiles/tilesnivel3x/mercauuu_1315.asset
 0.2 kb	 0.0% Assets/tiles/tilesnivel3x/mercauuu_1314.asset
 0.2 kb	 0.0% Assets/tiles/tilesnivel3x/mercauuu_1313.asset
 0.2 kb	 0.0% Assets/tiles/tilesnivel3x/mercauuu_1312.asset
 0.2 kb	 0.0% Assets/tiles/tilesnivel3x/mercauuu_1307.asset
 0.2 kb	 0.0% Assets/tiles/tilesnivel3x/mercauuu_1306.asset
 0.2 kb	 0.0% Assets/tiles/tilesnivel3x/mercauuu_1305.asset
 0.2 kb	 0.0% Assets/tiles/tilesnivel3x/mercauuu_1304.asset
 0.2 kb	 0.0% Assets/tiles/tilesnivel3x/mercauuu_1303.asset
 0.2 kb	 0.0% Assets/tiles/tilesnivel3x/mercauuu_1302.asset
 0.2 kb	 0.0% Assets/tiles/tilesnivel3x/mercauuu_1301.asset
 0.2 kb	 0.0% Assets/tiles/tilesnivel3x/mercauuu_1295.asset
 0.2 kb	 0.0% Assets/tiles/tilesnivel3x/mercauuu_1294.asset
 0.2 kb	 0.0% Assets/tiles/tilesnivel3x/mercauuu_1293.asset
 0.2 kb	 0.0% Assets/tiles/tilesnivel3x/mercauuu_1292.asset
 0.2 kb	 0.0% Assets/tiles/tilesnivel3x/mercauuu_1280.asset
 0.2 kb	 0.0% Assets/tiles/tilesnivel3x/mercauuu_1279.asset
 0.2 kb	 0.0% Assets/tiles/tilesnivel3x/mercauuu_1278.asset
 0.2 kb	 0.0% Assets/tiles/tilesnivel3x/mercauuu_1276.asset
 0.2 kb	 0.0% Assets/tiles/tilesnivel3x/mercauuu_1275.asset
 0.2 kb	 0.0% Assets/tiles/tilesnivel3x/mercauuu_1274.asset
 0.2 kb	 0.0% Assets/tiles/tilesnivel3x/mercauuu_1273.asset
 0.2 kb	 0.0% Assets/tiles/tilesnivel3x/mercauuu_1272.asset
 0.2 kb	 0.0% Assets/tiles/tilesnivel3x/mercauuu_1271.asset
 0.2 kb	 0.0% Assets/tiles/tilesnivel3x/mercauuu_1270.asset
 0.2 kb	 0.0% Assets/tiles/tilesnivel3x/mercauuu_1269.asset
 0.2 kb	 0.0% Assets/tiles/tilesnivel3x/mercauuu_1268.asset
 0.2 kb	 0.0% Assets/tiles/tilesnivel3x/mercauuu_1267.asset
 0.2 kb	 0.0% Assets/tiles/tilesnivel3x/mercauuu_1266.asset
 0.2 kb	 0.0% Assets/tiles/tilesnivel3x/mercauuu_1265.asset
 0.2 kb	 0.0% Assets/tiles/tilesnivel3x/mercauuu_1264.asset
 0.2 kb	 0.0% Assets/tiles/tilesnivel3x/mercauuu_1262.asset
 0.2 kb	 0.0% Assets/tiles/tilesnivel3x/mercauuu_1261.asset
 0.2 kb	 0.0% Assets/tiles/tilesnivel3x/mercauuu_1260.asset
 0.2 kb	 0.0% Assets/tiles/tilesnivel3x/mercauuu_1259.asset
 0.2 kb	 0.0% Assets/tiles/tilesnivel3x/mercauuu_1258.asset
 0.2 kb	 0.0% Assets/tiles/tilesnivel3x/mercauuu_1257.asset
 0.2 kb	 0.0% Assets/tiles/tilesnivel3x/mercauuu_1256.asset
 0.2 kb	 0.0% Assets/tiles/tilesnivel3x/mercauuu_1255.asset
 0.2 kb	 0.0% Assets/tiles/tilesnivel3x/mercauuu_1254.asset
 0.2 kb	 0.0% Assets/tiles/tilesnivel3x/mercauuu_1253.asset
 0.2 kb	 0.0% Assets/tiles/tilesnivel3x/mercauuu_1252.asset
 0.2 kb	 0.0% Assets/tiles/tilesnivel3x/mercauuu_1251.asset
 0.2 kb	 0.0% Assets/tiles/tilesnivel3x/mercauuu_1250.asset
 0.2 kb	 0.0% Assets/tiles/tilesnivel3x/mercauuu_1249.asset
 0.2 kb	 0.0% Assets/tiles/tilesnivel3x/mercauuu_1248.asset
 0.2 kb	 0.0% Assets/tiles/tilesnivel3x/mercauuu_1247.asset
 0.2 kb	 0.0% Assets/tiles/tilesnivel3x/mercauuu_1246.asset
 0.2 kb	 0.0% Assets/tiles/tilesnivel3x/mercauuu_1245.asset
 0.2 kb	 0.0% Assets/tiles/tilesnivel3x/mercauuu_1244.asset
 0.2 kb	 0.0% Assets/tiles/tilesnivel3x/mercauuu_1228.asset
 0.2 kb	 0.0% Assets/tiles/tilesnivel3x/mercauuu_1227.asset
 0.2 kb	 0.0% Assets/tiles/tilesnivel3x/mercauuu_1226.asset
 0.2 kb	 0.0% Assets/tiles/tilesnivel3x/mercauuu_1225.asset
 0.2 kb	 0.0% Assets/tiles/tilesnivel3x/mercauuu_1224.asset
 0.2 kb	 0.0% Assets/tiles/tilesnivel3x/mercauuu_1223.asset
 0.2 kb	 0.0% Assets/tiles/tilesnivel3x/mercauuu_1222.asset
 0.2 kb	 0.0% Assets/tiles/tilesnivel3x/mercauuu_1221.asset
 0.2 kb	 0.0% Assets/tiles/tilesnivel3x/mercauuu_1220.asset
 0.2 kb	 0.0% Assets/tiles/tilesnivel3x/mercauuu_1219.asset
 0.2 kb	 0.0% Assets/tiles/tilesnivel3x/mercauuu_1218.asset
 0.2 kb	 0.0% Assets/tiles/tilesnivel3x/mercauuu_1217.asset
 0.2 kb	 0.0% Assets/tiles/tilesnivel3x/mercauuu_1216.asset
 0.2 kb	 0.0% Assets/tiles/tilesnivel3x/mercauuu_1214.asset
 0.2 kb	 0.0% Assets/tiles/tilesnivel3x/mercauuu_1213.asset
 0.2 kb	 0.0% Assets/tiles/tilesnivel3x/mercauuu_1212.asset
 0.2 kb	 0.0% Assets/tiles/tilesnivel3x/mercauuu_1211.asset
 0.2 kb	 0.0% Assets/tiles/tilesnivel3x/mercauuu_1210.asset
 0.2 kb	 0.0% Assets/tiles/tilesnivel3x/mercauuu_1209.asset
 0.2 kb	 0.0% Assets/tiles/tilesnivel3x/mercauuu_1208.asset
 0.2 kb	 0.0% Assets/tiles/tilesnivel3x/mercauuu_1207.asset
 0.2 kb	 0.0% Assets/tiles/tilesnivel3x/mercauuu_1206.asset
 0.2 kb	 0.0% Assets/tiles/tilesnivel3x/mercauuu_1205.asset
 0.2 kb	 0.0% Assets/tiles/tilesnivel3x/mercauuu_1204.asset
 0.2 kb	 0.0% Assets/tiles/tilesnivel3x/mercauuu_1203.asset
 0.2 kb	 0.0% Assets/tiles/tilesnivel3x/mercauuu_1202.asset
 0.2 kb	 0.0% Assets/tiles/tilesnivel3x/mercauuu_1201.asset
 0.2 kb	 0.0% Assets/tiles/tilesnivel3x/mercauuu_1200.asset
 0.2 kb	 0.0% Assets/tiles/tilesnivel3x/mercauuu_1166.asset
 0.2 kb	 0.0% Assets/tiles/tilesnivel3x/mercauuu_1165.asset
 0.2 kb	 0.0% Assets/tiles/tilesnivel3x/mercauuu_1164.asset
 0.2 kb	 0.0% Assets/tiles/tilesnivel3x/mercauuu_1163.asset
 0.2 kb	 0.0% Assets/tiles/tilesnivel3x/mercauuu_1162.asset
 0.2 kb	 0.0% Assets/tiles/tilesnivel3x/mercauuu_1161.asset
 0.2 kb	 0.0% Assets/tiles/tilesnivel3x/mercauuu_1160.asset
 0.2 kb	 0.0% Assets/tiles/tilesnivel3x/mercauuu_1159.asset
 0.2 kb	 0.0% Assets/tiles/tilesnivel3x/mercauuu_1158.asset
 0.2 kb	 0.0% Assets/tiles/tilesnivel3x/mercauuu_1157.asset
 0.2 kb	 0.0% Assets/tiles/tilesnivel3x/mercauuu_1156.asset
 0.2 kb	 0.0% Assets/tiles/tilesnivel3x/mercauuu_1155.asset
 0.2 kb	 0.0% Assets/tiles/tilesnivel3x/mercauuu_1154.asset
 0.2 kb	 0.0% Assets/tiles/tilesnivel3x/mercauuu_1153.asset
 0.2 kb	 0.0% Assets/tiles/tilesnivel3x/mercauuu_1152.asset
 0.2 kb	 0.0% Assets/tiles/tilesnivel3x/mercauuu_1149.asset
 0.2 kb	 0.0% Assets/tiles/tilesnivel3x/mercauuu_1148.asset
 0.2 kb	 0.0% Assets/tiles/tilesnivel3x/mercauuu_1147.asset
 0.2 kb	 0.0% Assets/tiles/tilesnivel3x/mercauuu_1146.asset
 0.2 kb	 0.0% Assets/tiles/tilesnivel3x/mercauuu_1145.asset
 0.2 kb	 0.0% Assets/tiles/tilesnivel3x/mercauuu_1144.asset
 0.2 kb	 0.0% Assets/tiles/tilesnivel3x/mercauuu_1141.asset
 0.2 kb	 0.0% Assets/tiles/tilesnivel3x/mercauuu_1140.asset
 0.2 kb	 0.0% Assets/tiles/tilesnivel3x/mercauuu_1139.asset
 0.2 kb	 0.0% Assets/tiles/tilesnivel3x/mercauuu_1138.asset
 0.2 kb	 0.0% Assets/tiles/tilesnivel3x/mercauuu_1137.asset
 0.2 kb	 0.0% Assets/tiles/tilesnivel3x/mercauuu_1136.asset
 0.2 kb	 0.0% Assets/tiles/tilesnivel3x/mercauuu_1135.asset
 0.2 kb	 0.0% Assets/tiles/tilesnivel3x/mercauuu_1134.asset
 0.2 kb	 0.0% Assets/tiles/tilesnivel3x/mercauuu_1129.asset
 0.2 kb	 0.0% Assets/tiles/tilesnivel3x/mercauuu_1128.asset
 0.2 kb	 0.0% Assets/tiles/tilesnivel3x/mercauuu_1127.asset
 0.2 kb	 0.0% Assets/tiles/tilesnivel3x/mercauuu_1126.asset
 0.2 kb	 0.0% Assets/tiles/tilesnivel3x/mercauuu_1124.asset
 0.2 kb	 0.0% Assets/tiles/tilesnivel3x/mercauuu_1118.asset
 0.2 kb	 0.0% Assets/tiles/tilesnivel3x/mercauuu_1117.asset
 0.2 kb	 0.0% Assets/tiles/tilesnivel3x/mercauuu_1116.asset
 0.2 kb	 0.0% Assets/tiles/tilesnivel3x/mercauuu_1115.asset
 0.2 kb	 0.0% Assets/tiles/tilesnivel3x/mercauuu_1114.asset
 0.2 kb	 0.0% Assets/tiles/tilesnivel3x/mercauuu_1113.asset
 0.2 kb	 0.0% Assets/tiles/tilesnivel3x/mercauuu_1112.asset
 0.2 kb	 0.0% Assets/tiles/tilesnivel3x/mercauuu_1111.asset
 0.2 kb	 0.0% Assets/tiles/tilesnivel3x/mercauuu_1110.asset
 0.2 kb	 0.0% Assets/tiles/tilesnivel3x/mercauuu_1109.asset
 0.2 kb	 0.0% Assets/tiles/tilesnivel3x/mercauuu_1101.asset
 0.2 kb	 0.0% Assets/tiles/tilesnivel3x/mercauuu_1100.asset
 0.2 kb	 0.0% Assets/tiles/tilesnivel3x/mercauuu_1099.asset
 0.2 kb	 0.0% Assets/tiles/tilesnivel3x/mercauuu_1098.asset
 0.2 kb	 0.0% Assets/tiles/tilesnivel3x/mercauuu_1097.asset
 0.2 kb	 0.0% Assets/tiles/tilesnivel3x/mercauuu_1096.asset
 0.2 kb	 0.0% Assets/tiles/tilesnivel3x/mercauuu_1093.asset
 0.2 kb	 0.0% Assets/tiles/tilesnivel3x/mercauuu_1092.asset
 0.2 kb	 0.0% Assets/tiles/tilesnivel3x/mercauuu_1091.asset
 0.2 kb	 0.0% Assets/tiles/tilesnivel3x/mercauuu_1090.asset
 0.2 kb	 0.0% Assets/tiles/tilesnivel3x/mercauuu_1089.asset
 0.2 kb	 0.0% Assets/tiles/tilesnivel3x/mercauuu_1088.asset
 0.2 kb	 0.0% Assets/tiles/tilesnivel3x/mercauuu_1087.asset
 0.2 kb	 0.0% Assets/tiles/tilesnivel3x/mercauuu_1086.asset
 0.2 kb	 0.0% Assets/tiles/tilesnivel3x/mercauuu_1081.asset
 0.2 kb	 0.0% Assets/tiles/tilesnivel3x/mercauuu_1080.asset
 0.2 kb	 0.0% Assets/tiles/tilesnivel3x/mercauuu_1079.asset
 0.2 kb	 0.0% Assets/tiles/tilesnivel3x/mercauuu_1078.asset
 0.2 kb	 0.0% Assets/tiles/tilesnivel3x/mercauuu_1075.asset
 0.2 kb	 0.0% Assets/tiles/tilesnivel3x/mercauuu_1070.asset
 0.2 kb	 0.0% Assets/tiles/tilesnivel3x/mercauuu_1069.asset
 0.2 kb	 0.0% Assets/tiles/tilesnivel3x/mercauuu_1068.asset
 0.2 kb	 0.0% Assets/tiles/tilesnivel3x/mercauuu_1067.asset
 0.2 kb	 0.0% Assets/tiles/tilesnivel3x/mercauuu_1066.asset
 0.2 kb	 0.0% Assets/tiles/tilesnivel3x/mercauuu_1065.asset
 0.2 kb	 0.0% Assets/tiles/tilesnivel3x/mercauuu_1064.asset
 0.2 kb	 0.0% Assets/tiles/tilesnivel3x/mercauuu_1063.asset
 0.2 kb	 0.0% Assets/tiles/tilesnivel3x/mercauuu_1062.asset
 0.2 kb	 0.0% Assets/tiles/tilesnivel3x/mercauuu_1060.asset
 0.2 kb	 0.0% Assets/tiles/tilesnivel3x/mercauuu_1059.asset
 0.2 kb	 0.0% Assets/tiles/tilesnivel3x/mercauuu_1058.asset
 0.2 kb	 0.0% Assets/tiles/tilesnivel3x/mercauuu_1053.asset
 0.2 kb	 0.0% Assets/tiles/tilesnivel3x/mercauuu_1052.asset
 0.2 kb	 0.0% Assets/tiles/tilesnivel3x/mercauuu_1051.asset
 0.2 kb	 0.0% Assets/tiles/tilesnivel3x/mercauuu_1050.asset
 0.2 kb	 0.0% Assets/tiles/tilesnivel3x/mercauuu_1049.asset
 0.2 kb	 0.0% Assets/tiles/tilesnivel3x/mercauuu_1048.asset
 0.2 kb	 0.0% Assets/tiles/tilesnivel3x/mercauuu_1047.asset
 0.2 kb	 0.0% Assets/tiles/tilesnivel3x/mercauuu_1045.asset
 0.2 kb	 0.0% Assets/tiles/tilesnivel3x/mercauuu_1044.asset
 0.2 kb	 0.0% Assets/tiles/tilesnivel3x/mercauuu_1043.asset
 0.2 kb	 0.0% Assets/tiles/tilesnivel3x/mercauuu_1042.asset
 0.2 kb	 0.0% Assets/tiles/tilesnivel3x/mercauuu_1041.asset
 0.2 kb	 0.0% Assets/tiles/tilesnivel3x/mercauuu_1040.asset
 0.2 kb	 0.0% Assets/tiles/tilesnivel3x/mercauuu_1039.asset
 0.2 kb	 0.0% Assets/tiles/tilesnivel3x/mercauuu_1038.asset
 0.2 kb	 0.0% Assets/tiles/tilesnivel3x/mercauuu_1036.asset
 0.2 kb	 0.0% Assets/tiles/tilesnivel3x/mercauuu_1033.asset
 0.2 kb	 0.0% Assets/tiles/tilesnivel3x/mercauuu_1032.asset
 0.2 kb	 0.0% Assets/tiles/tilesnivel3x/mercauuu_1031.asset
 0.2 kb	 0.0% Assets/tiles/tilesnivel3x/mercauuu_1030.asset
 0.2 kb	 0.0% Assets/tiles/tilesnivel3x/mercauuu_1027.asset
 0.2 kb	 0.0% Assets/tiles/tilesnivel3x/mercauuu_1025.asset
 0.2 kb	 0.0% Assets/tiles/tilesnivel3x/mercauuu_1024.asset
 0.2 kb	 0.0% Assets/tiles/tilesnivel3x/mercauuu_1023.asset
 0.2 kb	 0.0% Assets/tiles/tilesnivel3x/mercauuu_1022.asset
 0.2 kb	 0.0% Assets/tiles/tilesnivel3x/mercauuu_1021.asset
 0.2 kb	 0.0% Assets/tiles/tilesnivel3x/mercauuu_1020.asset
 0.2 kb	 0.0% Assets/tiles/tilesnivel3x/mercauuu_1019.asset
 0.2 kb	 0.0% Assets/tiles/tilesnivel3x/mercauuu_1018.asset
 0.2 kb	 0.0% Assets/tiles/tilesnivel3x/mercauuu_1017.asset
 0.2 kb	 0.0% Assets/tiles/tilesnivel3x/mercauuu_1016.asset
 0.2 kb	 0.0% Assets/tiles/tilesnivel3x/mercauuu_1015.asset
 0.2 kb	 0.0% Assets/tiles/tilesnivel3x/mercauuu_1014.asset
 0.2 kb	 0.0% Assets/tiles/tilesnivel3x/mercauuu_1012.asset
 0.2 kb	 0.0% Assets/tiles/tilesnivel3x/mercauuu_1011.asset
 0.2 kb	 0.0% Assets/tiles/tilesnivel3x/mercauuu_1010.asset
 0.2 kb	 0.0% Assets/tiles/tilesnivel3x/mercauuu_1002.asset
 0.2 kb	 0.0% Assets/tiles/tilesnivel3x/mercauuu_1001.asset
 0.2 kb	 0.0% Assets/tiles/tilesnivel3x/mercauuu_1000.asset
 0.2 kb	 0.0% Assets/UniversalRenderPipelineGlobalSettings.asset
 0.2 kb	 0.0% Packages/com.unity.visualscripting/Runtime/VisualScripting.Core/Listeners/MonoBehaviour/UnityOnTriggerStay2DMListener.cs
 0.2 kb	 0.0% Packages/com.unity.visualscripting/Runtime/VisualScripting.Core/Listeners/MonoBehaviour/UnityOnTriggerExit2DMListener.cs
 0.2 kb	 0.0% Packages/com.unity.visualscripting/Runtime/VisualScripting.Core/Listeners/MonoBehaviour/UnityOnTriggerEnter2DMListener.cs
 0.2 kb	 0.0% Packages/com.unity.visualscripting/Runtime/VisualScripting.Core/Dependencies/FullSerializer/fsISerializationCallbacks.cs
 0.2 kb	 0.0% Packages/com.unity.visualscripting/Runtime/VisualScripting.Core/Dependencies/FullSerializer/Converters/Unity/RectOffset_DirectConverter.cs
 0.2 kb	 0.0% Packages/com.unity.visualscripting/Runtime/VisualScripting.Core/Dependencies/FullSerializer/Converters/Unity/LayerMask_DirectConverter.cs
 0.2 kb	 0.0% Packages/com.unity.test-framework/UnityEngine.TestRunner/TestRunner/PlaymodeTestsControllerSettings.cs
 0.2 kb	 0.0% Packages/com.unity.test-framework/UnityEngine.TestRunner/NUnitExtensions/Runner/UnityWorkItemDataHolder.cs
 0.2 kb	 0.0% Packages/com.unity.test-framework/UnityEngine.TestRunner/NUnitExtensions/Runner/UnityTestAssemblyRunner.cs
 0.2 kb	 0.0% Packages/com.unity.test-framework/UnityEngine.TestRunner/NUnitExtensions/Runner/PlaymodeWorkItemFactory.cs
 0.2 kb	 0.0% Packages/com.unity.test-framework/UnityEngine.TestRunner/NUnitExtensions/Runner/CoroutineTestWorkItem.cs
 0.2 kb	 0.0% Packages/com.unity.test-framework/UnityEngine.TestRunner/NUnitExtensions/IAsyncTestAssemblyBuilder.cs
 0.2 kb	 0.0% Packages/com.unity.test-framework/UnityEngine.TestRunner/NUnitExtensions/Filters/CategoryFilterExtended.cs
 0.2 kb	 0.0% Packages/com.unity.test-framework/UnityEngine.TestRunner/Assertions/UnexpectedLogMessageException.cs
 0.2 kb	 0.0% Packages/com.unity.render-pipelines.universal/Runtime/UniversalRendererRenderGraph.cs
 0.2 kb	 0.0% Packages/com.unity.render-pipelines.universal/Runtime/UniversalRendererData.cs
 0.2 kb	 0.0% Packages/com.unity.render-pipelines.universal/Runtime/UniversalRenderPipeline.cs
 0.2 kb	 0.0% Packages/com.unity.render-pipelines.universal/Runtime/Tiling/TileRangeExpansionJob.cs
 0.2 kb	 0.0% Packages/com.unity.render-pipelines.universal/Runtime/ScriptableRendererData.cs
 0.2 kb	 0.0% Packages/com.unity.render-pipelines.universal/Runtime/ReflectionProbeManager.cs
 0.2 kb	 0.0% Packages/com.unity.render-pipelines.universal/Runtime/Passes/TransparentSettingsPass.cs
 0.2 kb	 0.0% Packages/com.unity.render-pipelines.universal/Runtime/Passes/MotionVectorRenderPass.cs
 0.2 kb	 0.0% Packages/com.unity.render-pipelines.universal/Runtime/Passes/DrawScreenSpaceUIPass.cs
 0.2 kb	 0.0% Packages/com.unity.render-pipelines.universal/Runtime/Passes/DepthNormalOnlyPass.cs
 0.2 kb	 0.0% Packages/com.unity.render-pipelines.universal/Runtime/Passes/ColorGradingLutPass.cs
 0.2 kb	 0.0% Packages/com.unity.render-pipelines.universal/Runtime/NormalReconstruction.cs
 0.2 kb	 0.0% Packages/com.unity.render-pipelines.universal/Runtime/Decal/ScreenSpace/DecalGBufferRenderPass.cs
 0.2 kb	 0.0% Packages/com.unity.render-pipelines.universal/Runtime/Decal/Entities/DecalUpdateCulledSystem.cs
 0.2 kb	 0.0% Packages/com.unity.render-pipelines.universal/Runtime/Decal/Entities/DecalUpdateCachedSystem.cs
 0.2 kb	 0.0% Packages/com.unity.render-pipelines.universal/Runtime/Decal/Entities/DecalSkipCulledSystem.cs
 0.2 kb	 0.0% Packages/com.unity.render-pipelines.universal/Runtime/Decal/DBuffer/DecalForwardEmissivePass.cs
 0.2 kb	 0.0% Packages/com.unity.render-pipelines.universal/Runtime/2D/Shadows/CompositeShadowCaster2D.cs
 0.2 kb	 0.0% Packages/com.unity.render-pipelines.core/Runtime/XR/XRBuiltinShaderConstants.cs
 0.2 kb	 0.0% Packages/com.unity.render-pipelines.core/Runtime/RenderGraph/RenderGraphPass.cs
 0.2 kb	 0.0% Assets/tiles/tilesnivel6/tiles6_994.asset
 0.2 kb	 0.0% Assets/tiles/tilesnivel6/tiles6_93.asset
 0.2 kb	 0.0% Assets/tiles/tilesnivel6/tiles6_927.asset
 0.2 kb	 0.0% Assets/tiles/tilesnivel6/tiles6_904.asset
 0.2 kb	 0.0% Assets/tiles/tilesnivel6/tiles6_903.asset
 0.2 kb	 0.0% Assets/tiles/tilesnivel6/tiles6_901.asset
 0.2 kb	 0.0% Assets/tiles/tilesnivel6/tiles6_885.asset
 0.2 kb	 0.0% Assets/tiles/tilesnivel6/tiles6_884.asset
 0.2 kb	 0.0% Assets/tiles/tilesnivel6/tiles6_883.asset
 0.2 kb	 0.0% Assets/tiles/tilesnivel6/tiles6_882.asset
 0.2 kb	 0.0% Assets/tiles/tilesnivel6/tiles6_881.asset
 0.2 kb	 0.0% Assets/tiles/tilesnivel6/tiles6_880.asset
 0.2 kb	 0.0% Assets/tiles/tilesnivel6/tiles6_879.asset
 0.2 kb	 0.0% Assets/tiles/tilesnivel6/tiles6_878.asset
 0.2 kb	 0.0% Assets/tiles/tilesnivel6/tiles6_877.asset
 0.2 kb	 0.0% Assets/tiles/tilesnivel6/tiles6_876.asset
 0.2 kb	 0.0% Assets/tiles/tilesnivel6/tiles6_875.asset
 0.2 kb	 0.0% Assets/tiles/tilesnivel6/tiles6_874.asset
 0.2 kb	 0.0% Assets/tiles/tilesnivel6/tiles6_873.asset
 0.2 kb	 0.0% Assets/tiles/tilesnivel6/tiles6_872.asset
 0.2 kb	 0.0% Assets/tiles/tilesnivel6/tiles6_85.asset
 0.2 kb	 0.0% Assets/tiles/tilesnivel6/tiles6_84.asset
 0.2 kb	 0.0% Assets/tiles/tilesnivel6/tiles6_837.asset
 0.2 kb	 0.0% Assets/tiles/tilesnivel6/tiles6_836.asset
 0.2 kb	 0.0% Assets/tiles/tilesnivel6/tiles6_835.asset
 0.2 kb	 0.0% Assets/tiles/tilesnivel6/tiles6_834.asset
 0.2 kb	 0.0% Assets/tiles/tilesnivel6/tiles6_833.asset
 0.2 kb	 0.0% Assets/tiles/tilesnivel6/tiles6_832.asset
 0.2 kb	 0.0% Assets/tiles/tilesnivel6/tiles6_831.asset
 0.2 kb	 0.0% Assets/tiles/tilesnivel6/tiles6_830.asset
 0.2 kb	 0.0% Assets/tiles/tilesnivel6/tiles6_83.asset
 0.2 kb	 0.0% Assets/tiles/tilesnivel6/tiles6_829.asset
 0.2 kb	 0.0% Assets/tiles/tilesnivel6/tiles6_828.asset
 0.2 kb	 0.0% Assets/tiles/tilesnivel6/tiles6_827.asset
 0.2 kb	 0.0% Assets/tiles/tilesnivel6/tiles6_826.asset
 0.2 kb	 0.0% Assets/tiles/tilesnivel6/tiles6_825.asset
 0.2 kb	 0.0% Assets/tiles/tilesnivel6/tiles6_824.asset
 0.2 kb	 0.0% Assets/tiles/tilesnivel6/tiles6_82.asset
 0.2 kb	 0.0% Assets/tiles/tilesnivel6/tiles6_81.asset
 0.2 kb	 0.0% Assets/tiles/tilesnivel6/tiles6_780.asset
 0.2 kb	 0.0% Assets/tiles/tilesnivel6/tiles6_78.asset
 0.2 kb	 0.0% Assets/tiles/tilesnivel6/tiles6_777.asset
 0.2 kb	 0.0% Assets/tiles/tilesnivel6/tiles6_776.asset
 0.2 kb	 0.0% Assets/tiles/tilesnivel6/tiles6_77.asset
 0.2 kb	 0.0% Assets/tiles/tilesnivel6/tiles6_76.asset
 0.2 kb	 0.0% Assets/tiles/tilesnivel6/tiles6_741.asset
 0.2 kb	 0.0% Assets/tiles/tilesnivel6/tiles6_740.asset
 0.2 kb	 0.0% Assets/tiles/tilesnivel6/tiles6_739.asset
 0.2 kb	 0.0% Assets/tiles/tilesnivel6/tiles6_732.asset
 0.2 kb	 0.0% Assets/tiles/tilesnivel6/tiles6_729.asset
 0.2 kb	 0.0% Assets/tiles/tilesnivel6/tiles6_728.asset
 0.2 kb	 0.0% Assets/tiles/tilesnivel6/tiles6_684.asset
 0.2 kb	 0.0% Assets/tiles/tilesnivel6/tiles6_683.asset
 0.2 kb	 0.0% Assets/tiles/tilesnivel6/tiles6_682.asset
 0.2 kb	 0.0% Assets/tiles/tilesnivel6/tiles6_681.asset
 0.2 kb	 0.0% Assets/tiles/tilesnivel6/tiles6_680.asset
 0.2 kb	 0.0% Assets/tiles/tilesnivel6/tiles6_636.asset
 0.2 kb	 0.0% Assets/tiles/tilesnivel6/tiles6_635.asset
 0.2 kb	 0.0% Assets/tiles/tilesnivel6/tiles6_634.asset
 0.2 kb	 0.0% Assets/tiles/tilesnivel6/tiles6_633.asset
 0.2 kb	 0.0% Assets/tiles/tilesnivel6/tiles6_632.asset
 0.2 kb	 0.0% Assets/tiles/tilesnivel6/tiles6_53.asset
 0.2 kb	 0.0% Assets/tiles/tilesnivel6/tiles6_517.asset
 0.2 kb	 0.0% Assets/tiles/tilesnivel6/tiles6_516.asset
 0.2 kb	 0.0% Assets/tiles/tilesnivel6/tiles6_515.asset
 0.2 kb	 0.0% Assets/tiles/tilesnivel6/tiles6_508.asset
 0.2 kb	 0.0% Assets/tiles/tilesnivel6/tiles6_469.asset
 0.2 kb	 0.0% Assets/tiles/tilesnivel6/tiles6_468.asset
 0.2 kb	 0.0% Assets/tiles/tilesnivel6/tiles6_467.asset
 0.2 kb	 0.0% Assets/tiles/tilesnivel6/tiles6_466.asset
 0.2 kb	 0.0% Assets/tiles/tilesnivel6/tiles6_465.asset
 0.2 kb	 0.0% Assets/tiles/tilesnivel6/tiles6_464.asset
 0.2 kb	 0.0% Assets/tiles/tilesnivel6/tiles6_463.asset
 0.2 kb	 0.0% Assets/tiles/tilesnivel6/tiles6_462.asset
 0.2 kb	 0.0% Assets/tiles/tilesnivel6/tiles6_461.asset
 0.2 kb	 0.0% Assets/tiles/tilesnivel6/tiles6_460.asset
 0.2 kb	 0.0% Assets/tiles/tilesnivel6/tiles6_423.asset
 0.2 kb	 0.0% Assets/tiles/tilesnivel6/tiles6_422.asset
 0.2 kb	 0.0% Assets/tiles/tilesnivel6/tiles6_421.asset
 0.2 kb	 0.0% Assets/tiles/tilesnivel6/tiles6_420.asset
 0.2 kb	 0.0% Assets/tiles/tilesnivel6/tiles6_42.asset
 0.2 kb	 0.0% Assets/tiles/tilesnivel6/tiles6_419.asset
 0.2 kb	 0.0% Assets/tiles/tilesnivel6/tiles6_418.asset
 0.2 kb	 0.0% Assets/tiles/tilesnivel6/tiles6_417.asset
 0.2 kb	 0.0% Assets/tiles/tilesnivel6/tiles6_416.asset
 0.2 kb	 0.0% Assets/tiles/tilesnivel6/tiles6_415.asset
 0.2 kb	 0.0% Assets/tiles/tilesnivel6/tiles6_414.asset
 0.2 kb	 0.0% Assets/tiles/tilesnivel6/tiles6_41.asset
 0.2 kb	 0.0% Assets/tiles/tilesnivel6/tiles6_376.asset
 0.2 kb	 0.0% Assets/tiles/tilesnivel6/tiles6_375.asset
 0.2 kb	 0.0% Assets/tiles/tilesnivel6/tiles6_374.asset
 0.2 kb	 0.0% Assets/tiles/tilesnivel6/tiles6_373.asset
 0.2 kb	 0.0% Assets/tiles/tilesnivel6/tiles6_372.asset
 0.2 kb	 0.0% Assets/tiles/tilesnivel6/tiles6_371.asset
 0.2 kb	 0.0% Assets/tiles/tilesnivel6/tiles6_370.asset
 0.2 kb	 0.0% Assets/tiles/tilesnivel6/tiles6_369.asset
 0.2 kb	 0.0% Assets/tiles/tilesnivel6/tiles6_368.asset
 0.2 kb	 0.0% Assets/tiles/tilesnivel6/tiles6_367.asset
 0.2 kb	 0.0% Assets/tiles/tilesnivel6/tiles6_329.asset
 0.2 kb	 0.0% Assets/tiles/tilesnivel6/tiles6_328.asset
 0.2 kb	 0.0% Assets/tiles/tilesnivel6/tiles6_327.asset
 0.2 kb	 0.0% Assets/tiles/tilesnivel6/tiles6_326.asset
 0.2 kb	 0.0% Assets/tiles/tilesnivel6/tiles6_325.asset
 0.2 kb	 0.0% Assets/tiles/tilesnivel6/tiles6_324.asset
 0.2 kb	 0.0% Assets/tiles/tilesnivel6/tiles6_323.asset
 0.2 kb	 0.0% Assets/tiles/tilesnivel6/tiles6_322.asset
 0.2 kb	 0.0% Assets/tiles/tilesnivel6/tiles6_321.asset
 0.2 kb	 0.0% Assets/tiles/tilesnivel6/tiles6_320.asset
 0.2 kb	 0.0% Assets/tiles/tilesnivel6/tiles6_282.asset
 0.2 kb	 0.0% Assets/tiles/tilesnivel6/tiles6_281.asset
 0.2 kb	 0.0% Assets/tiles/tilesnivel6/tiles6_280.asset
 0.2 kb	 0.0% Assets/tiles/tilesnivel6/tiles6_279.asset
 0.2 kb	 0.0% Assets/tiles/tilesnivel6/tiles6_278.asset
 0.2 kb	 0.0% Assets/tiles/tilesnivel6/tiles6_277.asset
 0.2 kb	 0.0% Assets/tiles/tilesnivel6/tiles6_276.asset
 0.2 kb	 0.0% Assets/tiles/tilesnivel6/tiles6_275.asset
 0.2 kb	 0.0% Assets/tiles/tilesnivel6/tiles6_274.asset
 0.2 kb	 0.0% Assets/tiles/tilesnivel6/tiles6_273.asset
 0.2 kb	 0.0% Assets/tiles/tilesnivel6/tiles6_234.asset
 0.2 kb	 0.0% Assets/tiles/tilesnivel6/tiles6_233.asset
 0.2 kb	 0.0% Assets/tiles/tilesnivel6/tiles6_232.asset
 0.2 kb	 0.0% Assets/tiles/tilesnivel6/tiles6_231.asset
 0.2 kb	 0.0% Assets/tiles/tilesnivel6/tiles6_230.asset
 0.2 kb	 0.0% Assets/tiles/tilesnivel6/tiles6_229.asset
 0.2 kb	 0.0% Assets/tiles/tilesnivel6/tiles6_228.asset
 0.2 kb	 0.0% Assets/tiles/tilesnivel6/tiles6_227.asset
 0.2 kb	 0.0% Assets/tiles/tilesnivel6/tiles6_226.asset
 0.2 kb	 0.0% Assets/tiles/tilesnivel6/tiles6_225.asset
 0.2 kb	 0.0% Assets/tiles/tilesnivel6/tiles6_209.asset
 0.2 kb	 0.0% Assets/tiles/tilesnivel6/tiles6_207.asset
 0.2 kb	 0.0% Assets/tiles/tilesnivel6/tiles6_194.asset
 0.2 kb	 0.0% Assets/tiles/tilesnivel6/tiles6_187.asset
 0.2 kb	 0.0% Assets/tiles/tilesnivel6/tiles6_186.asset
 0.2 kb	 0.0% Assets/tiles/tilesnivel6/tiles6_185.asset
 0.2 kb	 0.0% Assets/tiles/tilesnivel6/tiles6_184.asset
 0.2 kb	 0.0% Assets/tiles/tilesnivel6/tiles6_183.asset
 0.2 kb	 0.0% Assets/tiles/tilesnivel6/tiles6_182.asset
 0.2 kb	 0.0% Assets/tiles/tilesnivel6/tiles6_181.asset
 0.2 kb	 0.0% Assets/tiles/tilesnivel6/tiles6_180.asset
 0.2 kb	 0.0% Assets/tiles/tilesnivel6/tiles6_179.asset
 0.2 kb	 0.0% Assets/tiles/tilesnivel6/tiles6_178.asset
 0.2 kb	 0.0% Assets/tiles/tilesnivel6/tiles6_177.asset
 0.2 kb	 0.0% Assets/tiles/tilesnivel6/tiles6_160.asset
 0.2 kb	 0.0% Assets/tiles/tilesnivel6/tiles6_159.asset
 0.2 kb	 0.0% Assets/tiles/tilesnivel6/tiles6_1466.asset
 0.2 kb	 0.0% Assets/tiles/tilesnivel6/tiles6_1465.asset
 0.2 kb	 0.0% Assets/tiles/tilesnivel6/tiles6_1464.asset
 0.2 kb	 0.0% Assets/tiles/tilesnivel6/tiles6_1432.asset
 0.2 kb	 0.0% Assets/tiles/tilesnivel6/tiles6_1431.asset
 0.2 kb	 0.0% Assets/tiles/tilesnivel6/tiles6_1430.asset
 0.2 kb	 0.0% Assets/tiles/tilesnivel6/tiles6_1422.asset
 0.2 kb	 0.0% Assets/tiles/tilesnivel6/tiles6_1421.asset
 0.2 kb	 0.0% Assets/tiles/tilesnivel6/tiles6_1420.asset
 0.2 kb	 0.0% Assets/tiles/tilesnivel6/tiles6_140.asset
 0.2 kb	 0.0% Assets/tiles/tilesnivel6/tiles6_1390.asset
 0.2 kb	 0.0% Assets/tiles/tilesnivel6/tiles6_1389.asset
 0.2 kb	 0.0% Assets/tiles/tilesnivel6/tiles6_1388.asset
 0.2 kb	 0.0% Assets/tiles/tilesnivel6/tiles6_1387.asset
 0.2 kb	 0.0% Assets/tiles/tilesnivel6/tiles6_1386.asset
 0.2 kb	 0.0% Assets/tiles/tilesnivel6/tiles6_1385.asset
 0.2 kb	 0.0% Assets/tiles/tilesnivel6/tiles6_1384.asset
 0.2 kb	 0.0% Assets/tiles/tilesnivel6/tiles6_1376.asset
 0.2 kb	 0.0% Assets/tiles/tilesnivel6/tiles6_1375.asset
 0.2 kb	 0.0% Assets/tiles/tilesnivel6/tiles6_1374.asset
 0.2 kb	 0.0% Assets/tiles/tilesnivel6/tiles6_1356.asset
 0.2 kb	 0.0% Assets/tiles/tilesnivel6/tiles6_1355.asset
 0.2 kb	 0.0% Assets/tiles/tilesnivel6/tiles6_1354.asset
 0.2 kb	 0.0% Assets/tiles/tilesnivel6/tiles6_1353.asset
 0.2 kb	 0.0% Assets/tiles/tilesnivel6/tiles6_1352.asset
 0.2 kb	 0.0% Assets/tiles/tilesnivel6/tiles6_1351.asset
 0.2 kb	 0.0% Assets/tiles/tilesnivel6/tiles6_1350.asset
 0.2 kb	 0.0% Assets/tiles/tilesnivel6/tiles6_1349.asset
 0.2 kb	 0.0% Assets/tiles/tilesnivel6/tiles6_1348.asset
 0.2 kb	 0.0% Assets/tiles/tilesnivel6/tiles6_1347.asset
 0.2 kb	 0.0% Assets/tiles/tilesnivel6/tiles6_1346.asset
 0.2 kb	 0.0% Assets/tiles/tilesnivel6/tiles6_1345.asset
 0.2 kb	 0.0% Assets/tiles/tilesnivel6/tiles6_1344.asset
 0.2 kb	 0.0% Assets/tiles/tilesnivel6/tiles6_1343.asset
 0.2 kb	 0.0% Assets/tiles/tilesnivel6/tiles6_1342.asset
 0.2 kb	 0.0% Assets/tiles/tilesnivel6/tiles6_1340.asset
 0.2 kb	 0.0% Assets/tiles/tilesnivel6/tiles6_1339.asset
 0.2 kb	 0.0% Assets/tiles/tilesnivel6/tiles6_1338.asset
 0.2 kb	 0.0% Assets/tiles/tilesnivel6/tiles6_1337.asset
 0.2 kb	 0.0% Assets/tiles/tilesnivel6/tiles6_1336.asset
 0.2 kb	 0.0% Assets/tiles/tilesnivel6/tiles6_1328.asset
 0.2 kb	 0.0% Assets/tiles/tilesnivel6/tiles6_1327.asset
 0.2 kb	 0.0% Assets/tiles/tilesnivel6/tiles6_132.asset
 0.2 kb	 0.0% Assets/tiles/tilesnivel6/tiles6_131.asset
 0.2 kb	 0.0% Assets/tiles/tilesnivel6/tiles6_1308.asset
 0.2 kb	 0.0% Assets/tiles/tilesnivel6/tiles6_1307.asset
 0.2 kb	 0.0% Assets/tiles/tilesnivel6/tiles6_1306.asset
 0.2 kb	 0.0% Assets/tiles/tilesnivel6/tiles6_1305.asset
 0.2 kb	 0.0% Assets/tiles/tilesnivel6/tiles6_1304.asset
 0.2 kb	 0.0% Assets/tiles/tilesnivel6/tiles6_1303.asset
 0.2 kb	 0.0% Assets/tiles/tilesnivel6/tiles6_1302.asset
 0.2 kb	 0.0% Assets/tiles/tilesnivel6/tiles6_1301.asset
 0.2 kb	 0.0% Assets/tiles/tilesnivel6/tiles6_1300.asset
 0.2 kb	 0.0% Assets/tiles/tilesnivel6/tiles6_130.asset
 0.2 kb	 0.0% Assets/tiles/tilesnivel6/tiles6_1299.asset
 0.2 kb	 0.0% Assets/tiles/tilesnivel6/tiles6_1298.asset
 0.2 kb	 0.0% Assets/tiles/tilesnivel6/tiles6_1297.asset
 0.2 kb	 0.0% Assets/tiles/tilesnivel6/tiles6_1296.asset
 0.2 kb	 0.0% Assets/tiles/tilesnivel6/tiles6_1295.asset
 0.2 kb	 0.0% Assets/tiles/tilesnivel6/tiles6_1294.asset
 0.2 kb	 0.0% Assets/tiles/tilesnivel6/tiles6_1292.asset
 0.2 kb	 0.0% Assets/tiles/tilesnivel6/tiles6_1291.asset
 0.2 kb	 0.0% Assets/tiles/tilesnivel6/tiles6_129.asset
 0.2 kb	 0.0% Assets/tiles/tilesnivel6/tiles6_128.asset
 0.2 kb	 0.0% Assets/tiles/tilesnivel6/tiles6_125.asset
 0.2 kb	 0.0% Assets/tiles/tilesnivel6/tiles6_1247.asset
 0.2 kb	 0.0% Assets/tiles/tilesnivel6/tiles6_1246.asset
 0.2 kb	 0.0% Assets/tiles/tilesnivel6/tiles6_1244.asset
 0.2 kb	 0.0% Assets/tiles/tilesnivel6/tiles6_1243.asset
 0.2 kb	 0.0% Assets/tiles/tilesnivel6/tiles6_124.asset
 0.2 kb	 0.0% Assets/tiles/tilesnivel6/tiles6_123.asset
 0.2 kb	 0.0% Assets/tiles/tilesnivel6/tiles6_1201.asset
 0.2 kb	 0.0% Assets/tiles/tilesnivel6/tiles6_1200.asset
 0.2 kb	 0.0% Assets/tiles/tilesnivel6/tiles6_120.asset
 0.2 kb	 0.0% Assets/tiles/tilesnivel6/tiles6_12.asset
 0.2 kb	 0.0% Assets/tiles/tilesnivel6/tiles6_1198.asset
 0.2 kb	 0.0% Assets/tiles/tilesnivel6/tiles6_1197.asset
 0.2 kb	 0.0% Assets/tiles/tilesnivel6/tiles6_119.asset
 0.2 kb	 0.0% Assets/tiles/tilesnivel6/tiles6_118.asset
 0.2 kb	 0.0% Assets/tiles/tilesnivel6/tiles6_117.asset
 0.2 kb	 0.0% Assets/tiles/tilesnivel6/tiles6_116.asset
 0.2 kb	 0.0% Assets/tiles/tilesnivel6/tiles6_115.asset
 0.2 kb	 0.0% Assets/tiles/tilesnivel6/tiles6_114.asset
 0.2 kb	 0.0% Assets/tiles/tilesnivel6/tiles6_1136.asset
 0.2 kb	 0.0% Assets/tiles/tilesnivel6/tiles6_113.asset
 0.2 kb	 0.0% Assets/tiles/tilesnivel6/tiles6_112.asset
 0.2 kb	 0.0% Assets/tiles/tilesnivel6/tiles6_111.asset
 0.2 kb	 0.0% Assets/tiles/tilesnivel6/tiles6_1108.asset
 0.2 kb	 0.0% Assets/tiles/tilesnivel6/tiles6_110.asset
 0.2 kb	 0.0% Assets/tiles/tilesnivel6/tiles6_1094.asset
 0.2 kb	 0.0% Assets/tiles/tilesnivel6/tiles6_109.asset
 0.2 kb	 0.0% Assets/tiles/tilesnivel6/tiles6_108.asset
 0.2 kb	 0.0% Assets/tiles/tilesnivel6/tiles6_107.asset
 0.2 kb	 0.0% Assets/tiles/tilesnivel6/tiles6_1065.asset
 0.2 kb	 0.0% Assets/tiles/tilesnivel6/tiles6_1064.asset
 0.2 kb	 0.0% Assets/tiles/tilesnivel6/tiles6_1049.asset
 0.2 kb	 0.0% Assets/tiles/tilesnivel6/tiles6_1048.asset
 0.2 kb	 0.0% Assets/tiles/tilesnivel6/tiles6_1047.asset
 0.2 kb	 0.0% Assets/tiles/tilesnivel6/tiles6_1046.asset
 0.2 kb	 0.0% Assets/tiles/tilesnivel6/tiles6_1045.asset
 0.2 kb	 0.0% Assets/tiles/tilesnivel6/tiles6_1044.asset
 0.2 kb	 0.0% Assets/tiles/tilesnivel6/tiles6_1042.asset
 0.2 kb	 0.0% Assets/tiles/tilesnivel6/tiles6_1027.asset
 0.2 kb	 0.0% Assets/tiles/tilesnivel6/tiles6_1021.asset
 0.2 kb	 0.0% Assets/tiles/tilesnivel6/tiles6_1020.asset
 0.2 kb	 0.0% Assets/tiles/tilesnivel6/tiles6_1017.asset
 0.2 kb	 0.0% Assets/tiles/tilesnivel6/tiles6_1016.asset
 0.2 kb	 0.0% Assets/tiles/tilesnivel6/tiles6_1000.asset
 0.2 kb	 0.0% Assets/tiles/tilesnivel6/tiles6.3_994.asset
 0.2 kb	 0.0% Assets/tiles/tilesnivel6/tiles6.3_993.asset
 0.2 kb	 0.0% Assets/tiles/tilesnivel6/tiles6.3_992.asset
 0.2 kb	 0.0% Assets/tiles/tilesnivel6/tiles6.3_991.asset
 0.2 kb	 0.0% Assets/tiles/tilesnivel6/tiles6.3_983.asset
 0.2 kb	 0.0% Assets/tiles/tilesnivel6/tiles6.3_982.asset
 0.2 kb	 0.0% Assets/tiles/tilesnivel6/tiles6.3_981.asset
 0.2 kb	 0.0% Assets/tiles/tilesnivel6/tiles6.3_980.asset
 0.2 kb	 0.0% Assets/tiles/tilesnivel6/tiles6.3_979.asset
 0.2 kb	 0.0% Assets/tiles/tilesnivel6/tiles6.3_978.asset
 0.2 kb	 0.0% Assets/tiles/tilesnivel6/tiles6.3_977.asset
 0.2 kb	 0.0% Assets/tiles/tilesnivel6/tiles6.3_976.asset
 0.2 kb	 0.0% Assets/tiles/tilesnivel6/tiles6.3_972.asset
 0.2 kb	 0.0% Assets/tiles/tilesnivel6/tiles6.3_971.asset
 0.2 kb	 0.0% Assets/tiles/tilesnivel6/tiles6.3_952.asset
 0.2 kb	 0.0% Assets/tiles/tilesnivel6/tiles6.3_951.asset
 0.2 kb	 0.0% Assets/tiles/tilesnivel6/tiles6.3_950.asset
 0.2 kb	 0.0% Assets/tiles/tilesnivel6/tiles6.3_949.asset
 0.2 kb	 0.0% Assets/tiles/tilesnivel6/tiles6.3_946.asset
 0.2 kb	 0.0% Assets/tiles/tilesnivel6/tiles6.3_945.asset
 0.2 kb	 0.0% Assets/tiles/tilesnivel6/tiles6.3_944.asset
 0.2 kb	 0.0% Assets/tiles/tilesnivel6/tiles6.3_943.asset
 0.2 kb	 0.0% Assets/tiles/tilesnivel6/tiles6.3_935.asset
 0.2 kb	 0.0% Assets/tiles/tilesnivel6/tiles6.3_934.asset
 0.2 kb	 0.0% Assets/tiles/tilesnivel6/tiles6.3_933.asset
 0.2 kb	 0.0% Assets/tiles/tilesnivel6/tiles6.3_932.asset
 0.2 kb	 0.0% Assets/tiles/tilesnivel6/tiles6.3_931.asset
 0.2 kb	 0.0% Assets/tiles/tilesnivel6/tiles6.3_930.asset
 0.2 kb	 0.0% Assets/tiles/tilesnivel6/tiles6.3_929.asset
 0.2 kb	 0.0% Assets/tiles/tilesnivel6/tiles6.3_928.asset
 0.2 kb	 0.0% Assets/tiles/tilesnivel6/tiles6.3_924.asset
 0.2 kb	 0.0% Assets/tiles/tilesnivel6/tiles6.3_923.asset
 0.2 kb	 0.0% Assets/tiles/tilesnivel6/tiles6.3_904.asset
 0.2 kb	 0.0% Assets/tiles/tilesnivel6/tiles6.3_903.asset
 0.2 kb	 0.0% Assets/tiles/tilesnivel6/tiles6.3_902.asset
 0.2 kb	 0.0% Assets/tiles/tilesnivel6/tiles6.3_901.asset
 0.2 kb	 0.0% Assets/tiles/tilesnivel6/tiles6.3_887.asset
 0.2 kb	 0.0% Assets/tiles/tilesnivel6/tiles6.3_886.asset
 0.2 kb	 0.0% Assets/tiles/tilesnivel6/tiles6.3_885.asset
 0.2 kb	 0.0% Assets/tiles/tilesnivel6/tiles6.3_884.asset
 0.2 kb	 0.0% Assets/tiles/tilesnivel6/tiles6.3_883.asset
 0.2 kb	 0.0% Assets/tiles/tilesnivel6/tiles6.3_882.asset
 0.2 kb	 0.0% Assets/tiles/tilesnivel6/tiles6.3_881.asset
 0.2 kb	 0.0% Assets/tiles/tilesnivel6/tiles6.3_877.asset
 0.2 kb	 0.0% Assets/tiles/tilesnivel6/tiles6.3_876.asset
 0.2 kb	 0.0% Assets/tiles/tilesnivel6/tiles6.3_830.asset
 0.2 kb	 0.0% Assets/tiles/tilesnivel6/tiles6.3_83.asset
 0.2 kb	 0.0% Assets/tiles/tilesnivel6/tiles6.3_829.asset
 0.2 kb	 0.0% Assets/tiles/tilesnivel6/tiles6.3_789.asset
 0.2 kb	 0.0% Assets/tiles/tilesnivel6/tiles6.3_788.asset
 0.2 kb	 0.0% Assets/tiles/tilesnivel6/tiles6.3_782.asset
 0.2 kb	 0.0% Assets/tiles/tilesnivel6/tiles6.3_781.asset
 0.2 kb	 0.0% Assets/tiles/tilesnivel6/tiles6.3_744.asset
 0.2 kb	 0.0% Assets/tiles/tilesnivel6/tiles6.3_741.asset
 0.2 kb	 0.0% Assets/tiles/tilesnivel6/tiles6.3_740.asset
 0.2 kb	 0.0% Assets/tiles/tilesnivel6/tiles6.3_734.asset
 0.2 kb	 0.0% Assets/tiles/tilesnivel6/tiles6.3_733.asset
 0.2 kb	 0.0% Assets/tiles/tilesnivel6/tiles6.3_723.asset
 0.2 kb	 0.0% Assets/tiles/tilesnivel6/tiles6.3_722.asset
 0.2 kb	 0.0% Assets/tiles/tilesnivel6/tiles6.3_721.asset
 0.2 kb	 0.0% Assets/tiles/tilesnivel6/tiles6.3_693.asset
 0.2 kb	 0.0% Assets/tiles/tilesnivel6/tiles6.3_692.asset
 0.2 kb	 0.0% Assets/tiles/tilesnivel6/tiles6.3_686.asset
 0.2 kb	 0.0% Assets/tiles/tilesnivel6/tiles6.3_685.asset
 0.2 kb	 0.0% Assets/tiles/tilesnivel6/tiles6.3_677.asset
 0.2 kb	 0.0% Assets/tiles/tilesnivel6/tiles6.3_676.asset
 0.2 kb	 0.0% Assets/tiles/tilesnivel6/tiles6.3_675.asset
 0.2 kb	 0.0% Assets/tiles/tilesnivel6/tiles6.3_674.asset
 0.2 kb	 0.0% Assets/tiles/tilesnivel6/tiles6.3_673.asset
 0.2 kb	 0.0% Assets/tiles/tilesnivel6/tiles6.3_645.asset
 0.2 kb	 0.0% Assets/tiles/tilesnivel6/tiles6.3_644.asset
 0.2 kb	 0.0% Assets/tiles/tilesnivel6/tiles6.3_629.asset
 0.2 kb	 0.0% Assets/tiles/tilesnivel6/tiles6.3_628.asset
 0.2 kb	 0.0% Assets/tiles/tilesnivel6/tiles6.3_55.asset
 0.2 kb	 0.0% Assets/tiles/tilesnivel6/tiles6.3_54.asset
 0.2 kb	 0.0% Assets/tiles/tilesnivel6/tiles6.3_53.asset
 0.2 kb	 0.0% Assets/tiles/tilesnivel6/tiles6.3_41.asset
 0.2 kb	 0.0% Assets/tiles/tilesnivel6/tiles6.3_403.asset
 0.2 kb	 0.0% Assets/tiles/tilesnivel6/tiles6.3_402.asset
 0.2 kb	 0.0% Assets/tiles/tilesnivel6/tiles6.3_401.asset
 0.2 kb	 0.0% Assets/tiles/tilesnivel6/tiles6.3_400.asset
 0.2 kb	 0.0% Assets/tiles/tilesnivel6/tiles6.3_40.asset
 0.2 kb	 0.0% Assets/tiles/tilesnivel6/tiles6.3_399.asset
 0.2 kb	 0.0% Assets/tiles/tilesnivel6/tiles6.3_398.asset
 0.2 kb	 0.0% Assets/tiles/tilesnivel6/tiles6.3_397.asset
 0.2 kb	 0.0% Assets/tiles/tilesnivel6/tiles6.3_39.asset
 0.2 kb	 0.0% Assets/tiles/tilesnivel6/tiles6.3_38.asset
 0.2 kb	 0.0% Assets/tiles/tilesnivel6/tiles6.3_37.asset
 0.2 kb	 0.0% Assets/tiles/tilesnivel6/tiles6.3_355.asset
 0.2 kb	 0.0% Assets/tiles/tilesnivel6/tiles6.3_354.asset
 0.2 kb	 0.0% Assets/tiles/tilesnivel6/tiles6.3_353.asset
 0.2 kb	 0.0% Assets/tiles/tilesnivel6/tiles6.3_352.asset
 0.2 kb	 0.0% Assets/tiles/tilesnivel6/tiles6.3_351.asset
 0.2 kb	 0.0% Assets/tiles/tilesnivel6/tiles6.3_350.asset
 0.2 kb	 0.0% Assets/tiles/tilesnivel6/tiles6.3_349.asset
 0.2 kb	 0.0% Assets/tiles/tilesnivel6/tiles6.3_347.asset
 0.2 kb	 0.0% Assets/tiles/tilesnivel6/tiles6.3_338.asset
 0.2 kb	 0.0% Assets/tiles/tilesnivel6/tiles6.3_308.asset
 0.2 kb	 0.0% Assets/tiles/tilesnivel6/tiles6.3_307.asset
 0.2 kb	 0.0% Assets/tiles/tilesnivel6/tiles6.3_306.asset
 0.2 kb	 0.0% Assets/tiles/tilesnivel6/tiles6.3_305.asset
 0.2 kb	 0.0% Assets/tiles/tilesnivel6/tiles6.3_304.asset
 0.2 kb	 0.0% Assets/tiles/tilesnivel6/tiles6.3_303.asset
 0.2 kb	 0.0% Assets/tiles/tilesnivel6/tiles6.3_302.asset
 0.2 kb	 0.0% Assets/tiles/tilesnivel6/tiles6.3_300.asset
 0.2 kb	 0.0% Assets/tiles/tilesnivel6/tiles6.3_30.asset
 0.2 kb	 0.0% Assets/tiles/tilesnivel6/tiles6.3_29.asset
 0.2 kb	 0.0% Assets/tiles/tilesnivel6/tiles6.3_28.asset
 0.2 kb	 0.0% Assets/tiles/tilesnivel6/tiles6.3_263.asset
 0.2 kb	 0.0% Assets/tiles/tilesnivel6/tiles6.3_262.asset
 0.2 kb	 0.0% Assets/tiles/tilesnivel6/tiles6.3_261.asset
 0.2 kb	 0.0% Assets/tiles/tilesnivel6/tiles6.3_260.asset
 0.2 kb	 0.0% Assets/tiles/tilesnivel6/tiles6.3_259.asset
 0.2 kb	 0.0% Assets/tiles/tilesnivel6/tiles6.3_258.asset
 0.2 kb	 0.0% Assets/tiles/tilesnivel6/tiles6.3_257.asset
 0.2 kb	 0.0% Assets/tiles/tilesnivel6/tiles6.3_255.asset
 0.2 kb	 0.0% Assets/tiles/tilesnivel6/tiles6.3_248.asset
 0.2 kb	 0.0% Assets/tiles/tilesnivel6/tiles6.3_245.asset
 0.2 kb	 0.0% Assets/tiles/tilesnivel6/tiles6.3_215.asset
 0.2 kb	 0.0% Assets/tiles/tilesnivel6/tiles6.3_214.asset
 0.2 kb	 0.0% Assets/tiles/tilesnivel6/tiles6.3_213.asset
 0.2 kb	 0.0% Assets/tiles/tilesnivel6/tiles6.3_212.asset
 0.2 kb	 0.0% Assets/tiles/tilesnivel6/tiles6.3_211.asset
 0.2 kb	 0.0% Assets/tiles/tilesnivel6/tiles6.3_210.asset
 0.2 kb	 0.0% Assets/tiles/tilesnivel6/tiles6.3_209.asset
 0.2 kb	 0.0% Assets/tiles/tilesnivel6/tiles6.3_189.asset
 0.2 kb	 0.0% Assets/tiles/tilesnivel6/tiles6.3_164.asset
 0.2 kb	 0.0% Assets/tiles/tilesnivel6/tiles6.1_994.asset
 0.2 kb	 0.0% Assets/tiles/tilesnivel6/tiles6.1_993.asset
 0.2 kb	 0.0% Assets/tiles/tilesnivel6/tiles6.1_992.asset
 0.2 kb	 0.0% Assets/tiles/tilesnivel6/tiles6.1_991.asset
 0.2 kb	 0.0% Assets/tiles/tilesnivel6/tiles6.1_990.asset
 0.2 kb	 0.0% Assets/tiles/tilesnivel6/tiles6.1_978.asset
 0.2 kb	 0.0% Assets/tiles/tilesnivel6/tiles6.1_977.asset
 0.2 kb	 0.0% Assets/tiles/tilesnivel6/tiles6.1_976.asset
 0.2 kb	 0.0% Assets/tiles/tilesnivel6/tiles6.1_975.asset
 0.2 kb	 0.0% Assets/tiles/tilesnivel6/tiles6.1_974.asset
 0.2 kb	 0.0% Assets/tiles/tilesnivel6/tiles6.1_973.asset
 0.2 kb	 0.0% Assets/tiles/tilesnivel6/tiles6.1_972.asset
 0.2 kb	 0.0% Assets/tiles/tilesnivel6/tiles6.1_968.asset
 0.2 kb	 0.0% Assets/tiles/tilesnivel6/tiles6.1_967.asset
 0.2 kb	 0.0% Assets/tiles/tilesnivel6/tiles6.1_966.asset
 0.2 kb	 0.0% Assets/tiles/tilesnivel6/tiles6.1_965.asset
 0.2 kb	 0.0% Assets/tiles/tilesnivel6/tiles6.1_932.asset
 0.2 kb	 0.0% Assets/tiles/tilesnivel6/tiles6.1_931.asset
 0.2 kb	 0.0% Assets/tiles/tilesnivel6/tiles6.1_930.asset
 0.2 kb	 0.0% Assets/tiles/tilesnivel6/tiles6.1_929.asset
 0.2 kb	 0.0% Assets/tiles/tilesnivel6/tiles6.1_928.asset
 0.2 kb	 0.0% Assets/tiles/tilesnivel6/tiles6.1_927.asset
 0.2 kb	 0.0% Assets/tiles/tilesnivel6/tiles6.1_926.asset
 0.2 kb	 0.0% Assets/tiles/tilesnivel6/tiles6.1_925.asset
 0.2 kb	 0.0% Assets/tiles/tilesnivel6/tiles6.1_924.asset
 0.2 kb	 0.0% Assets/tiles/tilesnivel6/tiles6.1_923.asset
 0.2 kb	 0.0% Assets/tiles/tilesnivel6/tiles6.1_922.asset
 0.2 kb	 0.0% Assets/tiles/tilesnivel6/tiles6.1_921.asset
 0.2 kb	 0.0% Assets/tiles/tilesnivel6/tiles6.1_920.asset
 0.2 kb	 0.0% Assets/tiles/tilesnivel6/tiles6.1_919.asset
 0.2 kb	 0.0% Assets/tiles/tilesnivel6/tiles6.1_902.asset
 0.2 kb	 0.0% Assets/tiles/tilesnivel6/tiles6.1_901.asset
 0.2 kb	 0.0% Assets/tiles/tilesnivel6/tiles6.1_9.asset
 0.2 kb	 0.0% Assets/tiles/tilesnivel6/tiles6.1_898.asset
 0.2 kb	 0.0% Assets/tiles/tilesnivel6/tiles6.1_897.asset
 0.2 kb	 0.0% Assets/tiles/tilesnivel6/tiles6.1_896.asset
 0.2 kb	 0.0% Assets/tiles/tilesnivel6/tiles6.1_895.asset
 0.2 kb	 0.0% Assets/tiles/tilesnivel6/tiles6.1_884.asset
 0.2 kb	 0.0% Assets/tiles/tilesnivel6/tiles6.1_883.asset
 0.2 kb	 0.0% Assets/tiles/tilesnivel6/tiles6.1_882.asset
 0.2 kb	 0.0% Assets/tiles/tilesnivel6/tiles6.1_881.asset
 0.2 kb	 0.0% Assets/tiles/tilesnivel6/tiles6.1_880.asset
 0.2 kb	 0.0% Assets/tiles/tilesnivel6/tiles6.1_879.asset
 0.2 kb	 0.0% Assets/tiles/tilesnivel6/tiles6.1_878.asset
 0.2 kb	 0.0% Assets/tiles/tilesnivel6/tiles6.1_877.asset
 0.2 kb	 0.0% Assets/tiles/tilesnivel6/tiles6.1_876.asset
 0.2 kb	 0.0% Assets/tiles/tilesnivel6/tiles6.1_875.asset
 0.2 kb	 0.0% Assets/tiles/tilesnivel6/tiles6.1_874.asset
 0.2 kb	 0.0% Assets/tiles/tilesnivel6/tiles6.1_873.asset
 0.2 kb	 0.0% Assets/tiles/tilesnivel6/tiles6.1_872.asset
 0.2 kb	 0.0% Assets/tiles/tilesnivel6/tiles6.1_871.asset
 0.2 kb	 0.0% Assets/tiles/tilesnivel6/tiles6.1_854.asset
 0.2 kb	 0.0% Assets/tiles/tilesnivel6/tiles6.1_853.asset
 0.2 kb	 0.0% Assets/tiles/tilesnivel6/tiles6.1_850.asset
 0.2 kb	 0.0% Assets/tiles/tilesnivel6/tiles6.1_849.asset
 0.2 kb	 0.0% Assets/tiles/tilesnivel6/tiles6.1_848.asset
 0.2 kb	 0.0% Assets/tiles/tilesnivel6/tiles6.1_847.asset
 0.2 kb	 0.0% Assets/tiles/tilesnivel6/tiles6.1_836.asset
 0.2 kb	 0.0% Assets/tiles/tilesnivel6/tiles6.1_835.asset
 0.2 kb	 0.0% Assets/tiles/tilesnivel6/tiles6.1_834.asset
 0.2 kb	 0.0% Assets/tiles/tilesnivel6/tiles6.1_833.asset
 0.2 kb	 0.0% Assets/tiles/tilesnivel6/tiles6.1_832.asset
 0.2 kb	 0.0% Assets/tiles/tilesnivel6/tiles6.1_831.asset
 0.2 kb	 0.0% Assets/tiles/tilesnivel6/tiles6.1_830.asset
 0.2 kb	 0.0% Assets/tiles/tilesnivel6/tiles6.1_829.asset
 0.2 kb	 0.0% Assets/tiles/tilesnivel6/tiles6.1_828.asset
 0.2 kb	 0.0% Assets/tiles/tilesnivel6/tiles6.1_827.asset
 0.2 kb	 0.0% Assets/tiles/tilesnivel6/tiles6.1_826.asset
 0.2 kb	 0.0% Assets/tiles/tilesnivel6/tiles6.1_825.asset
 0.2 kb	 0.0% Assets/tiles/tilesnivel6/tiles6.1_824.asset
 0.2 kb	 0.0% Assets/tiles/tilesnivel6/tiles6.1_823.asset
 0.2 kb	 0.0% Assets/tiles/tilesnivel6/tiles6.1_8.asset
 0.2 kb	 0.0% Assets/tiles/tilesnivel6/tiles6.1_791.asset
 0.2 kb	 0.0% Assets/tiles/tilesnivel6/tiles6.1_788.asset
 0.2 kb	 0.0% Assets/tiles/tilesnivel6/tiles6.1_787.asset
 0.2 kb	 0.0% Assets/tiles/tilesnivel6/tiles6.1_786.asset
 0.2 kb	 0.0% Assets/tiles/tilesnivel6/tiles6.1_785.asset
 0.2 kb	 0.0% Assets/tiles/tilesnivel6/tiles6.1_784.asset
 0.2 kb	 0.0% Assets/tiles/tilesnivel6/tiles6.1_748.asset
 0.2 kb	 0.0% Assets/tiles/tilesnivel6/tiles6.1_747.asset
 0.2 kb	 0.0% Assets/tiles/tilesnivel6/tiles6.1_740.asset
 0.2 kb	 0.0% Assets/tiles/tilesnivel6/tiles6.1_739.asset
 0.2 kb	 0.0% Assets/tiles/tilesnivel6/tiles6.1_738.asset
 0.2 kb	 0.0% Assets/tiles/tilesnivel6/tiles6.1_737.asset
 0.2 kb	 0.0% Assets/tiles/tilesnivel6/tiles6.1_736.asset
 0.2 kb	 0.0% Assets/tiles/tilesnivel6/tiles6.1_725.asset
 0.2 kb	 0.0% Assets/tiles/tilesnivel6/tiles6.1_711.asset
 0.2 kb	 0.0% Assets/tiles/tilesnivel6/tiles6.1_710.asset
 0.2 kb	 0.0% Assets/tiles/tilesnivel6/tiles6.1_709.asset
 0.2 kb	 0.0% Assets/tiles/tilesnivel6/tiles6.1_701.asset
 0.2 kb	 0.0% Assets/tiles/tilesnivel6/tiles6.1_700.asset
 0.2 kb	 0.0% Assets/tiles/tilesnivel6/tiles6.1_7.asset
 0.2 kb	 0.0% Assets/tiles/tilesnivel6/tiles6.1_678.asset
 0.2 kb	 0.0% Assets/tiles/tilesnivel6/tiles6.1_669.asset
 0.2 kb	 0.0% Assets/tiles/tilesnivel6/tiles6.1_653.asset
 0.2 kb	 0.0% Assets/tiles/tilesnivel6/tiles6.1_652.asset
 0.2 kb	 0.0% Assets/tiles/tilesnivel6/tiles6.1_616.asset
 0.2 kb	 0.0% Assets/tiles/tilesnivel6/tiles6.1_6.asset
 0.2 kb	 0.0% Assets/tiles/tilesnivel6/tiles6.1_598.asset
 0.2 kb	 0.0% Assets/tiles/tilesnivel6/tiles6.1_596.asset
 0.2 kb	 0.0% Assets/tiles/tilesnivel6/tiles6.1_595.asset
 0.2 kb	 0.0% Assets/tiles/tilesnivel6/tiles6.1_572.asset
 0.2 kb	 0.0% Assets/tiles/tilesnivel6/tiles6.1_571.asset
 0.2 kb	 0.0% Assets/tiles/tilesnivel6/tiles6.1_568.asset
 0.2 kb	 0.0% Assets/tiles/tilesnivel6/tiles6.1_56.asset
 0.2 kb	 0.0% Assets/tiles/tilesnivel6/tiles6.1_550.asset
 0.2 kb	 0.0% Assets/tiles/tilesnivel6/tiles6.1_55.asset
 0.2 kb	 0.0% Assets/tiles/tilesnivel6/tiles6.1_549.asset
 0.2 kb	 0.0% Assets/tiles/tilesnivel6/tiles6.1_548.asset
 0.2 kb	 0.0% Assets/tiles/tilesnivel6/tiles6.1_547.asset
 0.2 kb	 0.0% Assets/tiles/tilesnivel6/tiles6.1_54.asset
 0.2 kb	 0.0% Assets/tiles/tilesnivel6/tiles6.1_53.asset
 0.2 kb	 0.0% Assets/tiles/tilesnivel6/tiles6.1_52.asset
 0.2 kb	 0.0% Assets/tiles/tilesnivel6/tiles6.1_51.asset
 0.2 kb	 0.0% Assets/tiles/tilesnivel6/tiles6.1_502.asset
 0.2 kb	 0.0% Assets/tiles/tilesnivel6/tiles6.1_501.asset
 0.2 kb	 0.0% Assets/tiles/tilesnivel6/tiles6.1_500.asset
 0.2 kb	 0.0% Assets/tiles/tilesnivel6/tiles6.1_50.asset
 0.2 kb	 0.0% Assets/tiles/tilesnivel6/tiles6.1_5.asset
 0.2 kb	 0.0% Assets/tiles/tilesnivel6/tiles6.1_499.asset
 0.2 kb	 0.0% Assets/tiles/tilesnivel6/tiles6.1_49.asset
 0.2 kb	 0.0% Assets/tiles/tilesnivel6/tiles6.1_455.asset
 0.2 kb	 0.0% Assets/tiles/tilesnivel6/tiles6.1_454.asset
 0.2 kb	 0.0% Assets/tiles/tilesnivel6/tiles6.1_453.asset
 0.2 kb	 0.0% Assets/tiles/tilesnivel6/tiles6.1_409.asset
 0.2 kb	 0.0% Assets/tiles/tilesnivel6/tiles6.1_408.asset
 0.2 kb	 0.0% Assets/tiles/tilesnivel6/tiles6.1_407.asset
 0.2 kb	 0.0% Assets/tiles/tilesnivel6/tiles6.1_4.asset
 0.2 kb	 0.0% Assets/tiles/tilesnivel6/tiles6.1_398.asset
 0.2 kb	 0.0% Assets/tiles/tilesnivel6/tiles6.1_397.asset
 0.2 kb	 0.0% Assets/tiles/tilesnivel6/tiles6.1_352.asset
 0.2 kb	 0.0% Assets/tiles/tilesnivel6/tiles6.1_351.asset
 0.2 kb	 0.0% Assets/tiles/tilesnivel6/tiles6.1_350.asset
 0.2 kb	 0.0% Assets/tiles/tilesnivel6/tiles6.1_349.asset
 0.2 kb	 0.0% Assets/tiles/tilesnivel6/tiles6.1_314.asset
 0.2 kb	 0.0% Assets/tiles/tilesnivel6/tiles6.1_313.asset
 0.2 kb	 0.0% Assets/tiles/tilesnivel6/tiles6.1_305.asset
 0.2 kb	 0.0% Assets/tiles/tilesnivel6/tiles6.1_304.asset
 0.2 kb	 0.0% Assets/tiles/tilesnivel6/tiles6.1_303.asset
 0.2 kb	 0.0% Assets/tiles/tilesnivel6/tiles6.1_302.asset
 0.2 kb	 0.0% Assets/tiles/tilesnivel6/tiles6.1_3.asset
 0.2 kb	 0.0% Assets/tiles/tilesnivel6/tiles6.1_256.asset
 0.2 kb	 0.0% Assets/tiles/tilesnivel6/tiles6.1_255.asset
 0.2 kb	 0.0% Assets/tiles/tilesnivel6/tiles6.1_209.asset
 0.2 kb	 0.0% Assets/tiles/tilesnivel6/tiles6.1_208.asset
 0.2 kb	 0.0% Assets/tiles/tilesnivel6/tiles6.1_2.asset
 0.2 kb	 0.0% Assets/tiles/tilesnivel6/tiles6.1_159.asset
 0.2 kb	 0.0% Assets/tiles/tilesnivel6/tiles6.1_158.asset
 0.2 kb	 0.0% Assets/tiles/tilesnivel6/tiles6.1_157.asset
 0.2 kb	 0.0% Assets/tiles/tilesnivel6/tiles6.1_156.asset
 0.2 kb	 0.0% Assets/tiles/tilesnivel6/tiles6.1_155.asset
 0.2 kb	 0.0% Assets/tiles/tilesnivel6/tiles6.1_112.asset
 0.2 kb	 0.0% Assets/tiles/tilesnivel6/tiles6.1_111.asset
 0.2 kb	 0.0% Assets/tiles/tilesnivel6/tiles6.1_110.asset
 0.2 kb	 0.0% Assets/tiles/tilesnivel6/tiles6.1_109.asset
 0.2 kb	 0.0% Assets/tiles/tilesnivel6/tiles6.1_108.asset
 0.2 kb	 0.0% Assets/tiles/tilesnivel3x/mercauuu_999.asset
 0.2 kb	 0.0% Assets/tiles/tilesnivel3x/mercauuu_997.asset
 0.2 kb	 0.0% Assets/tiles/tilesnivel3x/mercauuu_996.asset
 0.2 kb	 0.0% Assets/tiles/tilesnivel3x/mercauuu_995.asset
 0.2 kb	 0.0% Assets/tiles/tilesnivel3x/mercauuu_994.asset
 0.2 kb	 0.0% Assets/tiles/tilesnivel3x/mercauuu_993.asset
 0.2 kb	 0.0% Assets/tiles/tilesnivel3x/mercauuu_992.asset
 0.2 kb	 0.0% Assets/tiles/tilesnivel3x/mercauuu_991.asset
 0.2 kb	 0.0% Assets/tiles/tilesnivel3x/mercauuu_990.asset
 0.2 kb	 0.0% Assets/tiles/tilesnivel3x/mercauuu_985.asset
 0.2 kb	 0.0% Assets/tiles/tilesnivel3x/mercauuu_984.asset
 0.2 kb	 0.0% Assets/tiles/tilesnivel3x/mercauuu_983.asset
 0.2 kb	 0.0% Assets/tiles/tilesnivel3x/mercauuu_982.asset
 0.2 kb	 0.0% Assets/tiles/tilesnivel3x/mercauuu_964.asset
 0.2 kb	 0.0% Assets/tiles/tilesnivel3x/mercauuu_963.asset
 0.2 kb	 0.0% Assets/tiles/tilesnivel3x/mercauuu_962.asset
 0.2 kb	 0.0% Assets/tiles/tilesnivel3x/mercauuu_957.asset
 0.2 kb	 0.0% Assets/tiles/tilesnivel3x/mercauuu_956.asset
 0.2 kb	 0.0% Assets/tiles/tilesnivel3x/mercauuu_955.asset
 0.2 kb	 0.0% Assets/tiles/tilesnivel3x/mercauuu_954.asset
 0.2 kb	 0.0% Assets/tiles/tilesnivel3x/mercauuu_953.asset
 0.2 kb	 0.0% Assets/tiles/tilesnivel3x/mercauuu_952.asset
 0.2 kb	 0.0% Assets/tiles/tilesnivel3x/mercauuu_951.asset
 0.2 kb	 0.0% Assets/tiles/tilesnivel3x/mercauuu_949.asset
 0.2 kb	 0.0% Assets/tiles/tilesnivel3x/mercauuu_948.asset
 0.2 kb	 0.0% Assets/tiles/tilesnivel3x/mercauuu_947.asset
 0.2 kb	 0.0% Assets/tiles/tilesnivel3x/mercauuu_946.asset
 0.2 kb	 0.0% Assets/tiles/tilesnivel3x/mercauuu_945.asset
 0.2 kb	 0.0% Assets/tiles/tilesnivel3x/mercauuu_944.asset
 0.2 kb	 0.0% Assets/tiles/tilesnivel3x/mercauuu_943.asset
 0.2 kb	 0.0% Assets/tiles/tilesnivel3x/mercauuu_937.asset
 0.2 kb	 0.0% Assets/tiles/tilesnivel3x/mercauuu_936.asset
 0.2 kb	 0.0% Assets/tiles/tilesnivel3x/mercauuu_935.asset
 0.2 kb	 0.0% Assets/tiles/tilesnivel3x/mercauuu_934.asset
 0.2 kb	 0.0% Assets/tiles/tilesnivel3x/mercauuu_933.asset
 0.2 kb	 0.0% Assets/tiles/tilesnivel3x/mercauuu_929.asset
 0.2 kb	 0.0% Assets/tiles/tilesnivel3x/mercauuu_928.asset
 0.2 kb	 0.0% Assets/tiles/tilesnivel3x/mercauuu_927.asset
 0.2 kb	 0.0% Assets/tiles/tilesnivel3x/mercauuu_926.asset
 0.2 kb	 0.0% Assets/tiles/tilesnivel3x/mercauuu_925.asset
 0.2 kb	 0.0% Assets/tiles/tilesnivel3x/mercauuu_924.asset
 0.2 kb	 0.0% Assets/tiles/tilesnivel3x/mercauuu_923.asset
 0.2 kb	 0.0% Assets/tiles/tilesnivel3x/mercauuu_922.asset
 0.2 kb	 0.0% Assets/tiles/tilesnivel3x/mercauuu_921.asset
 0.2 kb	 0.0% Assets/tiles/tilesnivel3x/mercauuu_920.asset
 0.2 kb	 0.0% Assets/tiles/tilesnivel3x/mercauuu_919.asset
 0.2 kb	 0.0% Assets/tiles/tilesnivel3x/mercauuu_918.asset
 0.2 kb	 0.0% Assets/tiles/tilesnivel3x/mercauuu_917.asset
 0.2 kb	 0.0% Assets/tiles/tilesnivel3x/mercauuu_916.asset
 0.2 kb	 0.0% Assets/tiles/tilesnivel3x/mercauuu_915.asset
 0.2 kb	 0.0% Assets/tiles/tilesnivel3x/mercauuu_914.asset
 0.2 kb	 0.0% Assets/tiles/tilesnivel3x/mercauuu_909.asset
 0.2 kb	 0.0% Assets/tiles/tilesnivel3x/mercauuu_908.asset
 0.2 kb	 0.0% Assets/tiles/tilesnivel3x/mercauuu_907.asset
 0.2 kb	 0.0% Assets/tiles/tilesnivel3x/mercauuu_906.asset
 0.2 kb	 0.0% Assets/tiles/tilesnivel3x/mercauuu_905.asset
 0.2 kb	 0.0% Assets/tiles/tilesnivel3x/mercauuu_904.asset
 0.2 kb	 0.0% Assets/tiles/tilesnivel3x/mercauuu_903.asset
 0.2 kb	 0.0% Assets/tiles/tilesnivel3x/mercauuu_901.asset
 0.2 kb	 0.0% Assets/tiles/tilesnivel3x/mercauuu_900.asset
 0.2 kb	 0.0% Assets/tiles/tilesnivel3x/mercauuu_899.asset
 0.2 kb	 0.0% Assets/tiles/tilesnivel3x/mercauuu_898.asset
 0.2 kb	 0.0% Assets/tiles/tilesnivel3x/mercauuu_897.asset
 0.2 kb	 0.0% Assets/tiles/tilesnivel3x/mercauuu_896.asset
 0.2 kb	 0.0% Assets/tiles/tilesnivel3x/mercauuu_895.asset
 0.2 kb	 0.0% Assets/tiles/tilesnivel3x/mercauuu_888.asset
 0.2 kb	 0.0% Assets/tiles/tilesnivel3x/mercauuu_887.asset
 0.2 kb	 0.0% Assets/tiles/tilesnivel3x/mercauuu_886.asset
 0.2 kb	 0.0% Assets/tiles/tilesnivel3x/mercauuu_881.asset
 0.2 kb	 0.0% Assets/tiles/tilesnivel3x/mercauuu_880.asset
 0.2 kb	 0.0% Assets/tiles/tilesnivel3x/mercauuu_879.asset
 0.2 kb	 0.0% Assets/tiles/tilesnivel3x/mercauuu_878.asset
 0.2 kb	 0.0% Assets/tiles/tilesnivel3x/mercauuu_877.asset
 0.2 kb	 0.0% Assets/tiles/tilesnivel3x/mercauuu_876.asset
 0.2 kb	 0.0% Assets/tiles/tilesnivel3x/mercauuu_875.asset
 0.2 kb	 0.0% Assets/tiles/tilesnivel3x/mercauuu_874.asset
 0.2 kb	 0.0% Assets/tiles/tilesnivel3x/mercauuu_873.asset
 0.2 kb	 0.0% Assets/tiles/tilesnivel3x/mercauuu_872.asset
 0.2 kb	 0.0% Assets/tiles/tilesnivel3x/mercauuu_871.asset
 0.2 kb	 0.0% Assets/tiles/tilesnivel3x/mercauuu_870.asset
 0.2 kb	 0.0% Assets/tiles/tilesnivel3x/mercauuu_869.asset
 0.2 kb	 0.0% Assets/tiles/tilesnivel3x/mercauuu_868.asset
 0.2 kb	 0.0% Assets/tiles/tilesnivel3x/mercauuu_867.asset
 0.2 kb	 0.0% Assets/tiles/tilesnivel3x/mercauuu_866.asset
 0.2 kb	 0.0% Assets/tiles/tilesnivel3x/mercauuu_861.asset
 0.2 kb	 0.0% Assets/tiles/tilesnivel3x/mercauuu_860.asset
 0.2 kb	 0.0% Assets/tiles/tilesnivel3x/mercauuu_859.asset
 0.2 kb	 0.0% Assets/tiles/tilesnivel3x/mercauuu_858.asset
 0.2 kb	 0.0% Assets/tiles/tilesnivel3x/mercauuu_857.asset
 0.2 kb	 0.0% Assets/tiles/tilesnivel3x/mercauuu_856.asset
 0.2 kb	 0.0% Assets/tiles/tilesnivel3x/mercauuu_855.asset
 0.2 kb	 0.0% Assets/tiles/tilesnivel3x/mercauuu_853.asset
 0.2 kb	 0.0% Assets/tiles/tilesnivel3x/mercauuu_852.asset
 0.2 kb	 0.0% Assets/tiles/tilesnivel3x/mercauuu_851.asset
 0.2 kb	 0.0% Assets/tiles/tilesnivel3x/mercauuu_850.asset
 0.2 kb	 0.0% Assets/tiles/tilesnivel3x/mercauuu_849.asset
 0.2 kb	 0.0% Assets/tiles/tilesnivel3x/mercauuu_848.asset
 0.2 kb	 0.0% Assets/tiles/tilesnivel3x/mercauuu_847.asset
 0.2 kb	 0.0% Assets/tiles/tilesnivel3x/mercauuu_845.asset
 0.2 kb	 0.0% Assets/tiles/tilesnivel3x/mercauuu_844.asset
 0.2 kb	 0.0% Assets/tiles/tilesnivel3x/mercauuu_840.asset
 0.2 kb	 0.0% Assets/tiles/tilesnivel3x/mercauuu_839.asset
 0.2 kb	 0.0% Assets/tiles/tilesnivel3x/mercauuu_838.asset
 0.2 kb	 0.0% Assets/tiles/tilesnivel3x/mercauuu_835.asset
 0.2 kb	 0.0% Assets/tiles/tilesnivel3x/mercauuu_834.asset
 0.2 kb	 0.0% Assets/tiles/tilesnivel3x/mercauuu_833.asset
 0.2 kb	 0.0% Assets/tiles/tilesnivel3x/mercauuu_832.asset
 0.2 kb	 0.0% Assets/tiles/tilesnivel3x/mercauuu_831.asset
 0.2 kb	 0.0% Assets/tiles/tilesnivel3x/mercauuu_830.asset
 0.2 kb	 0.0% Assets/tiles/tilesnivel3x/mercauuu_829.asset
 0.2 kb	 0.0% Assets/tiles/tilesnivel3x/mercauuu_828.asset
 0.2 kb	 0.0% Assets/tiles/tilesnivel3x/mercauuu_827.asset
 0.2 kb	 0.0% Assets/tiles/tilesnivel3x/mercauuu_826.asset
 0.2 kb	 0.0% Assets/tiles/tilesnivel3x/mercauuu_825.asset
 0.2 kb	 0.0% Assets/tiles/tilesnivel3x/mercauuu_824.asset
 0.2 kb	 0.0% Assets/tiles/tilesnivel3x/mercauuu_823.asset
 0.2 kb	 0.0% Assets/tiles/tilesnivel3x/mercauuu_822.asset
 0.2 kb	 0.0% Assets/tiles/tilesnivel3x/mercauuu_821.asset
 0.2 kb	 0.0% Assets/tiles/tilesnivel3x/mercauuu_820.asset
 0.2 kb	 0.0% Assets/tiles/tilesnivel3x/mercauuu_819.asset
 0.2 kb	 0.0% Assets/tiles/tilesnivel3x/mercauuu_818.asset
 0.2 kb	 0.0% Assets/tiles/tilesnivel3x/mercauuu_804.asset
 0.2 kb	 0.0% Assets/tiles/tilesnivel3x/mercauuu_803.asset
 0.2 kb	 0.0% Assets/tiles/tilesnivel3x/mercauuu_802.asset
 0.2 kb	 0.0% Assets/tiles/tilesnivel3x/mercauuu_800.asset
 0.2 kb	 0.0% Assets/tiles/tilesnivel3x/mercauuu_797.asset
 0.2 kb	 0.0% Assets/tiles/tilesnivel3x/mercauuu_796.asset
 0.2 kb	 0.0% Assets/tiles/tilesnivel3x/mercauuu_792.asset
 0.2 kb	 0.0% Assets/tiles/tilesnivel3x/mercauuu_791.asset
 0.2 kb	 0.0% Assets/tiles/tilesnivel3x/mercauuu_787.asset
 0.2 kb	 0.0% Assets/tiles/tilesnivel3x/mercauuu_786.asset
 0.2 kb	 0.0% Assets/tiles/tilesnivel3x/mercauuu_785.asset
 0.2 kb	 0.0% Assets/tiles/tilesnivel3x/mercauuu_784.asset
 0.2 kb	 0.0% Assets/tiles/tilesnivel3x/mercauuu_783.asset
 0.2 kb	 0.0% Assets/tiles/tilesnivel3x/mercauuu_782.asset
 0.2 kb	 0.0% Assets/tiles/tilesnivel3x/mercauuu_781.asset
 0.2 kb	 0.0% Assets/tiles/tilesnivel3x/mercauuu_780.asset
 0.2 kb	 0.0% Assets/tiles/tilesnivel3x/mercauuu_779.asset
 0.2 kb	 0.0% Assets/tiles/tilesnivel3x/mercauuu_778.asset
 0.2 kb	 0.0% Assets/tiles/tilesnivel3x/mercauuu_777.asset
 0.2 kb	 0.0% Assets/tiles/tilesnivel3x/mercauuu_776.asset
 0.2 kb	 0.0% Assets/tiles/tilesnivel3x/mercauuu_775.asset
 0.2 kb	 0.0% Assets/tiles/tilesnivel3x/mercauuu_774.asset
 0.2 kb	 0.0% Assets/tiles/tilesnivel3x/mercauuu_773.asset
 0.2 kb	 0.0% Assets/tiles/tilesnivel3x/mercauuu_772.asset
 0.2 kb	 0.0% Assets/tiles/tilesnivel3x/mercauuu_771.asset
 0.2 kb	 0.0% Assets/tiles/tilesnivel3x/mercauuu_770.asset
 0.2 kb	 0.0% Assets/tiles/tilesnivel3x/mercauuu_764.asset
 0.2 kb	 0.0% Assets/tiles/tilesnivel3x/mercauuu_763.asset
 0.2 kb	 0.0% Assets/tiles/tilesnivel3x/mercauuu_762.asset
 0.2 kb	 0.0% Assets/tiles/tilesnivel3x/mercauuu_761.asset
 0.2 kb	 0.0% Assets/tiles/tilesnivel3x/mercauuu_760.asset
 0.2 kb	 0.0% Assets/tiles/tilesnivel3x/mercauuu_759.asset
 0.2 kb	 0.0% Assets/tiles/tilesnivel3x/mercauuu_758.asset
 0.2 kb	 0.0% Assets/tiles/tilesnivel3x/mercauuu_757.asset
 0.2 kb	 0.0% Assets/tiles/tilesnivel3x/mercauuu_756.asset
 0.2 kb	 0.0% Assets/tiles/tilesnivel3x/mercauuu_755.asset
 0.2 kb	 0.0% Assets/tiles/tilesnivel3x/mercauuu_754.asset
 0.2 kb	 0.0% Assets/tiles/tilesnivel3x/mercauuu_753.asset
 0.2 kb	 0.0% Assets/tiles/tilesnivel3x/mercauuu_752.asset
 0.2 kb	 0.0% Assets/tiles/tilesnivel3x/mercauuu_751.asset
 0.2 kb	 0.0% Assets/tiles/tilesnivel3x/mercauuu_748.asset
 0.2 kb	 0.0% Assets/tiles/tilesnivel3x/mercauuu_744.asset
 0.2 kb	 0.0% Assets/tiles/tilesnivel3x/mercauuu_743.asset
 0.2 kb	 0.0% Assets/tiles/tilesnivel3x/mercauuu_742.asset
 0.2 kb	 0.0% Assets/tiles/tilesnivel3x/mercauuu_741.asset
 0.2 kb	 0.0% Assets/tiles/tilesnivel3x/mercauuu_739.asset
 0.2 kb	 0.0% Assets/tiles/tilesnivel3x/mercauuu_738.asset
 0.2 kb	 0.0% Assets/tiles/tilesnivel3x/mercauuu_737.asset
 0.2 kb	 0.0% Assets/tiles/tilesnivel3x/mercauuu_736.asset
 0.2 kb	 0.0% Assets/tiles/tilesnivel3x/mercauuu_735.asset
 0.2 kb	 0.0% Assets/tiles/tilesnivel3x/mercauuu_734.asset
 0.2 kb	 0.0% Assets/tiles/tilesnivel3x/mercauuu_733.asset
 0.2 kb	 0.0% Assets/tiles/tilesnivel3x/mercauuu_732.asset
 0.2 kb	 0.0% Assets/tiles/tilesnivel3x/mercauuu_731.asset
 0.2 kb	 0.0% Assets/tiles/tilesnivel3x/mercauuu_730.asset
 0.2 kb	 0.0% Assets/tiles/tilesnivel3x/mercauuu_73.asset
 0.2 kb	 0.0% Assets/tiles/tilesnivel3x/mercauuu_729.asset
 0.2 kb	 0.0% Assets/tiles/tilesnivel3x/mercauuu_728.asset
 0.2 kb	 0.0% Assets/tiles/tilesnivel3x/mercauuu_727.asset
 0.2 kb	 0.0% Assets/tiles/tilesnivel3x/mercauuu_726.asset
 0.2 kb	 0.0% Assets/tiles/tilesnivel3x/mercauuu_725.asset
 0.2 kb	 0.0% Assets/tiles/tilesnivel3x/mercauuu_724.asset
 0.2 kb	 0.0% Assets/tiles/tilesnivel3x/mercauuu_723.asset
 0.2 kb	 0.0% Assets/tiles/tilesnivel3x/mercauuu_722.asset
 0.2 kb	 0.0% Assets/tiles/tilesnivel3x/mercauuu_72.asset
 0.2 kb	 0.0% Assets/tiles/tilesnivel3x/mercauuu_716.asset
 0.2 kb	 0.0% Assets/tiles/tilesnivel3x/mercauuu_715.asset
 0.2 kb	 0.0% Assets/tiles/tilesnivel3x/mercauuu_714.asset
 0.2 kb	 0.0% Assets/tiles/tilesnivel3x/mercauuu_713.asset
 0.2 kb	 0.0% Assets/tiles/tilesnivel3x/mercauuu_712.asset
 0.2 kb	 0.0% Assets/tiles/tilesnivel3x/mercauuu_711.asset
 0.2 kb	 0.0% Assets/tiles/tilesnivel3x/mercauuu_710.asset
 0.2 kb	 0.0% Assets/tiles/tilesnivel3x/mercauuu_71.asset
 0.2 kb	 0.0% Assets/tiles/tilesnivel3x/mercauuu_709.asset
 0.2 kb	 0.0% Assets/tiles/tilesnivel3x/mercauuu_708.asset
 0.2 kb	 0.0% Assets/tiles/tilesnivel3x/mercauuu_707.asset
 0.2 kb	 0.0% Assets/tiles/tilesnivel3x/mercauuu_706.asset
 0.2 kb	 0.0% Assets/tiles/tilesnivel3x/mercauuu_705.asset
 0.2 kb	 0.0% Assets/tiles/tilesnivel3x/mercauuu_704.asset
 0.2 kb	 0.0% Assets/tiles/tilesnivel3x/mercauuu_703.asset
 0.2 kb	 0.0% Assets/tiles/tilesnivel3x/mercauuu_702.asset
 0.2 kb	 0.0% Assets/tiles/tilesnivel3x/mercauuu_70.asset
 0.2 kb	 0.0% Assets/tiles/tilesnivel3x/mercauuu_698.asset
 0.2 kb	 0.0% Assets/tiles/tilesnivel3x/mercauuu_696.asset
 0.2 kb	 0.0% Assets/tiles/tilesnivel3x/mercauuu_695.asset
 0.2 kb	 0.0% Assets/tiles/tilesnivel3x/mercauuu_689.asset
 0.2 kb	 0.0% Assets/tiles/tilesnivel3x/mercauuu_688.asset
 0.2 kb	 0.0% Assets/tiles/tilesnivel3x/mercauuu_685.asset
 0.2 kb	 0.0% Assets/tiles/tilesnivel3x/mercauuu_684.asset
 0.2 kb	 0.0% Assets/tiles/tilesnivel3x/mercauuu_683.asset
 0.2 kb	 0.0% Assets/tiles/tilesnivel3x/mercauuu_682.asset
 0.2 kb	 0.0% Assets/tiles/tilesnivel3x/mercauuu_681.asset
 0.2 kb	 0.0% Assets/tiles/tilesnivel3x/mercauuu_680.asset
 0.2 kb	 0.0% Assets/tiles/tilesnivel3x/mercauuu_679.asset
 0.2 kb	 0.0% Assets/tiles/tilesnivel3x/mercauuu_678.asset
 0.2 kb	 0.0% Assets/tiles/tilesnivel3x/mercauuu_677.asset
 0.2 kb	 0.0% Assets/tiles/tilesnivel3x/mercauuu_676.asset
 0.2 kb	 0.0% Assets/tiles/tilesnivel3x/mercauuu_675.asset
 0.2 kb	 0.0% Assets/tiles/tilesnivel3x/mercauuu_674.asset
 0.2 kb	 0.0% Assets/tiles/tilesnivel3x/mercauuu_672.asset
 0.2 kb	 0.0% Assets/tiles/tilesnivel3x/mercauuu_670.asset
 0.2 kb	 0.0% Assets/tiles/tilesnivel3x/mercauuu_669.asset
 0.2 kb	 0.0% Assets/tiles/tilesnivel3x/mercauuu_668.asset
 0.2 kb	 0.0% Assets/tiles/tilesnivel3x/mercauuu_667.asset
 0.2 kb	 0.0% Assets/tiles/tilesnivel3x/mercauuu_666.asset
 0.2 kb	 0.0% Assets/tiles/tilesnivel3x/mercauuu_665.asset
 0.2 kb	 0.0% Assets/tiles/tilesnivel3x/mercauuu_664.asset
 0.2 kb	 0.0% Assets/tiles/tilesnivel3x/mercauuu_663.asset
 0.2 kb	 0.0% Assets/tiles/tilesnivel3x/mercauuu_662.asset
 0.2 kb	 0.0% Assets/tiles/tilesnivel3x/mercauuu_661.asset
 0.2 kb	 0.0% Assets/tiles/tilesnivel3x/mercauuu_660.asset
 0.2 kb	 0.0% Assets/tiles/tilesnivel3x/mercauuu_66.asset
 0.2 kb	 0.0% Assets/tiles/tilesnivel3x/mercauuu_659.asset
 0.2 kb	 0.0% Assets/tiles/tilesnivel3x/mercauuu_658.asset
 0.2 kb	 0.0% Assets/tiles/tilesnivel3x/mercauuu_657.asset
 0.2 kb	 0.0% Assets/tiles/tilesnivel3x/mercauuu_656.asset
 0.2 kb	 0.0% Assets/tiles/tilesnivel3x/mercauuu_655.asset
 0.2 kb	 0.0% Assets/tiles/tilesnivel3x/mercauuu_654.asset
 0.2 kb	 0.0% Assets/tiles/tilesnivel3x/mercauuu_65.asset
 0.2 kb	 0.0% Assets/tiles/tilesnivel3x/mercauuu_641.asset
 0.2 kb	 0.0% Assets/tiles/tilesnivel3x/mercauuu_640.asset
 0.2 kb	 0.0% Assets/tiles/tilesnivel3x/mercauuu_64.asset
 0.2 kb	 0.0% Assets/tiles/tilesnivel3x/mercauuu_639.asset
 0.2 kb	 0.0% Assets/tiles/tilesnivel3x/mercauuu_638.asset
 0.2 kb	 0.0% Assets/tiles/tilesnivel3x/mercauuu_637.asset
 0.2 kb	 0.0% Assets/tiles/tilesnivel3x/mercauuu_636.asset
 0.2 kb	 0.0% Assets/tiles/tilesnivel3x/mercauuu_635.asset
 0.2 kb	 0.0% Assets/tiles/tilesnivel3x/mercauuu_632.asset
 0.2 kb	 0.0% Assets/tiles/tilesnivel3x/mercauuu_631.asset
 0.2 kb	 0.0% Assets/tiles/tilesnivel3x/mercauuu_630.asset
 0.2 kb	 0.0% Assets/tiles/tilesnivel3x/mercauuu_63.asset
 0.2 kb	 0.0% Assets/tiles/tilesnivel3x/mercauuu_629.asset
 0.2 kb	 0.0% Assets/tiles/tilesnivel3x/mercauuu_628.asset
 0.2 kb	 0.0% Assets/tiles/tilesnivel3x/mercauuu_627.asset
 0.2 kb	 0.0% Assets/tiles/tilesnivel3x/mercauuu_626.asset
 0.2 kb	 0.0% Assets/tiles/tilesnivel3x/mercauuu_624.asset
 0.2 kb	 0.0% Assets/tiles/tilesnivel3x/mercauuu_622.asset
 0.2 kb	 0.0% Assets/tiles/tilesnivel3x/mercauuu_621.asset
 0.2 kb	 0.0% Assets/tiles/tilesnivel3x/mercauuu_620.asset
 0.2 kb	 0.0% Assets/tiles/tilesnivel3x/mercauuu_62.asset
 0.2 kb	 0.0% Assets/tiles/tilesnivel3x/mercauuu_619.asset
 0.2 kb	 0.0% Assets/tiles/tilesnivel3x/mercauuu_618.asset
 0.2 kb	 0.0% Assets/tiles/tilesnivel3x/mercauuu_617.asset
 0.2 kb	 0.0% Assets/tiles/tilesnivel3x/mercauuu_616.asset
 0.2 kb	 0.0% Assets/tiles/tilesnivel3x/mercauuu_615.asset
 0.2 kb	 0.0% Assets/tiles/tilesnivel3x/mercauuu_614.asset
 0.2 kb	 0.0% Assets/tiles/tilesnivel3x/mercauuu_613.asset
 0.2 kb	 0.0% Assets/tiles/tilesnivel3x/mercauuu_612.asset
 0.2 kb	 0.0% Assets/tiles/tilesnivel3x/mercauuu_611.asset
 0.2 kb	 0.0% Assets/tiles/tilesnivel3x/mercauuu_61.asset
 0.2 kb	 0.0% Assets/tiles/tilesnivel3x/mercauuu_609.asset
 0.2 kb	 0.0% Assets/tiles/tilesnivel3x/mercauuu_608.asset
 0.2 kb	 0.0% Assets/tiles/tilesnivel3x/mercauuu_607.asset
 0.2 kb	 0.0% Assets/tiles/tilesnivel3x/mercauuu_606.asset
 0.2 kb	 0.0% Assets/tiles/tilesnivel3x/mercauuu_605.asset
 0.2 kb	 0.0% Assets/tiles/tilesnivel3x/mercauuu_604.asset
 0.2 kb	 0.0% Assets/tiles/tilesnivel3x/mercauuu_600.asset
 0.2 kb	 0.0% Assets/tiles/tilesnivel3x/mercauuu_60.asset
 0.2 kb	 0.0% Assets/tiles/tilesnivel3x/mercauuu_599.asset
 0.2 kb	 0.0% Assets/tiles/tilesnivel3x/mercauuu_595.asset
 0.2 kb	 0.0% Assets/tiles/tilesnivel3x/mercauuu_594.asset
 0.2 kb	 0.0% Assets/tiles/tilesnivel3x/mercauuu_593.asset
 0.2 kb	 0.0% Assets/tiles/tilesnivel3x/mercauuu_592.asset
 0.2 kb	 0.0% Assets/tiles/tilesnivel3x/mercauuu_591.asset
 0.2 kb	 0.0% Assets/tiles/tilesnivel3x/mercauuu_590.asset
 0.2 kb	 0.0% Assets/tiles/tilesnivel3x/mercauuu_59.asset
 0.2 kb	 0.0% Assets/tiles/tilesnivel3x/mercauuu_589.asset
 0.2 kb	 0.0% Assets/tiles/tilesnivel3x/mercauuu_588.asset
 0.2 kb	 0.0% Assets/tiles/tilesnivel3x/mercauuu_587.asset
 0.2 kb	 0.0% Assets/tiles/tilesnivel3x/mercauuu_586.asset
 0.2 kb	 0.0% Assets/tiles/tilesnivel3x/mercauuu_585.asset
 0.2 kb	 0.0% Assets/tiles/tilesnivel3x/mercauuu_584.asset
 0.2 kb	 0.0% Assets/tiles/tilesnivel3x/mercauuu_583.asset
 0.2 kb	 0.0% Assets/tiles/tilesnivel3x/mercauuu_582.asset
 0.2 kb	 0.0% Assets/tiles/tilesnivel3x/mercauuu_581.asset
 0.2 kb	 0.0% Assets/tiles/tilesnivel3x/mercauuu_580.asset
 0.2 kb	 0.0% Assets/tiles/tilesnivel3x/mercauuu_58.asset
 0.2 kb	 0.0% Assets/tiles/tilesnivel3x/mercauuu_579.asset
 0.2 kb	 0.0% Assets/tiles/tilesnivel3x/mercauuu_578.asset
 0.2 kb	 0.0% Assets/tiles/tilesnivel3x/mercauuu_576.asset
 0.2 kb	 0.0% Assets/tiles/tilesnivel3x/mercauuu_575.asset
 0.2 kb	 0.0% Assets/tiles/tilesnivel3x/mercauuu_574.asset
 0.2 kb	 0.0% Assets/tiles/tilesnivel3x/mercauuu_573.asset
 0.2 kb	 0.0% Assets/tiles/tilesnivel3x/mercauuu_572.asset
 0.2 kb	 0.0% Assets/tiles/tilesnivel3x/mercauuu_571.asset
 0.2 kb	 0.0% Assets/tiles/tilesnivel3x/mercauuu_570.asset
 0.2 kb	 0.0% Assets/tiles/tilesnivel3x/mercauuu_57.asset
 0.2 kb	 0.0% Assets/tiles/tilesnivel3x/mercauuu_569.asset
 0.2 kb	 0.0% Assets/tiles/tilesnivel3x/mercauuu_568.asset
 0.2 kb	 0.0% Assets/tiles/tilesnivel3x/mercauuu_567.asset
 0.2 kb	 0.0% Assets/tiles/tilesnivel3x/mercauuu_566.asset
 0.2 kb	 0.0% Assets/tiles/tilesnivel3x/mercauuu_565.asset
 0.2 kb	 0.0% Assets/tiles/tilesnivel3x/mercauuu_564.asset
 0.2 kb	 0.0% Assets/tiles/tilesnivel3x/mercauuu_563.asset
 0.2 kb	 0.0% Assets/tiles/tilesnivel3x/mercauuu_561.asset
 0.2 kb	 0.0% Assets/tiles/tilesnivel3x/mercauuu_560.asset
 0.2 kb	 0.0% Assets/tiles/tilesnivel3x/mercauuu_56.asset
 0.2 kb	 0.0% Assets/tiles/tilesnivel3x/mercauuu_557.asset
 0.2 kb	 0.0% Assets/tiles/tilesnivel3x/mercauuu_556.asset
 0.2 kb	 0.0% Assets/tiles/tilesnivel3x/mercauuu_554.asset
 0.2 kb	 0.0% Assets/tiles/tilesnivel3x/mercauuu_553.asset
 0.2 kb	 0.0% Assets/tiles/tilesnivel3x/mercauuu_552.asset
 0.2 kb	 0.0% Assets/tiles/tilesnivel3x/mercauuu_551.asset
 0.2 kb	 0.0% Assets/tiles/tilesnivel3x/mercauuu_550.asset
 0.2 kb	 0.0% Assets/tiles/tilesnivel3x/mercauuu_55.asset
 0.2 kb	 0.0% Assets/tiles/tilesnivel3x/mercauuu_547.asset
 0.2 kb	 0.0% Assets/tiles/tilesnivel3x/mercauuu_546.asset
 0.2 kb	 0.0% Assets/tiles/tilesnivel3x/mercauuu_545.asset
 0.2 kb	 0.0% Assets/tiles/tilesnivel3x/mercauuu_544.asset
 0.2 kb	 0.0% Assets/tiles/tilesnivel3x/mercauuu_543.asset
 0.2 kb	 0.0% Assets/tiles/tilesnivel3x/mercauuu_542.asset
 0.2 kb	 0.0% Assets/tiles/tilesnivel3x/mercauuu_541.asset
 0.2 kb	 0.0% Assets/tiles/tilesnivel3x/mercauuu_540.asset
 0.2 kb	 0.0% Assets/tiles/tilesnivel3x/mercauuu_54.asset
 0.2 kb	 0.0% Assets/tiles/tilesnivel3x/mercauuu_539.asset
 0.2 kb	 0.0% Assets/tiles/tilesnivel3x/mercauuu_538.asset
 0.2 kb	 0.0% Assets/tiles/tilesnivel3x/mercauuu_537.asset
 0.2 kb	 0.0% Assets/tiles/tilesnivel3x/mercauuu_536.asset
 0.2 kb	 0.0% Assets/tiles/tilesnivel3x/mercauuu_535.asset
 0.2 kb	 0.0% Assets/tiles/tilesnivel3x/mercauuu_534.asset
 0.2 kb	 0.0% Assets/tiles/tilesnivel3x/mercauuu_533.asset
 0.2 kb	 0.0% Assets/tiles/tilesnivel3x/mercauuu_532.asset
 0.2 kb	 0.0% Assets/tiles/tilesnivel3x/mercauuu_531.asset
 0.2 kb	 0.0% Assets/tiles/tilesnivel3x/mercauuu_530.asset
 0.2 kb	 0.0% Assets/tiles/tilesnivel3x/mercauuu_53.asset
 0.2 kb	 0.0% Assets/tiles/tilesnivel3x/mercauuu_528.asset
 0.2 kb	 0.0% Assets/tiles/tilesnivel3x/mercauuu_527.asset
 0.2 kb	 0.0% Assets/tiles/tilesnivel3x/mercauuu_524.asset
 0.2 kb	 0.0% Assets/tiles/tilesnivel3x/mercauuu_523.asset
 0.2 kb	 0.0% Assets/tiles/tilesnivel3x/mercauuu_522.asset
 0.2 kb	 0.0% Assets/tiles/tilesnivel3x/mercauuu_521.asset
 0.2 kb	 0.0% Assets/tiles/tilesnivel3x/mercauuu_520.asset
 0.2 kb	 0.0% Assets/tiles/tilesnivel3x/mercauuu_52.asset
 0.2 kb	 0.0% Assets/tiles/tilesnivel3x/mercauuu_519.asset
 0.2 kb	 0.0% Assets/tiles/tilesnivel3x/mercauuu_518.asset
 0.2 kb	 0.0% Assets/tiles/tilesnivel3x/mercauuu_513.asset
 0.2 kb	 0.0% Assets/tiles/tilesnivel3x/mercauuu_512.asset
 0.2 kb	 0.0% Assets/tiles/tilesnivel3x/mercauuu_51.asset
 0.2 kb	 0.0% Assets/tiles/tilesnivel3x/mercauuu_509.asset
 0.2 kb	 0.0% Assets/tiles/tilesnivel3x/mercauuu_508.asset
 0.2 kb	 0.0% Assets/tiles/tilesnivel3x/mercauuu_506.asset
 0.2 kb	 0.0% Assets/tiles/tilesnivel3x/mercauuu_505.asset
 0.2 kb	 0.0% Assets/tiles/tilesnivel3x/mercauuu_504.asset
 0.2 kb	 0.0% Assets/tiles/tilesnivel3x/mercauuu_503.asset
 0.2 kb	 0.0% Assets/tiles/tilesnivel3x/mercauuu_502.asset
 0.2 kb	 0.0% Assets/tiles/tilesnivel3x/mercauuu_50.asset
 0.2 kb	 0.0% Assets/tiles/tilesnivel3x/mercauuu_499.asset
 0.2 kb	 0.0% Assets/tiles/tilesnivel3x/mercauuu_498.asset
 0.2 kb	 0.0% Assets/tiles/tilesnivel3x/mercauuu_497.asset
 0.2 kb	 0.0% Assets/tiles/tilesnivel3x/mercauuu_496.asset
 0.2 kb	 0.0% Assets/tiles/tilesnivel3x/mercauuu_495.asset
 0.2 kb	 0.0% Assets/tiles/tilesnivel3x/mercauuu_494.asset
 0.2 kb	 0.0% Assets/tiles/tilesnivel3x/mercauuu_493.asset
 0.2 kb	 0.0% Assets/tiles/tilesnivel3x/mercauuu_492.asset
 0.2 kb	 0.0% Assets/tiles/tilesnivel3x/mercauuu_491.asset
 0.2 kb	 0.0% Assets/tiles/tilesnivel3x/mercauuu_490.asset
 0.2 kb	 0.0% Assets/tiles/tilesnivel3x/mercauuu_49.asset
 0.2 kb	 0.0% Assets/tiles/tilesnivel3x/mercauuu_489.asset
 0.2 kb	 0.0% Assets/tiles/tilesnivel3x/mercauuu_488.asset
 0.2 kb	 0.0% Assets/tiles/tilesnivel3x/mercauuu_487.asset
 0.2 kb	 0.0% Assets/tiles/tilesnivel3x/mercauuu_486.asset
 0.2 kb	 0.0% Assets/tiles/tilesnivel3x/mercauuu_485.asset
 0.2 kb	 0.0% Assets/tiles/tilesnivel3x/mercauuu_484.asset
 0.2 kb	 0.0% Assets/tiles/tilesnivel3x/mercauuu_483.asset
 0.2 kb	 0.0% Assets/tiles/tilesnivel3x/mercauuu_482.asset
 0.2 kb	 0.0% Assets/tiles/tilesnivel3x/mercauuu_480.asset
 0.2 kb	 0.0% Assets/tiles/tilesnivel3x/mercauuu_48.asset
 0.2 kb	 0.0% Assets/tiles/tilesnivel3x/mercauuu_479.asset
 0.2 kb	 0.0% Assets/tiles/tilesnivel3x/mercauuu_472.asset
 0.2 kb	 0.0% Assets/tiles/tilesnivel3x/mercauuu_471.asset
 0.2 kb	 0.0% Assets/tiles/tilesnivel3x/mercauuu_455.asset
 0.2 kb	 0.0% Assets/tiles/tilesnivel3x/mercauuu_454.asset
 0.2 kb	 0.0% Assets/tiles/tilesnivel3x/mercauuu_449.asset
 0.2 kb	 0.0% Assets/tiles/tilesnivel3x/mercauuu_448.asset
 0.2 kb	 0.0% Assets/tiles/tilesnivel3x/mercauuu_447.asset
 0.2 kb	 0.0% Assets/tiles/tilesnivel3x/mercauuu_446.asset
 0.2 kb	 0.0% Assets/tiles/tilesnivel3x/mercauuu_445.asset
 0.2 kb	 0.0% Assets/tiles/tilesnivel3x/mercauuu_444.asset
 0.2 kb	 0.0% Assets/tiles/tilesnivel3x/mercauuu_443.asset
 0.2 kb	 0.0% Assets/tiles/tilesnivel3x/mercauuu_442.asset
 0.2 kb	 0.0% Assets/tiles/tilesnivel3x/mercauuu_441.asset
 0.2 kb	 0.0% Assets/tiles/tilesnivel3x/mercauuu_440.asset
 0.2 kb	 0.0% Assets/tiles/tilesnivel3x/mercauuu_439.asset
 0.2 kb	 0.0% Assets/tiles/tilesnivel3x/mercauuu_438.asset
 0.2 kb	 0.0% Assets/tiles/tilesnivel3x/mercauuu_437.asset
 0.2 kb	 0.0% Assets/tiles/tilesnivel3x/mercauuu_436.asset
 0.2 kb	 0.0% Assets/tiles/tilesnivel3x/mercauuu_435.asset
 0.2 kb	 0.0% Assets/tiles/tilesnivel3x/mercauuu_434.asset
 0.2 kb	 0.0% Assets/tiles/tilesnivel3x/mercauuu_432.asset
 0.2 kb	 0.0% Assets/tiles/tilesnivel3x/mercauuu_431.asset
 0.2 kb	 0.0% Assets/tiles/tilesnivel3x/mercauuu_408.asset
 0.2 kb	 0.0% Assets/tiles/tilesnivel3x/mercauuu_388.asset
 0.2 kb	 0.0% Assets/tiles/tilesnivel3x/mercauuu_387.asset
 0.2 kb	 0.0% Assets/tiles/tilesnivel3x/mercauuu_386.asset
 0.2 kb	 0.0% Assets/tiles/tilesnivel3x/mercauuu_384.asset
 0.2 kb	 0.0% Assets/tiles/tilesnivel3x/mercauuu_383.asset
 0.2 kb	 0.0% Assets/tiles/tilesnivel3x/mercauuu_340.asset
 0.2 kb	 0.0% Assets/tiles/tilesnivel3x/mercauuu_339.asset
 0.2 kb	 0.0% Assets/tiles/tilesnivel3x/mercauuu_338.asset
 0.2 kb	 0.0% Assets/tiles/tilesnivel3x/mercauuu_335.asset
 0.2 kb	 0.0% Assets/tiles/tilesnivel3x/mercauuu_329.asset
 0.2 kb	 0.0% Assets/tiles/tilesnivel3x/mercauuu_328.asset
 0.2 kb	 0.0% Assets/tiles/tilesnivel3x/mercauuu_327.asset
 0.2 kb	 0.0% Assets/tiles/tilesnivel3x/mercauuu_322.asset
 0.2 kb	 0.0% Assets/tiles/tilesnivel3x/mercauuu_321.asset
 0.2 kb	 0.0% Assets/tiles/tilesnivel3x/mercauuu_320.asset
 0.2 kb	 0.0% Assets/tiles/tilesnivel3x/mercauuu_296.asset
 0.2 kb	 0.0% Assets/tiles/tilesnivel3x/mercauuu_295.asset
 0.2 kb	 0.0% Assets/tiles/tilesnivel3x/mercauuu_294.asset
 0.2 kb	 0.0% Assets/tiles/tilesnivel3x/mercauuu_293.asset
 0.2 kb	 0.0% Assets/tiles/tilesnivel3x/mercauuu_292.asset
 0.2 kb	 0.0% Assets/tiles/tilesnivel3x/mercauuu_291.asset
 0.2 kb	 0.0% Assets/tiles/tilesnivel3x/mercauuu_290.asset
 0.2 kb	 0.0% Assets/tiles/tilesnivel3x/mercauuu_283.asset
 0.2 kb	 0.0% Assets/tiles/tilesnivel3x/mercauuu_282.asset
 0.2 kb	 0.0% Assets/tiles/tilesnivel3x/mercauuu_281.asset
 0.2 kb	 0.0% Assets/tiles/tilesnivel3x/mercauuu_280.asset
 0.2 kb	 0.0% Assets/tiles/tilesnivel3x/mercauuu_279.asset
 0.2 kb	 0.0% Assets/tiles/tilesnivel3x/mercauuu_274.asset
 0.2 kb	 0.0% Assets/tiles/tilesnivel3x/mercauuu_273.asset
 0.2 kb	 0.0% Assets/tiles/tilesnivel3x/mercauuu_272.asset
 0.2 kb	 0.0% Assets/tiles/tilesnivel3x/mercauuu_235.asset
 0.2 kb	 0.0% Assets/tiles/tilesnivel3x/mercauuu_234.asset
 0.2 kb	 0.0% Assets/tiles/tilesnivel3x/mercauuu_233.asset
 0.2 kb	 0.0% Assets/tiles/tilesnivel3x/mercauuu_232.asset
 0.2 kb	 0.0% Assets/tiles/tilesnivel3x/mercauuu_231.asset
 0.2 kb	 0.0% Assets/tiles/tilesnivel3x/mercauuu_230.asset
 0.2 kb	 0.0% Assets/tiles/tilesnivel3x/mercauuu_226.asset
 0.2 kb	 0.0% Assets/tiles/tilesnivel3x/mercauuu_225.asset
 0.2 kb	 0.0% Assets/tiles/tilesnivel3x/mercauuu_224.asset
 0.2 kb	 0.0% Assets/tiles/tilesnivel3x/mercauuu_217.asset
 0.2 kb	 0.0% Assets/tiles/tilesnivel3x/mercauuu_216.asset
 0.2 kb	 0.0% Assets/tiles/tilesnivel3x/mercauuu_215.asset
 0.2 kb	 0.0% Assets/tiles/tilesnivel3x/mercauuu_214.asset
 0.2 kb	 0.0% Assets/tiles/tilesnivel3x/mercauuu_204.asset
 0.2 kb	 0.0% Assets/tiles/tilesnivel3x/mercauuu_203.asset
 0.2 kb	 0.0% Assets/tiles/tilesnivel3x/mercauuu_202.asset
 0.2 kb	 0.0% Assets/tiles/tilesnivel3x/mercauuu_201.asset
 0.2 kb	 0.0% Assets/tiles/tilesnivel3x/mercauuu_200.asset
 0.2 kb	 0.0% Assets/tiles/tilesnivel3x/mercauuu_199.asset
 0.2 kb	 0.0% Assets/tiles/tilesnivel3x/mercauuu_198.asset
 0.2 kb	 0.0% Assets/tiles/tilesnivel3x/mercauuu_197.asset
 0.2 kb	 0.0% Assets/tiles/tilesnivel3x/mercauuu_196.asset
 0.2 kb	 0.0% Assets/tiles/tilesnivel3x/mercauuu_195.asset
 0.2 kb	 0.0% Assets/tiles/tilesnivel3x/mercauuu_194.asset
 0.2 kb	 0.0% Assets/tiles/tilesnivel3x/mercauuu_187.asset
 0.2 kb	 0.0% Assets/tiles/tilesnivel3x/mercauuu_186.asset
 0.2 kb	 0.0% Assets/tiles/tilesnivel3x/mercauuu_185.asset
 0.2 kb	 0.0% Assets/tiles/tilesnivel3x/mercauuu_184.asset
 0.2 kb	 0.0% Assets/tiles/tilesnivel3x/mercauuu_183.asset
 0.2 kb	 0.0% Assets/tiles/tilesnivel3x/mercauuu_182.asset
 0.2 kb	 0.0% Assets/tiles/tilesnivel3x/mercauuu_178.asset
 0.2 kb	 0.0% Assets/tiles/tilesnivel3x/mercauuu_177.asset
 0.2 kb	 0.0% Assets/tiles/tilesnivel3x/mercauuu_176.asset
 0.2 kb	 0.0% Assets/tiles/tilesnivel3x/mercauuu_169.asset
 0.2 kb	 0.0% Assets/tiles/tilesnivel3x/mercauuu_168.asset
 0.2 kb	 0.0% Assets/tiles/tilesnivel3x/mercauuu_167.asset
 0.2 kb	 0.0% Assets/tiles/tilesnivel3x/mercauuu_166.asset
 0.2 kb	 0.0% Assets/tiles/tilesnivel3x/mercauuu_156.asset
 0.2 kb	 0.0% Assets/tiles/tilesnivel3x/mercauuu_155.asset
 0.2 kb	 0.0% Assets/tiles/tilesnivel3x/mercauuu_154.asset
 0.2 kb	 0.0% Assets/tiles/tilesnivel3x/mercauuu_153.asset
 0.2 kb	 0.0% Assets/tiles/tilesnivel3x/mercauuu_152.asset
 0.2 kb	 0.0% Assets/tiles/tilesnivel3x/mercauuu_151.asset
 0.2 kb	 0.0% Assets/tiles/tilesnivel3x/mercauuu_150.asset
 0.2 kb	 0.0% Assets/tiles/tilesnivel3x/mercauuu_149.asset
 0.2 kb	 0.0% Assets/tiles/tilesnivel3x/mercauuu_148.asset
 0.2 kb	 0.0% Assets/tiles/tilesnivel3x/mercauuu_147.asset
 0.2 kb	 0.0% Assets/tiles/tilesnivel3x/mercauuu_146.asset
 0.2 kb	 0.0% Assets/tiles/tilesnivel3x/mercauuu_129.asset
 0.2 kb	 0.0% Assets/tiles/tilesnivel3x/mercauuu_128.asset
 0.2 kb	 0.0% Assets/tiles/tilesnivel3x/mercauuu_121.asset
 0.2 kb	 0.0% Assets/tiles/tilesnivel3x/mercauuu_120.asset
 0.2 kb	 0.0% Assets/tiles/tilesnivel3x/mercauuu_119.asset
 0.2 kb	 0.0% Assets/tiles/tilesnivel3x/mercauuu_118.asset
 0.1 kb	 0.0% Packages/com.unity.visualscripting/Runtime/VisualScripting.Flow/Ports/MissingValuePortInputException.cs
 0.1 kb	 0.0% Packages/com.unity.visualscripting/Runtime/VisualScripting.Flow/EditorBinding/UnitHeaderInspectableAttribute.cs
 0.1 kb	 0.0% Packages/com.unity.visualscripting/Runtime/VisualScripting.Flow/Dependencies/NCalc/LogicalExpressionVisitor.cs
 0.1 kb	 0.0% Packages/com.unity.visualscripting/Runtime/VisualScripting.Core/Variables/VariableDeclarationCollection.cs
 0.1 kb	 0.0% Packages/com.unity.visualscripting/Runtime/VisualScripting.Core/Variables/InspectorVariableNameAttribute.cs
 0.1 kb	 0.0% Packages/com.unity.visualscripting/Runtime/VisualScripting.Core/Serialization/SerializationVersionAttribute.cs
 0.1 kb	 0.0% Packages/com.unity.visualscripting/Runtime/VisualScripting.Core/Listeners/UIInterfaces/UnityOnPointerUpMessageListener.cs
 0.1 kb	 0.0% Packages/com.unity.visualscripting/Runtime/VisualScripting.Core/Listeners/UIInterfaces/UnityOnEndDragMessageListener.cs
 0.1 kb	 0.0% Packages/com.unity.visualscripting/Runtime/VisualScripting.Core/Listeners/UIInterfaces/UnityOnDeselectMessageListener.cs
 0.1 kb	 0.0% Packages/com.unity.visualscripting/Runtime/VisualScripting.Core/Listeners/UIInterfaces/UnityOnBeginDragMessageListener.cs
 0.1 kb	 0.0% Packages/com.unity.visualscripting/Runtime/VisualScripting.Core/Listeners/MonoBehaviour/UnityOnTriggerStayMListener.cs
 0.1 kb	 0.0% Packages/com.unity.visualscripting/Runtime/VisualScripting.Core/Listeners/MonoBehaviour/UnityOnTriggerExitMListener.cs
 0.1 kb	 0.0% Packages/com.unity.visualscripting/Runtime/VisualScripting.Core/Listeners/MonoBehaviour/UnityOnMouseUpMessageListener.cs
 0.1 kb	 0.0% Packages/com.unity.visualscripting/Runtime/VisualScripting.Core/Listeners/MonoBehaviour/UnityOnMouseOverMessageListener.cs
 0.1 kb	 0.0% Packages/com.unity.visualscripting/Runtime/VisualScripting.Core/Listeners/MonoBehaviour/UnityOnMouseExitMessageListener.cs
 0.1 kb	 0.0% Packages/com.unity.visualscripting/Runtime/VisualScripting.Core/Listeners/MonoBehaviour/UnityOnMouseEnterMessageListener.cs
 0.1 kb	 0.0% Packages/com.unity.visualscripting/Runtime/VisualScripting.Core/Listeners/MonoBehaviour/UnityOnMouseDragMessageListener.cs
 0.1 kb	 0.0% Packages/com.unity.visualscripting/Runtime/VisualScripting.Core/Listeners/MonoBehaviour/UnityOnMouseDownMessageListener.cs
 0.1 kb	 0.0% Packages/com.unity.visualscripting/Runtime/VisualScripting.Core/Listeners/MonoBehaviour/UnityOnJointBreakMessageListener.cs
 0.1 kb	 0.0% Packages/com.unity.visualscripting/Runtime/VisualScripting.Core/Exceptions/InvalidImplementationException.cs
 0.1 kb	 0.0% Packages/com.unity.visualscripting/Runtime/VisualScripting.Core/EditorBinding/Inspector/InspectorExpandTooltipAttribute.cs
 0.1 kb	 0.0% Packages/com.unity.visualscripting/Runtime/VisualScripting.Core/EditorBinding/Inspector/InspectorAdaptiveWidthAttribute.cs
 0.1 kb	 0.0% Packages/com.unity.visualscripting/Runtime/VisualScripting.Core/Dependencies/FullSerializer/Internal/fsPortableReflection.cs
 0.1 kb	 0.0% Packages/com.unity.visualscripting/Runtime/VisualScripting.Core/Attributes/VisualScriptingHelpURLAttribute.cs
 0.1 kb	 0.0% Packages/com.unity.test-framework/UnityEngine.TestRunner/TestRunner/RemoteHelpers/RemoteTestResultDataFactory.cs
 0.1 kb	 0.0% Packages/com.unity.test-framework/UnityEngine.TestRunner/TestRunner/RemoteHelpers/PlayerConnectionMessageIds.cs
 0.1 kb	 0.0% Packages/com.unity.test-framework/UnityEngine.TestRunner/TestRunner/RemoteHelpers/IRemoteTestResultDataFactory.cs
 0.1 kb	 0.0% Packages/com.unity.test-framework/UnityEngine.TestRunner/TestRunner/Callbacks/RemoteTestResultSender.cs
 0.1 kb	 0.0% Packages/com.unity.test-framework/UnityEngine.TestRunner/TestRunner/Callbacks/PlayModeRunnerCallback.cs
 0.1 kb	 0.0% Packages/com.unity.test-framework/UnityEngine.TestRunner/Assertions/AllocatingGCMemoryConstraint.cs
 0.1 kb	 0.0% Packages/com.unity.render-pipelines.universal/Runtime/RendererFeatures/RenderObjects.cs
 0.1 kb	 0.0% Packages/com.unity.render-pipelines.universal/Runtime/MotionVectors.cs
 0.1 kb	 0.0% Packages/com.unity.render-pipelines.universal/Runtime/Decal/DecalDrawErrorRenderPass.cs
 0.1 kb	 0.0% Packages/com.unity.render-pipelines.universal/Runtime/2D/InternalBridge/InternalEngineBridge.cs
 0.1 kb	 0.0% Packages/com.unity.render-pipelines.core/Runtime/Utilities/BatchRendererGroupGlobals.cs
 0.1 kb	 0.0% Packages/com.unity.render-pipelines.core/Runtime/Lighting/ProbeVolume/ShaderVariablesProbeVolumes.cs
 0.1 kb	 0.0% Packages/com.unity.render-pipelines.core/Runtime/Lighting/ProbeVolume/ProbeReferenceVolumeProfile.cs
 0.1 kb	 0.0% Packages/com.unity.render-pipelines.core/Runtime/Debugging/Prefabs/Scripts/DebugUIHandlerToggleHistory.cs
 0.1 kb	 0.0% Packages/com.unity.render-pipelines.core/Runtime/Debugging/Prefabs/Scripts/DebugUIHandlerProgressBar.cs
 0.1 kb	 0.0% Packages/com.unity.render-pipelines.core/Runtime/Debugging/Prefabs/Scripts/DebugUIHandlerIndirectToggle.cs
 0.1 kb	 0.0% Packages/com.unity.render-pipelines.core/Runtime/Debugging/Prefabs/Scripts/DebugUIHandlerEnumHistory.cs
 0.1 kb	 0.0% Packages/com.unity.render-pipelines.core/Runtime/Debugging/IDebugDisplaySettingsQuery.cs
 0.1 kb	 0.0% Packages/com.unity.render-pipelines.core/Runtime/Debugging/IDebugDisplaySettingsPanel.cs
 0.1 kb	 0.0% Packages/com.unity.render-pipelines.core/Runtime/Debugging/IDebugDisplaySettingsData.cs
 0.1 kb	 0.0% Packages/com.unity.render-pipelines.core/Runtime/Debugging/DebugDisplaySettingsVolumes.cs
 0.1 kb	 0.0% Packages/com.unity.render-pipelines.core/Runtime/Debugging/DebugDisplaySettingsPanel.cs
 0.1 kb	 0.0% Packages/com.unity.visualscripting/Runtime/VisualScripting.Core/Dependencies/FullSerializer/fsExceptions.cs
 0.1 kb	 0.0% Packages/com.unity.visualscripting/Runtime/VisualScripting.Core/Dependencies/FullSerializer/fsAotCompilationManager.cs
 0.1 kb	 0.0% Packages/com.unity.visualscripting/Runtime/VisualScripting.Core/Dependencies/FullSerializer/Converters/fsWeakReferenceConverter.cs
 0.1 kb	 0.0% Packages/com.unity.visualscripting/Runtime/VisualScripting.Core/Dependencies/FullSerializer/Converters/fsKeyValuePairConverter.cs
 0.1 kb	 0.0% Packages/com.unity.visualscripting/Runtime/VisualScripting.Core/Dependencies/FullSerializer/Converters/fsIEnumerableConverter.cs
 0.1 kb	 0.0% Packages/com.unity.visualscripting/Runtime/VisualScripting.Core/Dependencies/FullSerializer/Converters/fsDictionaryConverter.cs
 0.1 kb	 0.0% Packages/com.unity.visualscripting/Runtime/VisualScripting.Core/Dependencies/FullSerializer/Converters/Unity/Keyframe_DirectConverter.cs
 0.1 kb	 0.0% Packages/com.unity.visualscripting/Runtime/VisualScripting.Core/Dependencies/FullSerializer/Converters/Unity/Gradient_DirectConverter.cs
 0.1 kb	 0.0% Packages/com.unity.visualscripting/Runtime/VisualScripting.Core/Dependencies/FullSerializer/Converters/Unity/GUIStyle_DirectConverter.cs
 0.1 kb	 0.0% Packages/com.unity.visualscripting/Runtime/VisualScripting.Core/Dependencies/FullSerializer/Converters/Unity/Bounds_DirectConverter.cs
 0.1 kb	 0.0% Packages/com.unity.test-framework/UnityEngine.TestRunner/TestRunner/Messages/IEditModeTestYieldInstruction.cs
 0.1 kb	 0.0% Packages/com.unity.test-framework/UnityEngine.TestRunner/NUnitExtensions/UnityTestAssemblyBuilder.cs
 0.1 kb	 0.0% Packages/com.unity.test-framework/UnityEngine.TestRunner/NUnitExtensions/Runner/TestCommandBuilder.cs
 0.1 kb	 0.0% Packages/com.unity.test-framework/UnityEngine.TestRunner/NUnitExtensions/Runner/DefaultTestWorkItem.cs
 0.1 kb	 0.0% Packages/com.unity.test-framework/UnityEngine.TestRunner/NUnitExtensions/Runner/CompositeWorkItem.cs
 0.1 kb	 0.0% Packages/com.unity.test-framework/UnityEngine.TestRunner/NUnitExtensions/OrderedTestSuiteModifier.cs
 0.1 kb	 0.0% Packages/com.unity.test-framework/UnityEngine.TestRunner/NUnitExtensions/Filters/AssemblyNameFilter.cs
 0.1 kb	 0.0% Packages/com.unity.test-framework/UnityEngine.TestRunner/NUnitExtensions/Commands/EnumerableSetUpTearDownCommand.cs
 0.1 kb	 0.0% Packages/com.unity.test-framework/UnityEngine.TestRunner/NUnitExtensions/Commands/EnumerableRepeatedTestCommand.cs
 0.1 kb	 0.0% Packages/com.unity.test-framework/UnityEngine.TestRunner/NUnitExtensions/Attributes/TestMustExpectAllLogsAttribute.cs
 0.1 kb	 0.0% Packages/com.unity.test-framework/UnityEngine.TestRunner/Assertions/UnityTestTimeoutException.cs
 0.1 kb	 0.0% Packages/com.unity.test-framework/UnityEngine.TestRunner/Assertions/UnhandledLogMessageException.cs
 0.1 kb	 0.0% Packages/com.unity.test-framework/UnityEngine.TestRunner/Assertions/InvalidSignatureException.cs
 0.1 kb	 0.0% Packages/com.unity.render-pipelines.universal/Runtime/XR/XRSystemUniversal.cs
 0.1 kb	 0.0% Packages/com.unity.render-pipelines.universal/Runtime/UniversalRenderer.cs
 0.1 kb	 0.0% Packages/com.unity.render-pipelines.universal/Runtime/SpaceFillingCurves.cs
 0.1 kb	 0.0% Packages/com.unity.render-pipelines.universal/Runtime/ScriptableRenderer.cs
 0.1 kb	 0.0% Packages/com.unity.render-pipelines.universal/Runtime/SceneViewDrawMode.cs
 0.1 kb	 0.0% Packages/com.unity.render-pipelines.universal/Runtime/RenderingLayerUtils.cs
 0.1 kb	 0.0% Packages/com.unity.render-pipelines.universal/Runtime/RendererFeatures/ScreenSpaceShadows.cs
 0.1 kb	 0.0% Packages/com.unity.render-pipelines.universal/Runtime/RendererFeatures/DecalRendererFeature.cs
 0.1 kb	 0.0% Packages/com.unity.render-pipelines.universal/Runtime/RenderTargetHandle.cs
 0.1 kb	 0.0% Packages/com.unity.render-pipelines.universal/Runtime/PostProcessPasses.cs
 0.1 kb	 0.0% Packages/com.unity.render-pipelines.universal/Runtime/Passes/XROcclusionMeshPass.cs
 0.1 kb	 0.0% Packages/com.unity.render-pipelines.universal/Runtime/Passes/ScriptableRenderPass.cs
 0.1 kb	 0.0% Packages/com.unity.render-pipelines.universal/Runtime/Passes/FinalBlitPass.cs
 0.1 kb	 0.0% Packages/com.unity.render-pipelines.universal/Runtime/Passes/DrawObjectsPass.cs
 0.1 kb	 0.0% Packages/com.unity.render-pipelines.universal/Runtime/Passes/DepthOnlyPass.cs
 0.1 kb	 0.0% Packages/com.unity.render-pipelines.universal/Runtime/Passes/CopyDepthPass.cs
 0.1 kb	 0.0% Packages/com.unity.render-pipelines.universal/Runtime/Passes/CopyColorPass.cs
 0.1 kb	 0.0% Packages/com.unity.render-pipelines.universal/Runtime/Overrides/ChromaticAberration.cs
 0.1 kb	 0.0% Packages/com.unity.render-pipelines.universal/Runtime/LightCookieManager.cs
 0.1 kb	 0.0% Packages/com.unity.render-pipelines.universal/Runtime/ForwardRendererData.cs
 0.1 kb	 0.0% Packages/com.unity.render-pipelines.universal/Runtime/ForwardLights.cs
 0.1 kb	 0.0% Packages/com.unity.render-pipelines.universal/Runtime/External/LibTessDotNet/MeshUtils.cs
 0.1 kb	 0.0% Packages/com.unity.render-pipelines.universal/Runtime/DeferredLights.cs
 0.1 kb	 0.0% Packages/com.unity.render-pipelines.universal/Runtime/Decal/Entities/DecalEntityManager.cs
 0.1 kb	 0.0% Packages/com.unity.render-pipelines.universal/Runtime/Decal/DecalShaderPassNames.cs
 0.1 kb	 0.0% Packages/com.unity.render-pipelines.universal/Runtime/Decal/DBuffer/DBufferRenderPass.cs
 0.1 kb	 0.0% Packages/com.unity.render-pipelines.universal/Runtime/Debug/DebugDisplayStats.cs
 0.1 kb	 0.0% Packages/com.unity.render-pipelines.universal/Runtime/2D/Shadows/ShadowCasterGroup2D.cs
 0.1 kb	 0.0% Packages/com.unity.render-pipelines.universal/Runtime/2D/Passes/Utility/Light2DLookupTexture.cs
 0.1 kb	 0.0% Packages/com.unity.render-pipelines.universal/Runtime/2D/Passes/Render2DLightingPass.cs
 0.1 kb	 0.0% Packages/com.unity.render-pipelines.universal/Runtime/2D/Light2DCullResult.cs
 0.1 kb	 0.0% Packages/com.unity.render-pipelines.universal/Runtime/2D/Light2DBlendStyle.cs
 0.1 kb	 0.0% Packages/com.unity.render-pipelines.core/Runtime/RenderGraph/RenderGraph.cs
 0.1 kb	 0.0% Packages/com.unity.render-pipelines.core/Runtime/Lighting/ProbeVolume/ProbeReferenceVolume.Streaming.cs
 0.1 kb	 0.0% Packages/com.unity.visualscripting/Runtime/VisualScripting.State/IStateTransitionDebugData.cs
 0.1 kb	 0.0% Packages/com.unity.visualscripting/Runtime/VisualScripting.Flow/Ports/IUnitOutputPortDefinition.cs
 0.1 kb	 0.0% Packages/com.unity.visualscripting/Runtime/VisualScripting.Flow/Ports/IUnitControlPortDefinition.cs
 0.1 kb	 0.0% Packages/com.unity.visualscripting/Runtime/VisualScripting.Flow/Framework/Variables/Obsolete/IsApplicationVariableDefined.cs
 0.1 kb	 0.0% Packages/com.unity.visualscripting/Runtime/VisualScripting.Flow/Framework/Events/Hierarchy/OnTransformChildrenChanged.cs
 0.1 kb	 0.0% Packages/com.unity.visualscripting/Runtime/VisualScripting.Flow/Dependencies/NCalc/TernaryExpression.cs
 0.1 kb	 0.0% Packages/com.unity.visualscripting/Runtime/VisualScripting.Flow/Dependencies/NCalc/SerializationVisitor.cs
 0.1 kb	 0.0% Packages/com.unity.visualscripting/Runtime/VisualScripting.Flow/Dependencies/NCalc/LogicalExpression.cs
 0.1 kb	 0.0% Packages/com.unity.visualscripting/Runtime/VisualScripting.Flow/Dependencies/NCalc/IdentifierExpression.cs
 0.1 kb	 0.0% Packages/com.unity.visualscripting/Runtime/VisualScripting.Flow/Dependencies/NCalc/FunctionExpression.cs
 0.1 kb	 0.0% Packages/com.unity.visualscripting/Runtime/VisualScripting.Flow/Dependencies/NCalc/EvaluationVisitor.cs
 0.1 kb	 0.0% Packages/com.unity.visualscripting/Runtime/VisualScripting.Flow/Dependencies/NCalc/EvaluationException.cs
 0.1 kb	 0.0% Packages/com.unity.visualscripting/Runtime/VisualScripting.Core/Variables/VariableDeclarationsCloner.cs
 0.1 kb	 0.0% Packages/com.unity.visualscripting/Runtime/VisualScripting.Core/Utilities/ReferenceEqualityComparer.cs
 0.1 kb	 0.0% Packages/com.unity.visualscripting/Runtime/VisualScripting.Core/Unity/UnityObjectOwnershipUtility.cs
 0.1 kb	 0.0% Packages/com.unity.visualscripting/Runtime/VisualScripting.Core/Unity/RequiresUnityAPIAttribute.cs
 0.1 kb	 0.0% Packages/com.unity.visualscripting/Runtime/VisualScripting.Core/SerializedProperties/ISerializedPropertyProvider.cs
 0.1 kb	 0.0% Packages/com.unity.visualscripting/Runtime/VisualScripting.Core/Serialization/Converters/LooseAssemblyNameConverter.cs
 0.1 kb	 0.0% Packages/com.unity.visualscripting/Runtime/VisualScripting.Core/Reflection/RenamedNamespaceAttribute.cs
 0.1 kb	 0.0% Packages/com.unity.visualscripting/Runtime/VisualScripting.Core/Reflection/Optimization/ReflectionPropertyAccessor.cs
 0.1 kb	 0.0% Packages/com.unity.visualscripting/Runtime/VisualScripting.Core/Reflection/Operators/GreaterThanOrEqualHandler.cs
 0.1 kb	 0.0% Packages/com.unity.visualscripting/Runtime/VisualScripting.Core/Reflection/Operators/AmbiguousOperatorException.cs
 0.1 kb	 0.0% Packages/com.unity.visualscripting/Runtime/VisualScripting.Core/Profiling/ProfiledSegmentCollection.cs
 0.1 kb	 0.0% Packages/com.unity.visualscripting/Runtime/VisualScripting.Core/Listeners/UIInterfaces/UnityOnSubmitMessageListener.cs
 0.1 kb	 0.0% Packages/com.unity.visualscripting/Runtime/VisualScripting.Core/Listeners/UIInterfaces/UnityOnSelectMessageListener.cs
 0.1 kb	 0.0% Packages/com.unity.visualscripting/Runtime/VisualScripting.Core/Listeners/UIInterfaces/UnityOnScrollMessageListener.cs
 0.1 kb	 0.0% Packages/com.unity.visualscripting/Runtime/VisualScripting.Core/Listeners/UIInterfaces/UnityOnMoveMessageListener.cs
 0.1 kb	 0.0% Packages/com.unity.visualscripting/Runtime/VisualScripting.Core/Listeners/UIInterfaces/UnityOnDropMessageListener.cs
 0.1 kb	 0.0% Packages/com.unity.visualscripting/Runtime/VisualScripting.Core/Listeners/UIInterfaces/UnityOnDragMessageListener.cs
 0.1 kb	 0.0% Packages/com.unity.visualscripting/Runtime/VisualScripting.Core/Listeners/UIInterfaces/UnityOnCancelMessageListener.cs
 0.1 kb	 0.0% Packages/com.unity.visualscripting/Runtime/VisualScripting.Core/Graphs/MergedGraphElementCollection.cs
 0.1 kb	 0.0% Packages/com.unity.visualscripting/Runtime/VisualScripting.Core/Graphs/IGraphElementWithDebugData.cs
 0.1 kb	 0.0% Packages/com.unity.visualscripting/Runtime/VisualScripting.Core/Exceptions/InvalidConversionException.cs
 0.1 kb	 0.0% Packages/com.unity.visualscripting/Runtime/VisualScripting.Core/EditorBinding/WarnBeforeRemovingAttribute.cs
 0.1 kb	 0.0% Packages/com.unity.visualscripting/Runtime/VisualScripting.Core/EditorBinding/WarnBeforeEditingAttribute.cs
 0.1 kb	 0.0% Packages/com.unity.visualscripting/Runtime/VisualScripting.Core/EditorBinding/TypeIconPriorityAttribute.cs
 0.1 kb	 0.0% Packages/com.unity.visualscripting/Runtime/VisualScripting.Core/EditorBinding/Inspector/InspectorToggleLeftAttribute.cs
 0.1 kb	 0.0% Packages/com.unity.visualscripting/Runtime/VisualScripting.Core/EditorBinding/Inspector/InspectorTextAreaAttribute.cs
 0.1 kb	 0.0% Packages/com.unity.visualscripting/Runtime/VisualScripting.Core/EditorBinding/Inspector/InspectorDelayedAttribute.cs
 0.1 kb	 0.0% Packages/com.unity.visualscripting/Runtime/VisualScripting.Core/EditorBinding/IncludeInSettingsAttribute.cs
 0.1 kb	 0.0% Packages/com.unity.visualscripting/Runtime/VisualScripting.Core/EditorBinding/DisableAnnotationAttribute.cs
 0.1 kb	 0.0% Packages/com.unity.visualscripting/Runtime/VisualScripting.Core/Dependencies/FullSerializer/Internal/fsVersionedType.cs
 0.1 kb	 0.0% Packages/com.unity.visualscripting/Runtime/VisualScripting.Core/Dependencies/FullSerializer/Internal/fsVersionManager.cs
 0.1 kb	 0.0% Packages/com.unity.visualscripting/Runtime/VisualScripting.Core/Dependencies/FullSerializer/Internal/fsTypeExtensions.cs
 0.1 kb	 0.0% Packages/com.unity.visualscripting/Runtime/VisualScripting.Core/Connections/InvalidConnectionException.cs
 0.1 kb	 0.0% Packages/com.unity.test-framework/UnityEngine.TestRunner/Utils/QuaternionEqualityComparer.cs
 0.1 kb	 0.0% Packages/com.unity.test-framework/UnityEngine.TestRunner/Utils/AssemblyProvider/PlayerTestAssemblyProvider.cs
 0.1 kb	 0.0% Packages/com.unity.test-framework/UnityEngine.TestRunner/TestRunner/RuntimeTestRunnerFilter.cs
 0.1 kb	 0.0% Packages/com.unity.test-framework/UnityEngine.TestRunner/TestRunner/Callbacks/TestResultRenderer.cs
 0.1 kb	 0.0% Packages/com.unity.test-framework/UnityEngine.TestRunner/TestRunner/Callbacks/PlayerQuitHandler.cs
 0.1 kb	 0.0% Packages/com.unity.render-pipelines.universal/Runtime/RTHandleUtils.cs
 0.1 kb	 0.0% Packages/com.unity.render-pipelines.universal/Runtime/NativeRenderPass.cs
 0.1 kb	 0.0% Packages/com.unity.render-pipelines.universal/Runtime/External/LibTessDotNet/PriorityHeap.cs
 0.1 kb	 0.0% Packages/com.unity.render-pipelines.universal-config/Runtime/ShaderConfig.cs
 0.1 kb	 0.0% Packages/com.unity.render-pipelines.core/Runtime/XR/XRGraphicsAutomatedTests.cs
 0.1 kb	 0.0% Packages/com.unity.render-pipelines.core/Runtime/Textures/Texture2DAtlasDynamic.cs
 0.1 kb	 0.0% Packages/com.unity.render-pipelines.core/Runtime/Textures/PowerOfTwoTextureAtlas.cs
 0.1 kb	 0.0% Packages/com.unity.render-pipelines.core/Runtime/Textures/BufferedRTHandleSystem.cs
 0.1 kb	 0.0% Packages/com.unity.render-pipelines.core/Runtime/RenderPipeline/RenderPipelineResources.cs
 0.1 kb	 0.0% Packages/com.unity.render-pipelines.core/Runtime/RenderPipeline/IShaderVariantSettings.cs
 0.1 kb	 0.0% Packages/com.unity.render-pipelines.core/Runtime/PostProcessing/LensFlareComponentSRP.cs
 0.1 kb	 0.0% Packages/com.unity.render-pipelines.core/Runtime/Lighting/ProbeVolume/ProbeVolumePositioning.cs
 0.1 kb	 0.0% Packages/com.unity.render-pipelines.core/Runtime/Lighting/ProbeVolume/ProbeVolumePerSceneData.cs
 0.1 kb	 0.0% Packages/com.unity.render-pipelines.core/Runtime/Debugging/ShaderDebugPrintManager.cs
 0.1 kb	 0.0% Packages/com.unity.render-pipelines.core/Runtime/Debugging/Prefabs/Scripts/DebugUIHandlerVector4.cs
 0.1 kb	 0.0% Packages/com.unity.render-pipelines.core/Runtime/Debugging/Prefabs/Scripts/DebugUIHandlerVector3.cs
 0.1 kb	 0.0% Packages/com.unity.render-pipelines.core/Runtime/Debugging/Prefabs/Scripts/DebugUIHandlerVector2.cs
 0.1 kb	 0.0% Packages/com.unity.render-pipelines.core/Runtime/Debugging/Prefabs/Scripts/DebugUIHandlerValueTuple.cs
 0.1 kb	 0.0% Packages/com.unity.render-pipelines.core/Runtime/Debugging/Prefabs/Scripts/DebugUIHandlerUIntField.cs
 0.1 kb	 0.0% Packages/com.unity.render-pipelines.core/Runtime/Debugging/Prefabs/Scripts/DebugUIHandlerObjectList.cs
 0.1 kb	 0.0% Packages/com.unity.render-pipelines.core/Runtime/Debugging/Prefabs/Scripts/DebugUIHandlerMessageBox.cs
 0.1 kb	 0.0% Packages/com.unity.render-pipelines.core/Runtime/Debugging/Prefabs/Scripts/DebugUIHandlerIntField.cs
 0.1 kb	 0.0% Packages/com.unity.render-pipelines.core/Runtime/Debugging/Prefabs/Scripts/DebugUIHandlerFoldout.cs
 0.1 kb	 0.0% Packages/com.unity.render-pipelines.core/Runtime/Debugging/Prefabs/Scripts/DebugUIHandlerFloatField.cs
 0.1 kb	 0.0% Packages/com.unity.render-pipelines.core/Runtime/Debugging/Prefabs/Scripts/DebugUIHandlerEnumField.cs
 0.1 kb	 0.0% Packages/com.unity.render-pipelines.core/Runtime/Debugging/Prefabs/Scripts/DebugUIHandlerContainer.cs
 0.1 kb	 0.0% Packages/com.unity.render-pipelines.core/Runtime/Debugging/Prefabs/Scripts/DebugUIHandlerBitField.cs
 0.1 kb	 0.0% Packages/com.unity.render-pipelines.core/Runtime/Debugging/IDebugDisplaySettings.cs
 0.1 kb	 0.0% Packages/com.unity.render-pipelines.core/Runtime/Debugging/DebugDisplaySettingsUI.cs
 0.1 kb	 0.0% Packages/com.unity.render-pipelines.core/Runtime/Common/RemoveRange.Extensions.cs
 0.1 kb	 0.0% Packages/com.unity.render-pipelines.core/Runtime/Common/DynamicResolutionHandler.cs
 0.1 kb	 0.0% Packages/com.unity.collections/Unity.Collections/UnsafeNotBurstCompatible.cs
 0.1 kb	 0.0% Packages/com.unity.visualscripting/Runtime/VisualScripting.Core/Dependencies/FullSerializer/fsPropertyAttribute.cs
 0.1 kb	 0.0% Packages/com.unity.visualscripting/Runtime/VisualScripting.Core/Dependencies/FullSerializer/fsObjectProcessor.cs
 0.1 kb	 0.0% Packages/com.unity.visualscripting/Runtime/VisualScripting.Core/Dependencies/FullSerializer/fsObjectAttribute.cs
 0.1 kb	 0.0% Packages/com.unity.visualscripting/Runtime/VisualScripting.Core/Dependencies/FullSerializer/fsIgnoreAttribute.cs
 0.1 kb	 0.0% Packages/com.unity.visualscripting/Runtime/VisualScripting.Core/Dependencies/FullSerializer/fsDirectConverter.cs
 0.1 kb	 0.0% Packages/com.unity.visualscripting/Runtime/VisualScripting.Core/Dependencies/FullSerializer/fsConverterRegistrar.cs
 0.1 kb	 0.0% Packages/com.unity.visualscripting/Runtime/VisualScripting.Core/Dependencies/FullSerializer/Reflection/fsReflectionUtility.cs
 0.1 kb	 0.0% Packages/com.unity.visualscripting/Runtime/VisualScripting.Core/Dependencies/FullSerializer/Converters/fsReflectedConverter.cs
 0.1 kb	 0.0% Packages/com.unity.visualscripting/Runtime/VisualScripting.Core/Dependencies/FullSerializer/Converters/fsPrimitiveConverter.cs
 0.1 kb	 0.0% Packages/com.unity.visualscripting/Runtime/VisualScripting.Core/Dependencies/FullSerializer/Converters/fsNullableConverter.cs
 0.1 kb	 0.0% Packages/com.unity.visualscripting/Runtime/VisualScripting.Core/Dependencies/FullSerializer/Converters/fsForwardConverter.cs
 0.1 kb	 0.0% Packages/com.unity.visualscripting/Runtime/VisualScripting.Core/Dependencies/FullSerializer/Converters/Unity/Rect_DirectConverter.cs
 0.1 kb	 0.0% Packages/com.unity.test-framework/UnityEngine.TestRunner/Utils/PostBuildCleanupAttribute.cs
 0.1 kb	 0.0% Packages/com.unity.test-framework/UnityEngine.TestRunner/TestRunner/TestEnumeratorWrapper.cs
 0.1 kb	 0.0% Packages/com.unity.test-framework/UnityEngine.TestRunner/TestRunner/PlaymodeTestsController.cs
 0.1 kb	 0.0% Packages/com.unity.test-framework/UnityEngine.TestRunner/NUnitExtensions/TestResultExtensions.cs
 0.1 kb	 0.0% Packages/com.unity.test-framework/UnityEngine.TestRunner/NUnitExtensions/Runner/WorkItemFactory.cs
 0.1 kb	 0.0% Packages/com.unity.test-framework/UnityEngine.TestRunner/NUnitExtensions/Runner/UnityWorkItem.cs
 0.1 kb	 0.0% Packages/com.unity.test-framework/UnityEngine.TestRunner/NUnitExtensions/ITestSuiteModifier.cs
 0.1 kb	 0.0% Packages/com.unity.test-framework/UnityEngine.TestRunner/NUnitExtensions/Filters/FullNameFilter.cs
 0.1 kb	 0.0% Packages/com.unity.test-framework/UnityEngine.TestRunner/NUnitExtensions/ConstructDelegator.cs
 0.1 kb	 0.0% Packages/com.unity.test-framework/UnityEngine.TestRunner/NUnitExtensions/Commands/OuterUnityTestActionCommand.cs
 0.1 kb	 0.0% Packages/com.unity.test-framework/UnityEngine.TestRunner/NUnitExtensions/Commands/ImmediateEnumerableCommand.cs
 0.1 kb	 0.0% Packages/com.unity.test-framework/UnityEngine.TestRunner/NUnitExtensions/Commands/EnumerableTestMethodCommand.cs
 0.1 kb	 0.0% Packages/com.unity.test-framework/UnityEngine.TestRunner/NUnitExtensions/Commands/EnumerableRetryTestCommand.cs
 0.1 kb	 0.0% Packages/com.unity.test-framework/UnityEngine.TestRunner/NUnitExtensions/Commands/BeforeAfterTestCommandState.cs
 0.1 kb	 0.0% Packages/com.unity.test-framework/UnityEngine.TestRunner/NUnitExtensions/Attributes/UnityCombinatorialStrategy.cs
 0.1 kb	 0.0% Packages/com.unity.test-framework/UnityEngine.TestRunner/NUnitExtensions/Attributes/ConditionalIgnoreAttribute.cs
 0.1 kb	 0.0% Packages/com.unity.test-framework/UnityEngine.TestRunner/Assertions/ConstraintsExtensions.cs
 0.1 kb	 0.0% Packages/com.unity.render-pipelines.universal/Runtime/XR/XRPassUniversal.cs
 0.1 kb	 0.0% Packages/com.unity.render-pipelines.universal/Runtime/Tiling/LightMinMaxZJob.cs
 0.1 kb	 0.0% Packages/com.unity.render-pipelines.universal/Runtime/Tiling/InclusiveRange.cs
 0.1 kb	 0.0% Packages/com.unity.render-pipelines.universal/Runtime/RenderingUtils.cs
 0.1 kb	 0.0% Packages/com.unity.render-pipelines.universal/Runtime/RendererFeatures/FullScreenPassRendererFeature.cs
 0.1 kb	 0.0% Packages/com.unity.render-pipelines.universal/Runtime/PostProcessUtils.cs
 0.1 kb	 0.0% Packages/com.unity.render-pipelines.universal/Runtime/Passes/PostProcessPass.cs
 0.1 kb	 0.0% Packages/com.unity.render-pipelines.universal/Runtime/Passes/HDRDebugViewPass.cs
 0.1 kb	 0.0% Packages/com.unity.render-pipelines.universal/Runtime/Passes/GBufferPass.cs
 0.1 kb	 0.0% Packages/com.unity.render-pipelines.universal/Runtime/Passes/DrawSkyboxPass.cs
 0.1 kb	 0.0% Packages/com.unity.render-pipelines.universal/Runtime/Passes/DeferredPass.cs
 0.1 kb	 0.0% Packages/com.unity.render-pipelines.universal/Runtime/Overrides/PaniniProjection.cs
 0.1 kb	 0.0% Packages/com.unity.render-pipelines.universal/Runtime/Overrides/LiftGammaGain.cs
 0.1 kb	 0.0% Packages/com.unity.render-pipelines.universal/Runtime/Overrides/LensDistortion.cs
 0.1 kb	 0.0% Packages/com.unity.render-pipelines.universal/Runtime/Overrides/ColorAdjustments.cs
 0.1 kb	 0.0% Packages/com.unity.render-pipelines.universal/Runtime/Memory/BuddyAllocator.cs
 0.1 kb	 0.0% Packages/com.unity.render-pipelines.universal/Runtime/Documentation.cs
 0.1 kb	 0.0% Packages/com.unity.render-pipelines.universal/Runtime/Deprecated.cs
 0.1 kb	 0.0% Packages/com.unity.render-pipelines.universal/Runtime/Decal/Entities/DecalDrawSystem.cs
 0.1 kb	 0.0% Packages/com.unity.render-pipelines.universal/Runtime/Decal/DecalProjector.cs
 0.1 kb	 0.0% Packages/com.unity.render-pipelines.universal/Runtime/Decal/DecalPreviewPass.cs
 0.1 kb	 0.0% Packages/com.unity.render-pipelines.universal/Runtime/Debug/DebugRenderSetup.cs
 0.1 kb	 0.0% Packages/com.unity.render-pipelines.universal/Runtime/Data/RenderStateData.cs
 0.1 kb	 0.0% Packages/com.unity.render-pipelines.universal/Runtime/Data/PostProcessData.cs
 0.1 kb	 0.0% Packages/com.unity.render-pipelines.universal/Runtime/ComponentUtility.cs
 0.1 kb	 0.0% Packages/com.unity.render-pipelines.universal/Runtime/2D/UTess2D/Tessellator.cs
 0.1 kb	 0.0% Packages/com.unity.render-pipelines.universal/Runtime/2D/UTess2D/PlanarGraph.cs
 0.1 kb	 0.0% Packages/com.unity.render-pipelines.universal/Runtime/2D/Shadows/ShadowUtility.cs
 0.1 kb	 0.0% Packages/com.unity.render-pipelines.universal/Runtime/2D/Shadows/ShadowRendering.cs
 0.1 kb	 0.0% Packages/com.unity.render-pipelines.universal/Runtime/2D/Shadows/ShadowCaster2D.cs
 0.1 kb	 0.0% Packages/com.unity.render-pipelines.universal/Runtime/2D/Renderer2DData.cs
 0.1 kb	 0.0% Packages/com.unity.render-pipelines.universal/Runtime/2D/Passes/Utility/RendererLighting.cs
 0.1 kb	 0.0% Packages/com.unity.render-pipelines.universal/Runtime/2D/Passes/IRenderPass2D.cs
 0.1 kb	 0.0% Packages/com.unity.render-pipelines.universal/Runtime/2D/Light2DManager.cs
 0.1 kb	 0.0% Packages/com.unity.render-pipelines.core/Runtime/XR/XROcclusionMesh.cs
 0.1 kb	 0.0% Packages/com.unity.render-pipelines.core/Runtime/Lighting/ProbeVolume/ProbeReferenceVolume.Debug.cs
 0.1 kb	 0.0% Packages/com.unity.collections/Unity.Collections/UnsafeScratchAllocator.cs
 0.1 kb	 0.0% Packages/com.unity.collections/Unity.Collections/UnsafeHashSetExtensions.gen.cs
 0.1 kb	 0.0% Packages/com.unity.cinemachine/Runtime/Impulse/CinemachineIndependentImpulseListener.cs
 0.1 kb	 0.0% Packages/com.unity.2d.animation/Runtime/SpriteSkinUpdateHelper.cs
 0.1 kb	 0.0% Packages/com.unity.2d.animation/Runtime/SpriteLib/SpriteLibrarySourceAsset.cs
 0.1 kb	 0.0% Packages/com.unity.2d.animation/Runtime/SpriteLib/SpriteLibraryData.cs
 0.1 kb	 0.0% Packages/com.unity.2d.animation/Runtime/SpriteLib/ISpriteLibraryCategory.cs
 0.1 kb	 0.0% Packages/com.unity.visualscripting/Runtime/VisualScripting.State/TriggerStateTransition.cs
 0.1 kb	 0.0% Packages/com.unity.visualscripting/Runtime/VisualScripting.State/INesterStateTransition.cs
 0.1 kb	 0.0% Packages/com.unity.visualscripting/Runtime/VisualScripting.Flow/UnitCategoryConverter.cs
 0.1 kb	 0.0% Packages/com.unity.visualscripting/Runtime/VisualScripting.Flow/Ports/ValueOutputDefinition.cs
 0.1 kb	 0.0% Packages/com.unity.visualscripting/Runtime/VisualScripting.Flow/Ports/IUnitValuePortDefinition.cs
 0.1 kb	 0.0% Packages/com.unity.visualscripting/Runtime/VisualScripting.Flow/Ports/IUnitInputPortDefinition.cs
 0.1 kb	 0.0% Packages/com.unity.visualscripting/Runtime/VisualScripting.Flow/Ports/ControlPortDefinition.cs
 0.1 kb	 0.0% Packages/com.unity.visualscripting/Runtime/VisualScripting.Flow/Ports/ControlOutputDefinition.cs
 0.1 kb	 0.0% Packages/com.unity.visualscripting/Runtime/VisualScripting.Flow/Ports/ControlInputDefinition.cs
 0.1 kb	 0.0% Packages/com.unity.visualscripting/Runtime/VisualScripting.Flow/Framework/Variables/Obsolete/SetApplicationVariable.cs
 0.1 kb	 0.0% Packages/com.unity.visualscripting/Runtime/VisualScripting.Flow/Framework/Variables/Obsolete/IsVariableDefinedUnit.cs
 0.1 kb	 0.0% Packages/com.unity.visualscripting/Runtime/VisualScripting.Flow/Framework/Variables/Obsolete/IsSceneVariableDefined.cs
 0.1 kb	 0.0% Packages/com.unity.visualscripting/Runtime/VisualScripting.Flow/Framework/Variables/Obsolete/IsSavedVariableDefined.cs
 0.1 kb	 0.0% Packages/com.unity.visualscripting/Runtime/VisualScripting.Flow/Framework/Variables/Obsolete/IsObjectVariableDefined.cs
 0.1 kb	 0.0% Packages/com.unity.visualscripting/Runtime/VisualScripting.Flow/Framework/Variables/Obsolete/IsGraphVariableDefined.cs
 0.1 kb	 0.0% Packages/com.unity.visualscripting/Runtime/VisualScripting.Flow/Framework/Variables/Obsolete/IApplicationVariableUnit.cs
 0.1 kb	 0.0% Packages/com.unity.visualscripting/Runtime/VisualScripting.Flow/Framework/Variables/Obsolete/GetApplicationVariable.cs
 0.1 kb	 0.0% Packages/com.unity.visualscripting/Runtime/VisualScripting.Flow/Framework/Time/WaitForEndOfFrameUnit.cs
 0.1 kb	 0.0% Packages/com.unity.visualscripting/Runtime/VisualScripting.Flow/Framework/Logic/NotApproximatelyEqual.cs
 0.1 kb	 0.0% Packages/com.unity.visualscripting/Runtime/VisualScripting.Flow/Framework/Events/Physics/OnControllerColliderHit.cs
 0.1 kb	 0.0% Packages/com.unity.visualscripting/Runtime/VisualScripting.Flow/Framework/Events/Hierarchy/OnTransformParentChanged.cs
 0.1 kb	 0.0% Packages/com.unity.visualscripting/Runtime/VisualScripting.Flow/Framework/Events/GUI/OnScrollbarValueChanged.cs
 0.1 kb	 0.0% Packages/com.unity.visualscripting/Runtime/VisualScripting.Flow/Framework/Events/GUI/OnScrollRectValueChanged.cs
 0.1 kb	 0.0% Packages/com.unity.visualscripting/Runtime/VisualScripting.Flow/Framework/Events/GUI/OnInputFieldValueChanged.cs
 0.1 kb	 0.0% Packages/com.unity.visualscripting/Runtime/VisualScripting.Flow/Framework/Events/GUI/OnDropdownValueChanged.cs
 0.1 kb	 0.0% Packages/com.unity.visualscripting/Runtime/VisualScripting.Flow/Framework/Events/Application/OnApplicationLostFocus.cs
 0.1 kb	 0.0% Packages/com.unity.visualscripting/Runtime/VisualScripting.Flow/Framework/Events/Animation/BoltNamedAnimationEvent.cs
 0.1 kb	 0.0% Packages/com.unity.visualscripting/Runtime/VisualScripting.Flow/Framework/Collections/Dictionaries/DictionaryContainsKey.cs
 0.1 kb	 0.0% Packages/com.unity.visualscripting/Runtime/VisualScripting.Flow/EditorBinding/UnitSurtitleAttribute.cs
 0.1 kb	 0.0% Packages/com.unity.visualscripting/Runtime/VisualScripting.Flow/EditorBinding/UnitSubtitleAttribute.cs
 0.1 kb	 0.0% Packages/com.unity.visualscripting/Runtime/VisualScripting.Flow/EditorBinding/UnitShortTitleAttribute.cs
 0.1 kb	 0.0% Packages/com.unity.visualscripting/Runtime/VisualScripting.Flow/EditorBinding/UnitFooterPortsAttribute.cs
 0.1 kb	 0.0% Packages/com.unity.visualscripting/Runtime/VisualScripting.Flow/EditorBinding/PortLabelHiddenAttribute.cs
 0.1 kb	 0.0% Packages/com.unity.visualscripting/Runtime/VisualScripting.Flow/Dependencies/NCalc/ValueExpression.cs
 0.1 kb	 0.0% Packages/com.unity.visualscripting/Runtime/VisualScripting.Flow/Dependencies/NCalc/UnaryExpression.cs
 0.1 kb	 0.0% Packages/com.unity.visualscripting/Runtime/VisualScripting.Flow/Dependencies/NCalc/ParameterArgs.cs
 0.1 kb	 0.0% Packages/com.unity.visualscripting/Runtime/VisualScripting.Flow/Dependencies/NCalc/BinaryExpression.cs
 0.1 kb	 0.0% Packages/com.unity.visualscripting/Runtime/VisualScripting.Flow/Connections/UnitConnectionDebugData.cs
 0.1 kb	 0.0% Packages/com.unity.visualscripting/Runtime/VisualScripting.Flow/Connections/IUnitConnectionDebugData.cs
 0.1 kb	 0.0% Packages/com.unity.visualscripting/Runtime/VisualScripting.Core/Variables/VariableKindAttribute.cs
 0.1 kb	 0.0% Packages/com.unity.visualscripting/Runtime/VisualScripting.Core/Variables/IGraphDataWithVariables.cs
 0.1 kb	 0.0% Packages/com.unity.visualscripting/Runtime/VisualScripting.Core/Utilities/RuntimeVSUsageUtility.cs
 0.1 kb	 0.0% Packages/com.unity.visualscripting/Runtime/VisualScripting.Core/Utilities/IAnalyticsIdentifiable.cs
 0.1 kb	 0.0% Packages/com.unity.visualscripting/Runtime/VisualScripting.Core/Utilities/ComponentHolderProtocol.cs
 0.1 kb	 0.0% Packages/com.unity.visualscripting/Runtime/VisualScripting.Core/Unity/MacroScriptableObject.cs
 0.1 kb	 0.0% Packages/com.unity.visualscripting/Runtime/VisualScripting.Core/Unity/LudiqScriptableObject.cs
 0.1 kb	 0.0% Packages/com.unity.visualscripting/Runtime/VisualScripting.Core/Serialization/SerializationOperation.cs
 0.1 kb	 0.0% Packages/com.unity.visualscripting/Runtime/VisualScripting.Core/Serialization/ISerializationDepender.cs
 0.1 kb	 0.0% Packages/com.unity.visualscripting/Runtime/VisualScripting.Core/Serialization/ISerializationDependency.cs
 0.1 kb	 0.0% Packages/com.unity.visualscripting/Runtime/VisualScripting.Core/Serialization/DoNotSerializeAttribute.cs
 0.1 kb	 0.0% Packages/com.unity.visualscripting/Runtime/VisualScripting.Core/Reflection/RenamedAssemblyAttribute.cs
 0.1 kb	 0.0% Packages/com.unity.visualscripting/Runtime/VisualScripting.Core/Reflection/Optimization/StaticActionInvokerBase.cs
 0.1 kb	 0.0% Packages/com.unity.visualscripting/Runtime/VisualScripting.Core/Reflection/Optimization/ReflectionFieldAccessor.cs
 0.1 kb	 0.0% Packages/com.unity.visualscripting/Runtime/VisualScripting.Core/Reflection/Operators/NumericNegationHandler.cs
 0.1 kb	 0.0% Packages/com.unity.visualscripting/Runtime/VisualScripting.Core/Reflection/Operators/MultiplicationHandler.cs
 0.1 kb	 0.0% Packages/com.unity.visualscripting/Runtime/VisualScripting.Core/Reflection/Operators/LogicalNegationHandler.cs
 0.1 kb	 0.0% Packages/com.unity.visualscripting/Runtime/VisualScripting.Core/Reflection/Operators/LessThanOrEqualHandler.cs
 0.1 kb	 0.0% Packages/com.unity.visualscripting/Runtime/VisualScripting.Core/Reflection/Operators/InvalidOperatorException.cs
 0.1 kb	 0.0% Packages/com.unity.visualscripting/Runtime/VisualScripting.Core/Reflection/Operators/BinaryOperatorHandler.cs
 0.1 kb	 0.0% Packages/com.unity.visualscripting/Runtime/VisualScripting.Core/Reflection/GenericClosingException.cs
 0.1 kb	 0.0% Packages/com.unity.visualscripting/Runtime/VisualScripting.Core/Platforms/AotIncompatibleAttribute.cs
 0.1 kb	 0.0% Packages/com.unity.visualscripting/Runtime/VisualScripting.Core/Listeners/IGraphEventListenerData.cs
 0.1 kb	 0.0% Packages/com.unity.visualscripting/Runtime/VisualScripting.Core/Listeners/GlobalMessageListener.cs
 0.1 kb	 0.0% Packages/com.unity.visualscripting/Runtime/VisualScripting.Core/Listeners/AnimatorMessageListener.cs
 0.1 kb	 0.0% Packages/com.unity.visualscripting/Runtime/VisualScripting.Core/Graphs/IGraphElementWithData.cs
 0.1 kb	 0.0% Packages/com.unity.visualscripting/Runtime/VisualScripting.Core/Graphs/IGraphElementDebugData.cs
 0.1 kb	 0.0% Packages/com.unity.visualscripting/Runtime/VisualScripting.Core/Graphs/GraphsExceptionUtility.cs
 0.1 kb	 0.0% Packages/com.unity.visualscripting/Runtime/VisualScripting.Core/Graphs/GraphPointerException.cs
 0.1 kb	 0.0% Packages/com.unity.visualscripting/Runtime/VisualScripting.Core/EditorBinding/NullMeansSelfAttribute.cs
 0.1 kb	 0.0% Packages/com.unity.visualscripting/Runtime/VisualScripting.Core/EditorBinding/Inspector/InspectorWideAttribute.cs
 0.1 kb	 0.0% Packages/com.unity.visualscripting/Runtime/VisualScripting.Core/EditorBinding/Inspector/InspectorRangeAttribute.cs
 0.1 kb	 0.0% Packages/com.unity.visualscripting/Runtime/VisualScripting.Core/EditorBinding/Inspector/InspectorLabelAttribute.cs
 0.1 kb	 0.0% Packages/com.unity.visualscripting/Runtime/VisualScripting.Core/EditorBinding/InspectableIfAttribute.cs
 0.1 kb	 0.0% Packages/com.unity.visualscripting/Runtime/VisualScripting.Core/EditorBinding/IInspectableAttribute.cs
 0.1 kb	 0.0% Packages/com.unity.visualscripting/Runtime/VisualScripting.Core/EditorBinding/ExpectedTypeAttribute.cs
 0.1 kb	 0.0% Packages/com.unity.visualscripting/Runtime/VisualScripting.Core/Collections/INotifiedCollectionItem.cs
 0.1 kb	 0.0% Packages/com.unity.visualscripting/Runtime/VisualScripting.Core/Cloning/Cloners/FakeSerializationCloner.cs
 0.1 kb	 0.0% Packages/com.unity.timeline/Runtime/Animation/AnimationPreviewUpdateCallback.cs
 0.1 kb	 0.0% Packages/com.unity.timeline/Runtime/Animation/AnimationOutputWeightProcessor.cs
 0.1 kb	 0.0% Packages/com.unity.textmeshpro/Scripts/Runtime/TMP_SpriteAssetImportFormats.cs
 0.1 kb	 0.0% Packages/com.unity.test-framework/UnityEngine.TestRunner/Utils/Vector4EqualityComparer.cs
 0.1 kb	 0.0% Packages/com.unity.test-framework/UnityEngine.TestRunner/Utils/Vector3EqualityComparer.cs
 0.1 kb	 0.0% Packages/com.unity.test-framework/UnityEngine.TestRunner/Utils/Vector2EqualityComparer.cs
 0.1 kb	 0.0% Packages/com.unity.test-framework/UnityEngine.TestRunner/Utils/TestRunCallbackListener.cs
 0.1 kb	 0.0% Packages/com.unity.test-framework/UnityEngine.TestRunner/Utils/PrebuildSceneSetupAttribute.cs
 0.1 kb	 0.0% Packages/com.unity.test-framework/UnityEngine.TestRunner/Utils/FloatEqualityComparer.cs
 0.1 kb	 0.0% Packages/com.unity.test-framework/UnityEngine.TestRunner/Utils/ColorEqualityComparer.cs
 0.1 kb	 0.0% Packages/com.unity.test-framework/UnityEngine.TestRunner/Utils/AssemblyProvider/ScriptingRuntimeProxy.cs
 0.1 kb	 0.0% Packages/com.unity.test-framework/UnityEngine.TestRunner/Utils/AssemblyProvider/IScriptingRuntimeProxy.cs
 0.1 kb	 0.0% Packages/com.unity.test-framework/UnityEngine.TestRunner/TestRunner/SynchronousFilter.cs
 0.1 kb	 0.0% Packages/com.unity.test-framework/UnityEngine.TestRunner/TestRunner/RemoteHelpers/RemoteTestResultData.cs
 0.1 kb	 0.0% Packages/com.unity.shadergraph/ShaderGraphLibrary/DummyShaderGraphLibrary.cs
 0.1 kb	 0.0% Packages/com.unity.render-pipelines.universal/ShaderLibrary/ShaderTypes.cs
 0.1 kb	 0.0% Packages/com.unity.render-pipelines.universal/ShaderLibrary/Deprecated.cs
 0.1 kb	 0.0% Packages/com.unity.render-pipelines.universal/Runtime/Tiling/TileSize.cs
 0.1 kb	 0.0% Packages/com.unity.render-pipelines.universal/Runtime/External/LibTessDotNet/Sweep.cs
 0.1 kb	 0.0% Packages/com.unity.render-pipelines.core/Runtime/Utilities/SceneRenderPipeline.cs
 0.1 kb	 0.0% Packages/com.unity.render-pipelines.core/Runtime/Utilities/MaterialQuality.cs
 0.1 kb	 0.0% Packages/com.unity.render-pipelines.core/Runtime/Utilities/CameraCaptureBridge.cs
 0.1 kb	 0.0% Packages/com.unity.render-pipelines.core/Runtime/ShaderGenerator/ShaderGeneratorAttributes.cs
 0.1 kb	 0.0% Packages/com.unity.render-pipelines.core/Runtime/PostProcessing/LensFlareCommonSRP.cs
 0.1 kb	 0.0% Packages/com.unity.render-pipelines.core/Runtime/LookDev/IDataProvider.cs
 0.1 kb	 0.0% Packages/com.unity.render-pipelines.core/Runtime/Lighting/SphericalHarmonics.cs
 0.1 kb	 0.0% Packages/com.unity.render-pipelines.core/Runtime/Lighting/ProbeVolume/ProbeVolumeSceneData.cs
 0.1 kb	 0.0% Packages/com.unity.render-pipelines.core/Runtime/Lighting/ProbeVolume/ProbeVolumeGIContributor.cs
 0.1 kb	 0.0% Packages/com.unity.render-pipelines.core/Runtime/Lighting/ProbeVolume/ProbeTouchupVolume.cs
 0.1 kb	 0.0% Packages/com.unity.render-pipelines.core/Runtime/Lighting/ProbeVolume/ProbeReferenceVolume.cs
 0.1 kb	 0.0% Packages/com.unity.render-pipelines.core/Runtime/Documentation.cs
 0.1 kb	 0.0% Packages/com.unity.render-pipelines.core/Runtime/Debugging/Prefabs/Scripts/DebugUIHandlerWidget.cs
 0.1 kb	 0.0% Packages/com.unity.render-pipelines.core/Runtime/Debugging/Prefabs/Scripts/DebugUIHandlerValue.cs
 0.1 kb	 0.0% Packages/com.unity.render-pipelines.core/Runtime/Debugging/Prefabs/Scripts/DebugUIHandlerVBox.cs
 0.1 kb	 0.0% Packages/com.unity.render-pipelines.core/Runtime/Debugging/Prefabs/Scripts/DebugUIHandlerToggle.cs
 0.1 kb	 0.0% Packages/com.unity.render-pipelines.core/Runtime/Debugging/Prefabs/Scripts/DebugUIHandlerRow.cs
 0.1 kb	 0.0% Packages/com.unity.render-pipelines.core/Runtime/Debugging/Prefabs/Scripts/DebugUIHandlerPanel.cs
 0.1 kb	 0.0% Packages/com.unity.render-pipelines.core/Runtime/Debugging/Prefabs/Scripts/DebugUIHandlerObject.cs
 0.1 kb	 0.0% Packages/com.unity.render-pipelines.core/Runtime/Debugging/Prefabs/Scripts/DebugUIHandlerHBox.cs
 0.1 kb	 0.0% Packages/com.unity.render-pipelines.core/Runtime/Debugging/Prefabs/Scripts/DebugUIHandlerGroup.cs
 0.1 kb	 0.0% Packages/com.unity.render-pipelines.core/Runtime/Debugging/Prefabs/Scripts/DebugUIHandlerColor.cs
 0.1 kb	 0.0% Packages/com.unity.render-pipelines.core/Runtime/Debugging/Prefabs/Scripts/DebugUIHandlerCanvas.cs
 0.1 kb	 0.0% Packages/com.unity.render-pipelines.core/Runtime/Debugging/Prefabs/Scripts/DebugUIHandlerButton.cs
 0.1 kb	 0.0% Packages/com.unity.render-pipelines.core/Runtime/Debugging/MousePositionDebug.cs
 0.1 kb	 0.0% Packages/com.unity.render-pipelines.core/Runtime/Debugging/IVolumeDebugSettings.cs
 0.1 kb	 0.0% Packages/com.unity.render-pipelines.core/Runtime/Debugging/FrameTiming/FrameTimeBottleneck.cs
 0.1 kb	 0.0% Packages/com.unity.render-pipelines.core/Runtime/Common/Swap.Extensions.cs
 0.1 kb	 0.0% Packages/com.unity.render-pipelines.core/Runtime/Common/CommandBufferPool.cs
 0.1 kb	 0.0% Packages/com.unity.collections/Unity.Collections/UnsafeAtomicCounter.cs
 0.1 kb	 0.0% Packages/com.unity.2d.spriteshape/Runtime/SpriteShapeGeometryModifier.cs
 0.1 kb	 0.0% Packages/com.unity.2d.spriteshape/Runtime/SpriteShapeGeometryCreator.cs
 0.1 kb	 0.0% Packages/com.unity.2d.spriteshape/Runtime/SpriteShapeDefaultCreator.cs
 0.1 kb	 0.0% Packages/com.unity.2d.common/Runtime/InternalBridge/InternalEngineBridge.cs
 0.1 kb	 0.0% Assets/TextMesh Pro/Resources/LineBreaking Leading Characters.txt
 0.1 kb	 0.0% Packages/com.unity.visualscripting/Runtime/VisualScripting.Core/Reflection/Optimization/StaticActionInvoker_5.cs
 0.1 kb	 0.0% Packages/com.unity.visualscripting/Runtime/VisualScripting.Core/Reflection/Optimization/StaticActionInvoker_4.cs
 0.1 kb	 0.0% Packages/com.unity.visualscripting/Runtime/VisualScripting.Core/Reflection/Optimization/StaticActionInvoker_3.cs
 0.1 kb	 0.0% Packages/com.unity.visualscripting/Runtime/VisualScripting.Core/Reflection/Optimization/StaticActionInvoker_2.cs
 0.1 kb	 0.0% Packages/com.unity.visualscripting/Runtime/VisualScripting.Core/Reflection/Optimization/StaticActionInvoker_1.cs
 0.1 kb	 0.0% Packages/com.unity.visualscripting/Runtime/VisualScripting.Core/Reflection/Optimization/StaticActionInvoker_0.cs
 0.1 kb	 0.0% Packages/com.unity.visualscripting/Runtime/VisualScripting.Core/Ensure/EnsureThat.NullableValueTypes.cs
 0.1 kb	 0.0% Packages/com.unity.visualscripting/Runtime/VisualScripting.Core/Dependencies/FullSerializer/fsJsonPrinter.cs
 0.1 kb	 0.0% Packages/com.unity.visualscripting/Runtime/VisualScripting.Core/Dependencies/FullSerializer/fsBaseConverter.cs
 0.1 kb	 0.0% Packages/com.unity.visualscripting/Runtime/VisualScripting.Core/Dependencies/FullSerializer/Reflection/fsMetaProperty.cs
 0.1 kb	 0.0% Packages/com.unity.visualscripting/Runtime/VisualScripting.Core/Dependencies/FullSerializer/Converters/fsTypeConverter.cs
 0.1 kb	 0.0% Packages/com.unity.visualscripting/Runtime/VisualScripting.Core/Dependencies/FullSerializer/Converters/fsGuidConverter.cs
 0.1 kb	 0.0% Packages/com.unity.visualscripting/Runtime/VisualScripting.Core/Dependencies/FullSerializer/Converters/fsEnumConverter.cs
 0.1 kb	 0.0% Packages/com.unity.visualscripting/Runtime/VisualScripting.Core/Dependencies/FullSerializer/Converters/fsDateConverter.cs
 0.1 kb	 0.0% Packages/com.unity.visualscripting/Runtime/VisualScripting.Core/Dependencies/FullSerializer/Converters/fsArrayConverter.cs
 0.1 kb	 0.0% Packages/com.unity.ugui/Runtime/UI/Core/Layout/HorizontalOrVerticalLayoutGroup.cs
 0.1 kb	 0.0% Packages/com.unity.test-framework/UnityEngine.TestRunner/Utils/TestRunCallbackAttribute.cs
 0.1 kb	 0.0% Packages/com.unity.test-framework/UnityEngine.TestRunner/Utils/IOuterUnityTestAction.cs
 0.1 kb	 0.0% Packages/com.unity.test-framework/UnityEngine.TestRunner/TestRunner/TestListenerWrapper.cs
 0.1 kb	 0.0% Packages/com.unity.test-framework/UnityEngine.TestRunner/TestRunner/ITestRunnerListener.cs
 0.1 kb	 0.0% Packages/com.unity.test-framework/UnityEngine.TestRunner/NUnitExtensions/TestExtensions.cs
 0.1 kb	 0.0% Packages/com.unity.test-framework/UnityEngine.TestRunner/NUnitExtensions/Runner/FailCommand.cs
 0.1 kb	 0.0% Packages/com.unity.test-framework/UnityEngine.TestRunner/NUnitExtensions/IStateSerializer.cs
 0.1 kb	 0.0% Packages/com.unity.test-framework/UnityEngine.TestRunner/NUnitExtensions/Commands/UnityTestMethodCommand.cs
 0.1 kb	 0.0% Packages/com.unity.test-framework/UnityEngine.TestRunner/NUnitExtensions/BaseDelegator.cs
 0.1 kb	 0.0% Packages/com.unity.test-framework/UnityEngine.TestRunner/NUnitExtensions/Attributes/UnityTearDownAttribute.cs
 0.1 kb	 0.0% Packages/com.unity.test-framework/UnityEngine.TestRunner/NUnitExtensions/Attributes/UnityPlatformAttribute.cs
 0.1 kb	 0.0% Packages/com.unity.test-framework/UnityEngine.TestRunner/NUnitExtensions/ActionDelegator.cs
 0.1 kb	 0.0% Packages/com.unity.render-pipelines.universal/Runtime/Tiling/ZBinningJob.cs
 0.1 kb	 0.0% Packages/com.unity.render-pipelines.universal/Runtime/Tiling/TilingJob.cs
 0.1 kb	 0.0% Packages/com.unity.render-pipelines.universal/Runtime/TemporalAA.cs
 0.1 kb	 0.0% Packages/com.unity.render-pipelines.universal/Runtime/ShadowUtils.cs
 0.1 kb	 0.0% Packages/com.unity.render-pipelines.universal/Runtime/ShaderUtils.cs
 0.1 kb	 0.0% Packages/com.unity.render-pipelines.universal/Runtime/ShaderData.cs
 0.1 kb	 0.0% Packages/com.unity.render-pipelines.universal/Runtime/Passes/CapturePass.cs
 0.1 kb	 0.0% Packages/com.unity.render-pipelines.universal/Runtime/Overrides/WhiteBalance.cs
 0.1 kb	 0.0% Packages/com.unity.render-pipelines.universal/Runtime/Overrides/Tonemapping.cs
 0.1 kb	 0.0% Packages/com.unity.render-pipelines.universal/Runtime/Overrides/SplitToning.cs
 0.1 kb	 0.0% Packages/com.unity.render-pipelines.universal/Runtime/Overrides/MotionBlur.cs
 0.1 kb	 0.0% Packages/com.unity.render-pipelines.universal/Runtime/Overrides/FilmGrain.cs
 0.1 kb	 0.0% Packages/com.unity.render-pipelines.universal/Runtime/Overrides/DepthOfField.cs
 0.1 kb	 0.0% Packages/com.unity.render-pipelines.universal/Runtime/Overrides/ColorLookup.cs
 0.1 kb	 0.0% Packages/com.unity.render-pipelines.universal/Runtime/Overrides/ColorCurves.cs
 0.1 kb	 0.0% Packages/com.unity.render-pipelines.universal/Runtime/Overrides/ChannelMixer.cs
 0.1 kb	 0.0% Packages/com.unity.render-pipelines.universal/Runtime/External/LibTessDotNet/Tess.cs
 0.1 kb	 0.0% Packages/com.unity.render-pipelines.universal/Runtime/External/LibTessDotNet/Mesh.cs
 0.1 kb	 0.0% Packages/com.unity.render-pipelines.universal/Runtime/External/LibTessDotNet/Geom.cs
 0.1 kb	 0.0% Packages/com.unity.render-pipelines.universal/Runtime/Decal/Entities/DecalChunk.cs
 0.1 kb	 0.0% Packages/com.unity.render-pipelines.universal/Runtime/Debug/DebugHandler.cs
 0.1 kb	 0.0% Packages/com.unity.render-pipelines.universal/Runtime/Data/XRSystemData.cs
 0.1 kb	 0.0% Packages/com.unity.render-pipelines.universal/Runtime/2D/UTess2D/UTess.cs
 0.1 kb	 0.0% Packages/com.unity.render-pipelines.universal/Runtime/2D/UTess2D/Smoothen.cs
 0.1 kb	 0.0% Packages/com.unity.render-pipelines.universal/Runtime/2D/UTess2D/Refinery.cs
 0.1 kb	 0.0% Packages/com.unity.render-pipelines.universal/Runtime/2D/Renderer2D.cs
 0.1 kb	 0.0% Packages/com.unity.render-pipelines.universal/Runtime/2D/Passes/Utility/LayerUtility.cs
 0.1 kb	 0.0% Packages/com.unity.render-pipelines.universal/Runtime/2D/Passes/UpscalePass.cs
 0.1 kb	 0.0% Packages/com.unity.render-pipelines.universal/Runtime/2D/LightUtility.cs
 0.1 kb	 0.0% Packages/com.unity.render-pipelines.core/Runtime/XR/XRMirrorView.cs
 0.1 kb	 0.0% Packages/com.unity.render-pipelines.core/Runtime/Lighting/ProbeVolume/ProbeIndexOfIndices.cs
 0.1 kb	 0.0% Packages/com.unity.render-pipelines.core/Runtime/Common/CoreAttributes.cs
 0.1 kb	 0.0% Packages/com.unity.collections/Unity.Collections/UnsafeUtilityEx.cs
 0.1 kb	 0.0% Packages/com.unity.collections/Unity.Collections/UnsafeHashMap.cs
 0.1 kb	 0.0% Packages/com.unity.collections/Unity.Collections/UnsafeAppendBuffer.cs
 0.1 kb	 0.0% Packages/com.unity.cinemachine/Runtime/Impulse/CinemachineCollisionImpulseSource.cs
 0.1 kb	 0.0% Packages/com.unity.cinemachine/Runtime/Components/CinemachineBasicMultiChannelPerlin.cs
 0.1 kb	 0.0% Packages/com.unity.2d.pixel-perfect/Runtime/PixelPerfectCameraInternal.cs
 0.1 kb	 0.0% Packages/com.unity.2d.common/Runtime/InternalBridge/IAnimationPreviewable.cs
 0.1 kb	 0.0% Packages/com.unity.2d.animation/Runtime/TransformAccessJob.cs
 0.1 kb	 0.0% Packages/com.unity.2d.animation/Runtime/SpriteSkinUtility.cs
 0.1 kb	 0.0% Packages/com.unity.2d.animation/Runtime/SpriteSkinComposite.cs
 0.1 kb	 0.0% Packages/com.unity.2d.animation/Runtime/SpriteLib/SpriteLibraryUtility.cs
 0.1 kb	 0.0% Packages/com.unity.2d.animation/Runtime/SpriteLib/SpriteLibraryAsset.cs
 0.1 kb	 0.0% Packages/com.unity.2d.animation/Runtime/SpriteLib/ISpriteLibraryLabel.cs
 0.1 kb	 0.0% Packages/com.unity.2d.animation/Runtime/NativeArrayHelper.cs
 0.1 kb	 0.0% Packages/com.unity.visualscripting/Runtime/VisualScripting.State/FlowStateTransition.cs
 0.1 kb	 0.0% Packages/com.unity.visualscripting/Runtime/VisualScripting.Flow/Ports/ValuePortDefinition.cs
 0.1 kb	 0.0% Packages/com.unity.visualscripting/Runtime/VisualScripting.Flow/Ports/ValueInputDefinition.cs
 0.1 kb	 0.0% Packages/com.unity.visualscripting/Runtime/VisualScripting.Flow/Ports/UnitPortDefinition.cs
 0.1 kb	 0.0% Packages/com.unity.visualscripting/Runtime/VisualScripting.Flow/Ports/IUnitPortDefinition.cs
 0.1 kb	 0.0% Packages/com.unity.visualscripting/Runtime/VisualScripting.Flow/Framework/Variables/UnifiedVariableUnit.cs
 0.1 kb	 0.0% Packages/com.unity.visualscripting/Runtime/VisualScripting.Flow/Framework/Variables/Obsolete/SetObjectVariable.cs
 0.1 kb	 0.0% Packages/com.unity.visualscripting/Runtime/VisualScripting.Flow/Framework/Variables/Obsolete/ISceneVariableUnit.cs
 0.1 kb	 0.0% Packages/com.unity.visualscripting/Runtime/VisualScripting.Flow/Framework/Variables/Obsolete/ISavedVariableUnit.cs
 0.1 kb	 0.0% Packages/com.unity.visualscripting/Runtime/VisualScripting.Flow/Framework/Variables/Obsolete/IObjectVariableUnit.cs
 0.1 kb	 0.0% Packages/com.unity.visualscripting/Runtime/VisualScripting.Flow/Framework/Variables/Obsolete/IGraphVariableUnit.cs
 0.1 kb	 0.0% Packages/com.unity.visualscripting/Runtime/VisualScripting.Flow/Framework/Variables/Obsolete/GetObjectVariable.cs
 0.1 kb	 0.0% Packages/com.unity.visualscripting/Runtime/VisualScripting.Flow/Framework/Variables/IsVariableDefined.cs
 0.1 kb	 0.0% Packages/com.unity.visualscripting/Runtime/VisualScripting.Flow/Framework/Variables/IUnifiedVariableUnit.cs
 0.1 kb	 0.0% Packages/com.unity.visualscripting/Runtime/VisualScripting.Flow/Framework/Time/WaitForSecondsUnit.cs
 0.1 kb	 0.0% Packages/com.unity.visualscripting/Runtime/VisualScripting.Flow/Framework/Time/WaitForNextFrameUnit.cs
 0.1 kb	 0.0% Packages/com.unity.visualscripting/Runtime/VisualScripting.Flow/Framework/Math/Vector4/Vector4MoveTowards.cs
 0.1 kb	 0.0% Packages/com.unity.visualscripting/Runtime/VisualScripting.Flow/Framework/Math/Vector4/Vector4DotProduct.cs
 0.1 kb	 0.0% Packages/com.unity.visualscripting/Runtime/VisualScripting.Flow/Framework/Math/Vector4/DeprecatedVector4Add.cs
 0.1 kb	 0.0% Packages/com.unity.visualscripting/Runtime/VisualScripting.Flow/Framework/Math/Vector3/Vector3MoveTowards.cs
 0.1 kb	 0.0% Packages/com.unity.visualscripting/Runtime/VisualScripting.Flow/Framework/Math/Vector3/Vector3DotProduct.cs
 0.1 kb	 0.0% Packages/com.unity.visualscripting/Runtime/VisualScripting.Flow/Framework/Math/Vector3/Vector3CrossProduct.cs
 0.1 kb	 0.0% Packages/com.unity.visualscripting/Runtime/VisualScripting.Flow/Framework/Math/Vector3/DeprecatedVector3Add.cs
 0.1 kb	 0.0% Packages/com.unity.visualscripting/Runtime/VisualScripting.Flow/Framework/Math/Vector2/Vector2MoveTowards.cs
 0.1 kb	 0.0% Packages/com.unity.visualscripting/Runtime/VisualScripting.Flow/Framework/Math/Vector2/Vector2DotProduct.cs
 0.1 kb	 0.0% Packages/com.unity.visualscripting/Runtime/VisualScripting.Flow/Framework/Math/Vector2/DeprecatedVector2Add.cs
 0.1 kb	 0.0% Packages/com.unity.visualscripting/Runtime/VisualScripting.Flow/Framework/Math/Scalar/ScalarMoveTowards.cs
 0.1 kb	 0.0% Packages/com.unity.visualscripting/Runtime/VisualScripting.Flow/Framework/Math/Scalar/ScalarExponentiate.cs
 0.1 kb	 0.0% Packages/com.unity.visualscripting/Runtime/VisualScripting.Flow/Framework/Math/Scalar/DeprecatedScalarAdd.cs
 0.1 kb	 0.0% Packages/com.unity.visualscripting/Runtime/VisualScripting.Flow/Framework/Math/Generic/DeprecatedGenericAdd.cs
 0.1 kb	 0.0% Packages/com.unity.visualscripting/Runtime/VisualScripting.Flow/Framework/Logic/NumericComparison.cs
 0.1 kb	 0.0% Packages/com.unity.visualscripting/Runtime/VisualScripting.Flow/Framework/Logic/EqualityComparison.cs
 0.1 kb	 0.0% Packages/com.unity.visualscripting/Runtime/VisualScripting.Flow/Framework/Logic/BinaryComparisonUnit.cs
 0.1 kb	 0.0% Packages/com.unity.visualscripting/Runtime/VisualScripting.Flow/Framework/Logic/ApproximatelyEqual.cs
 0.1 kb	 0.0% Packages/com.unity.visualscripting/Runtime/VisualScripting.Flow/Framework/Events/TriggerCustomEvent.cs
 0.1 kb	 0.0% Packages/com.unity.visualscripting/Runtime/VisualScripting.Flow/Framework/Events/Rendering/OnBecameInvisible.cs
 0.1 kb	 0.0% Packages/com.unity.visualscripting/Runtime/VisualScripting.Flow/Framework/Events/Physics2D/TriggerEvent2DUnit.cs
 0.1 kb	 0.0% Packages/com.unity.visualscripting/Runtime/VisualScripting.Flow/Framework/Events/Physics2D/OnCollisionStay2D.cs
 0.1 kb	 0.0% Packages/com.unity.visualscripting/Runtime/VisualScripting.Flow/Framework/Events/Physics2D/OnCollisionExit2D.cs
 0.1 kb	 0.0% Packages/com.unity.visualscripting/Runtime/VisualScripting.Flow/Framework/Events/Physics2D/OnCollisionEnter2D.cs
 0.1 kb	 0.0% Packages/com.unity.visualscripting/Runtime/VisualScripting.Flow/Framework/Events/Physics2D/CollisionEvent2DUnit.cs
 0.1 kb	 0.0% Packages/com.unity.visualscripting/Runtime/VisualScripting.Flow/Framework/Events/Physics/OnParticleCollision.cs
 0.1 kb	 0.0% Packages/com.unity.visualscripting/Runtime/VisualScripting.Flow/Framework/Events/Physics/CollisionEventUnit.cs
 0.1 kb	 0.0% Packages/com.unity.visualscripting/Runtime/VisualScripting.Flow/Framework/Events/Navigation/OnDestinationReached.cs
 0.1 kb	 0.0% Packages/com.unity.visualscripting/Runtime/VisualScripting.Flow/Framework/Events/Input/OnMouseUpAsButton.cs
 0.1 kb	 0.0% Packages/com.unity.visualscripting/Runtime/VisualScripting.Flow/Framework/Events/GUI/OnToggleValueChanged.cs
 0.1 kb	 0.0% Packages/com.unity.visualscripting/Runtime/VisualScripting.Flow/Framework/Events/GUI/OnSliderValueChanged.cs
 0.1 kb	 0.0% Packages/com.unity.visualscripting/Runtime/VisualScripting.Flow/Framework/Events/GUI/OnInputFieldEndEdit.cs
 0.1 kb	 0.0% Packages/com.unity.visualscripting/Runtime/VisualScripting.Flow/Framework/Events/GUI/GenericGuiEventUnit.cs
 0.1 kb	 0.0% Packages/com.unity.visualscripting/Runtime/VisualScripting.Flow/Framework/Events/Editor/OnDrawGizmosSelected.cs
 0.1 kb	 0.0% Packages/com.unity.visualscripting/Runtime/VisualScripting.Flow/Framework/Events/Application/OnApplicationResume.cs
 0.1 kb	 0.0% Packages/com.unity.visualscripting/Runtime/VisualScripting.Flow/Framework/Events/Application/OnApplicationQuit.cs
 0.1 kb	 0.0% Packages/com.unity.visualscripting/Runtime/VisualScripting.Flow/Framework/Events/Application/OnApplicationPause.cs
 0.1 kb	 0.0% Packages/com.unity.visualscripting/Runtime/VisualScripting.Flow/Framework/Events/Application/OnApplicationFocus.cs
 0.1 kb	 0.0% Packages/com.unity.visualscripting/Runtime/VisualScripting.Flow/Framework/Events/Animation/BoltAnimationEvent.cs
 0.1 kb	 0.0% Packages/com.unity.visualscripting/Runtime/VisualScripting.Flow/Framework/Collections/Dictionaries/SetDictionaryItem.cs
 0.1 kb	 0.0% Packages/com.unity.visualscripting/Runtime/VisualScripting.Flow/Framework/Collections/Dictionaries/RemoveDictionaryItem.cs
 0.1 kb	 0.0% Packages/com.unity.visualscripting/Runtime/VisualScripting.Flow/Framework/Collections/Dictionaries/MergeDictionaries.cs
 0.1 kb	 0.0% Packages/com.unity.visualscripting/Runtime/VisualScripting.Flow/Framework/Collections/Dictionaries/GetDictionaryItem.cs
 0.1 kb	 0.0% Packages/com.unity.visualscripting/Runtime/VisualScripting.Flow/Framework/Collections/Dictionaries/AddDictionaryItem.cs
 0.1 kb	 0.0% Packages/com.unity.visualscripting/Runtime/VisualScripting.Flow/EditorBinding/UnitTitleAttribute.cs
 0.1 kb	 0.0% Packages/com.unity.visualscripting/Runtime/VisualScripting.Flow/EditorBinding/UnitOrderAttribute.cs
 0.1 kb	 0.0% Packages/com.unity.visualscripting/Runtime/VisualScripting.Flow/EditorBinding/SpecialUnitAttribute.cs
 0.1 kb	 0.0% Packages/com.unity.visualscripting/Runtime/VisualScripting.Flow/EditorBinding/PortLabelAttribute.cs
 0.1 kb	 0.0% Packages/com.unity.visualscripting/Runtime/VisualScripting.Flow/Dependencies/NCalc/NCalcParser.cs
 0.1 kb	 0.0% Packages/com.unity.visualscripting/Runtime/VisualScripting.Flow/Dependencies/NCalc/NCalcLexer.cs
 0.1 kb	 0.0% Packages/com.unity.visualscripting/Runtime/VisualScripting.Flow/Dependencies/NCalc/FunctionArgs.cs
 0.1 kb	 0.0% Packages/com.unity.visualscripting/Runtime/VisualScripting.Flow/Dependencies/NCalc/Expression.cs
 0.1 kb	 0.0% Packages/com.unity.visualscripting/Runtime/VisualScripting.Flow/Connections/InvalidConnection.cs
 0.1 kb	 0.0% Packages/com.unity.visualscripting/Runtime/VisualScripting.Flow/Connections/ControlConnection.cs
 0.1 kb	 0.0% Packages/com.unity.visualscripting/Runtime/VisualScripting.Core/Variables/VariableDeclarations.cs
 0.1 kb	 0.0% Packages/com.unity.visualscripting/Runtime/VisualScripting.Core/Variables/VariableDeclaration.cs
 0.1 kb	 0.0% Packages/com.unity.visualscripting/Runtime/VisualScripting.Core/Variables/IGraphWithVariables.cs
 0.1 kb	 0.0% Packages/com.unity.visualscripting/Runtime/VisualScripting.Core/Variables/ApplicationVariables.cs
 0.1 kb	 0.0% Packages/com.unity.visualscripting/Runtime/VisualScripting.Core/Utilities/UnityObjectUtility.cs
 0.1 kb	 0.0% Packages/com.unity.visualscripting/Runtime/VisualScripting.Core/Utilities/ReferenceCollector.cs
 0.1 kb	 0.0% Packages/com.unity.visualscripting/Runtime/VisualScripting.Core/Utilities/CSharpNameUtility.cs
 0.1 kb	 0.0% Packages/com.unity.visualscripting/Runtime/VisualScripting.Core/Unity/SingletonAttribute.cs
 0.1 kb	 0.0% Packages/com.unity.visualscripting/Runtime/VisualScripting.Core/Unity/IUnityObjectOwnable.cs
 0.1 kb	 0.0% Packages/com.unity.visualscripting/Runtime/VisualScripting.Core/Serialization/SerializeAttribute.cs
 0.1 kb	 0.0% Packages/com.unity.visualscripting/Runtime/VisualScripting.Core/Serialization/SerializeAsAttribute.cs
 0.1 kb	 0.0% Packages/com.unity.visualscripting/Runtime/VisualScripting.Core/Serialization/SerializationData.cs
 0.1 kb	 0.0% Packages/com.unity.visualscripting/Runtime/VisualScripting.Core/Serialization/Converters/UnityObjectConverter.cs
 0.1 kb	 0.0% Packages/com.unity.visualscripting/Runtime/VisualScripting.Core/Serialization/Converters/NamespaceConverter.cs
 0.1 kb	 0.0% Packages/com.unity.visualscripting/Runtime/VisualScripting.Core/Reflection/RenamedFromAttribute.cs
 0.1 kb	 0.0% Packages/com.unity.visualscripting/Runtime/VisualScripting.Core/Reflection/Optimization/StaticInvokerBase.cs
 0.1 kb	 0.0% Packages/com.unity.visualscripting/Runtime/VisualScripting.Core/Reflection/Optimization/ReflectionInvoker.cs
 0.1 kb	 0.0% Packages/com.unity.visualscripting/Runtime/VisualScripting.Core/Reflection/Optimization/OptimizedReflection.cs
 0.1 kb	 0.0% Packages/com.unity.visualscripting/Runtime/VisualScripting.Core/Reflection/Optimization/IOptimizedInvoker.cs
 0.1 kb	 0.0% Packages/com.unity.visualscripting/Runtime/VisualScripting.Core/Reflection/Optimization/IOptimizedAccessor.cs
 0.1 kb	 0.0% Packages/com.unity.visualscripting/Runtime/VisualScripting.Core/Reflection/Operators/UnaryOperatorHandler.cs
 0.1 kb	 0.0% Packages/com.unity.visualscripting/Runtime/VisualScripting.Core/Reflection/Operators/SubtractionHandler.cs
 0.1 kb	 0.0% Packages/com.unity.visualscripting/Runtime/VisualScripting.Core/Reflection/Operators/RightShiftHandler.cs
 0.1 kb	 0.0% Packages/com.unity.visualscripting/Runtime/VisualScripting.Core/Reflection/Operators/OperatorException.cs
 0.1 kb	 0.0% Packages/com.unity.visualscripting/Runtime/VisualScripting.Core/Reflection/Operators/InequalityHandler.cs
 0.1 kb	 0.0% Packages/com.unity.visualscripting/Runtime/VisualScripting.Core/Reflection/Operators/GreaterThanHandler.cs
 0.1 kb	 0.0% Packages/com.unity.visualscripting/Runtime/VisualScripting.Core/Reflection/Operators/ExclusiveOrHandler.cs
 0.1 kb	 0.0% Packages/com.unity.visualscripting/Runtime/VisualScripting.Core/Reflection/MemberInfoComparer.cs
 0.1 kb	 0.0% Packages/com.unity.visualscripting/Runtime/VisualScripting.Core/Reflection/LooseAssemblyName.cs
 0.1 kb	 0.0% Packages/com.unity.visualscripting/Runtime/VisualScripting.Core/Reflection/IAttributeProvider.cs
 0.1 kb	 0.0% Packages/com.unity.visualscripting/Runtime/VisualScripting.Core/Reflection/ConversionUtility.cs
 0.1 kb	 0.0% Packages/com.unity.visualscripting/Runtime/VisualScripting.Core/Listeners/UnityMessageListener.cs
 0.1 kb	 0.0% Packages/com.unity.visualscripting/Runtime/VisualScripting.Core/Listeners/IGraphEventListener.cs
 0.1 kb	 0.0% Packages/com.unity.visualscripting/Runtime/VisualScripting.Core/Graphs/IGraphParentElement.cs
 0.1 kb	 0.0% Packages/com.unity.visualscripting/Runtime/VisualScripting.Core/Graphs/IGraphNesterElement.cs
 0.1 kb	 0.0% Packages/com.unity.visualscripting/Runtime/VisualScripting.Core/Graphs/IGraphElementData.cs
 0.1 kb	 0.0% Packages/com.unity.visualscripting/Runtime/VisualScripting.Core/Events/FrameDelayedCallback.cs
 0.1 kb	 0.0% Packages/com.unity.visualscripting/Runtime/VisualScripting.Core/Events/EventHookComparer.cs
 0.1 kb	 0.0% Packages/com.unity.visualscripting/Runtime/VisualScripting.Core/Ensure/ExceptionMessages.cs
 0.1 kb	 0.0% Packages/com.unity.visualscripting/Runtime/VisualScripting.Core/EditorBinding/TypeIconAttribute.cs
 0.1 kb	 0.0% Packages/com.unity.visualscripting/Runtime/VisualScripting.Core/EditorBinding/PredictableAttribute.cs
 0.1 kb	 0.0% Packages/com.unity.visualscripting/Runtime/VisualScripting.Core/EditorBinding/InspectableAttribute.cs
 0.1 kb	 0.0% Packages/com.unity.visualscripting/Runtime/VisualScripting.Core/EditorBinding/EditorTimeBinding.cs
 0.1 kb	 0.0% Packages/com.unity.visualscripting/Runtime/VisualScripting.Core/EditorBinding/EditorBindingUtility.cs
 0.1 kb	 0.0% Packages/com.unity.visualscripting/Runtime/VisualScripting.Core/EditorBinding/AllowsNullAttribute.cs
 0.1 kb	 0.0% Packages/com.unity.visualscripting/Runtime/VisualScripting.Core/Dependencies/FullSerializer/Internal/fsOption.cs
 0.1 kb	 0.0% Packages/com.unity.visualscripting/Runtime/VisualScripting.Core/Decorators/IDecoratorAttribute.cs
 0.1 kb	 0.0% Packages/com.unity.visualscripting/Runtime/VisualScripting.Core/Cloning/Cloners/AnimationCurveCloner.cs
 0.1 kb	 0.0% Packages/com.unity.timeline/Runtime/Utilities/AnimationPreviewUtilities.cs
 0.1 kb	 0.0% Packages/com.unity.timeline/Runtime/Playables/TimeNotificationBehaviour.cs
 0.1 kb	 0.0% Packages/com.unity.timeline/Runtime/Playables/ActivationControlPlayable.cs
 0.1 kb	 0.0% Packages/com.unity.timeline/Runtime/Events/INotificationOptionProvider.cs
 0.1 kb	 0.0% Packages/com.unity.test-framework/UnityEngine.TestRunner/Utils/AssemblyProvider/IAssemblyLoadProxy.cs
 0.1 kb	 0.0% Packages/com.unity.test-framework/UnityEngine.TestRunner/Utils/AssemblyProvider/AssemblyLoadProxy.cs
 0.1 kb	 0.0% Packages/com.unity.test-framework/UnityEngine.TestRunner/TestRunner/RemoteHelpers/RemoteTestData.cs
 0.1 kb	 0.0% Packages/com.unity.shadergraph/Editor/Generation/Targets/BuiltIn/Editor/ShaderGUI/MaterialAssemblyReference/RawRenderQueue.cs
 0.1 kb	 0.0% Packages/com.unity.render-pipelines.core/Runtime/Volume/VolumeProfile.cs
 0.1 kb	 0.0% Packages/com.unity.render-pipelines.core/Runtime/Volume/VolumeParameter.cs
 0.1 kb	 0.0% Packages/com.unity.render-pipelines.core/Runtime/Volume/VolumeManager.cs
 0.1 kb	 0.0% Packages/com.unity.render-pipelines.core/Runtime/Volume/VolumeDebugData.cs
 0.1 kb	 0.0% Packages/com.unity.render-pipelines.core/Runtime/Volume/VolumeComponent.cs
 0.1 kb	 0.0% Packages/com.unity.render-pipelines.core/Runtime/Volume/KeyframeUtility.cs
 0.1 kb	 0.0% Packages/com.unity.render-pipelines.core/Runtime/Utilities/TileLayoutUtils.cs
 0.1 kb	 0.0% Packages/com.unity.render-pipelines.core/Runtime/Utilities/ResourceReloader.cs
 0.1 kb	 0.0% Packages/com.unity.render-pipelines.core/Runtime/Utilities/HaltonSequence.cs
 0.1 kb	 0.0% Packages/com.unity.render-pipelines.core/Runtime/Utilities/HDROutputUtils.cs
 0.1 kb	 0.0% Packages/com.unity.render-pipelines.core/Runtime/Utilities/DelegateUtility.cs
 0.1 kb	 0.0% Packages/com.unity.render-pipelines.core/Runtime/Utilities/CoreMatrixUtils.cs
 0.1 kb	 0.0% Packages/com.unity.render-pipelines.core/Runtime/Utilities/ColorSpaceUtils.cs
 0.1 kb	 0.0% Packages/com.unity.render-pipelines.core/Runtime/Utilities/ArrayExtensions.cs
 0.1 kb	 0.0% Packages/com.unity.render-pipelines.core/Runtime/Textures/Texture2DAtlas.cs
 0.1 kb	 0.0% Packages/com.unity.render-pipelines.core/Runtime/Textures/RTHandleSystem.cs
 0.1 kb	 0.0% Packages/com.unity.render-pipelines.core/Runtime/RenderPipeline/IVolumetricCloud.cs
 0.1 kb	 0.0% Packages/com.unity.render-pipelines.core/Runtime/RenderPipeline/ICloudBackground.cs
 0.1 kb	 0.0% Packages/com.unity.render-pipelines.core/Runtime/PostProcessing/LensFlareDataSRP.cs
 0.1 kb	 0.0% Packages/com.unity.render-pipelines.core/Runtime/Lighting/ProbeVolume/ProbeVolumeAsset.cs
 0.1 kb	 0.0% Packages/com.unity.render-pipelines.core/Runtime/Lighting/ProbeVolume/ProbeBrickPool.cs
 0.1 kb	 0.0% Packages/com.unity.render-pipelines.core/Runtime/Lighting/ProbeVolume/ProbeBrickIndex.cs
 0.1 kb	 0.0% Packages/com.unity.render-pipelines.core/Runtime/Debugging/ProfilingScope.cs
 0.1 kb	 0.0% Packages/com.unity.render-pipelines.core/Runtime/Debugging/FrameTiming/FrameTimeSample.cs
 0.1 kb	 0.0% Packages/com.unity.render-pipelines.core/Runtime/Debugging/DebugManager.UIState.cs
 0.1 kb	 0.0% Packages/com.unity.render-pipelines.core/Runtime/Debugging/DebugManager.Actions.cs
 0.1 kb	 0.0% Packages/com.unity.render-pipelines.core/Runtime/Debugging/DebugFrameTiming.cs
 0.1 kb	 0.0% Packages/com.unity.render-pipelines.core/Runtime/Common/SerializableEnum.cs
 0.1 kb	 0.0% Packages/com.unity.render-pipelines.core/Runtime/Common/IAdditionalData.cs
 0.1 kb	 0.0% Packages/com.unity.render-pipelines.core/Runtime/Common/CoreUnsafeUtils.cs
 0.1 kb	 0.0% Packages/com.unity.render-pipelines.core/Runtime/Common/ConstantBuffer.cs
 0.1 kb	 0.0% Packages/com.unity.render-pipelines.core/Runtime/Camera/CameraSwitcher.cs
 0.1 kb	 0.0% Packages/com.unity.collections/Unity.Collections/NativeNotBurstCompatible.cs
 0.1 kb	 0.0% Packages/com.unity.2d.tilemap.extras/Runtime/Tiles/RuleOverrideTile/AdvancedRuleOverrideTile.cs
 0.1 kb	 0.0% Packages/com.unity.2d.spriteshape/Runtime/SpriteShapeController.cs
 0.1 kb	 0.0% Packages/com.unity.2d.spriteshape/Runtime/External/LibTessDotNet/MeshUtils.cs
 0.1 kb	 0.0% Packages/com.unity.visualscripting/Runtime/VisualScripting.Core/Ensure/EnsureThat.ValueTypes.cs
 0.1 kb	 0.0% Packages/com.unity.visualscripting/Runtime/VisualScripting.Core/Ensure/EnsureThat.Reflection.cs
 0.1 kb	 0.0% Packages/com.unity.visualscripting/Runtime/VisualScripting.Core/Ensure/EnsureThat.Comparables.cs
 0.1 kb	 0.0% Packages/com.unity.visualscripting/Runtime/VisualScripting.Core/Ensure/EnsureThat.Collections.cs
 0.1 kb	 0.0% Packages/com.unity.visualscripting/Runtime/VisualScripting.Core/Dependencies/FullSerializer/fsSerializer.cs
 0.1 kb	 0.0% Packages/com.unity.visualscripting/Runtime/VisualScripting.Core/Dependencies/FullSerializer/fsJsonParser.cs
 0.1 kb	 0.0% Packages/com.unity.visualscripting/Runtime/VisualScripting.Core/Dependencies/FullSerializer/fsConverter.cs
 0.1 kb	 0.0% Packages/com.unity.visualscripting/Runtime/VisualScripting.Core/Dependencies/FullSerializer/fsContext.cs
 0.1 kb	 0.0% Packages/com.unity.visualscripting/Runtime/VisualScripting.Core/Dependencies/FullSerializer/Reflection/fsTypeCache.cs
 0.1 kb	 0.0% Packages/com.unity.visualscripting/Runtime/VisualScripting.Core/Dependencies/FullSerializer/Reflection/fsMetaType.cs
 0.1 kb	 0.0% Packages/com.unity.ugui/Runtime/EventSystem/InputModules/StandaloneInputModule.cs
 0.1 kb	 0.0% Packages/com.unity.test-framework/UnityEngine.TestRunner/Utils/MonoBehaviourTest/IMonoBehaviourTest.cs
 0.1 kb	 0.0% Packages/com.unity.test-framework/UnityEngine.TestRunner/Utils/IPostBuildCleanup.cs
 0.1 kb	 0.0% Packages/com.unity.test-framework/UnityEngine.TestRunner/TestRunner/TestPlatform.cs
 0.1 kb	 0.0% Packages/com.unity.test-framework/UnityEngine.TestRunner/NUnitExtensions/Commands/TestCommandPcHelper.cs
 0.1 kb	 0.0% Packages/com.unity.test-framework/UnityEngine.TestRunner/NUnitExtensions/Commands/TestActionCommand.cs
 0.1 kb	 0.0% Packages/com.unity.test-framework/UnityEngine.TestRunner/NUnitExtensions/Commands/SetUpTearDownCommand.cs
 0.1 kb	 0.0% Packages/com.unity.test-framework/UnityEngine.TestRunner/NUnitExtensions/Commands/EnumerableTestState.cs
 0.1 kb	 0.0% Packages/com.unity.test-framework/UnityEngine.TestRunner/NUnitExtensions/Attributes/UnityTestAttribute.cs
 0.1 kb	 0.0% Packages/com.unity.test-framework/UnityEngine.TestRunner/NUnitExtensions/Attributes/UnitySetUpAttribute.cs
 0.1 kb	 0.0% Packages/com.unity.render-pipelines.universal/Runtime/Overrides/Vignette.cs
 0.1 kb	 0.0% Packages/com.unity.render-pipelines.universal/Runtime/Overrides/Bloom.cs
 0.1 kb	 0.0% Packages/com.unity.render-pipelines.universal/Runtime/2D/Light2D.cs
 0.1 kb	 0.0% Packages/com.unity.render-pipelines.universal/Runtime/2D/Clipper.cs
 0.1 kb	 0.0% Packages/com.unity.render-pipelines.core/Runtime/XR/XRView.cs
 0.1 kb	 0.0% Packages/com.unity.render-pipelines.core/Runtime/XR/XRSystem.cs
 0.1 kb	 0.0% Packages/com.unity.render-pipelines.core/Runtime/XR/XRPass.cs
 0.1 kb	 0.0% Packages/com.unity.render-pipelines.core/Runtime/XR/XRLayout.cs
 0.1 kb	 0.0% Packages/com.unity.render-pipelines.core/Runtime/Debugging/DebugUI.Containers.cs
 0.1 kb	 0.0% Packages/com.unity.collections/Unity.Collections/UnsafeBitArray.cs
 0.1 kb	 0.0% Packages/com.unity.collections/Unity.Collections/UTF8ArrayUnsafeUtility.cs
 0.1 kb	 0.0% Packages/com.unity.collections/Unity.Collections/NativeHashSetExtensions.gen.cs
 0.1 kb	 0.0% Packages/com.unity.collections/Unity.Collections/NativeHashMapExtensions.cs
 0.1 kb	 0.0% Packages/com.unity.collections/Unity.Collections/NativeArrayExtensions.cs
 0.1 kb	 0.0% Packages/com.unity.collections/Unity.Collections/FixedStringInternalMethods.cs
 0.1 kb	 0.0% Packages/com.unity.collections/Unity.Collections/FixedStringFormatMethods.gen.cs
 0.1 kb	 0.0% Packages/com.unity.collections/Unity.Collections/BurstCompatibleAttribute.cs
 0.1 kb	 0.0% Packages/com.unity.cinemachine/Runtime/PostProcessing/CinemachineVolumeSettings.cs
 0.1 kb	 0.0% Packages/com.unity.cinemachine/Runtime/PostProcessing/CinemachinePostProcessing.cs
 0.1 kb	 0.0% Packages/com.unity.cinemachine/Runtime/Components/CinemachineSameAsFollowTarget.cs
 0.1 kb	 0.0% Packages/com.unity.burst/Runtime/CompilerServices/SkipLocalsInitAttribute.cs
 0.1 kb	 0.0% Packages/com.unity.burst/Runtime/CompilerServices/IgnoreWarningAttribute.cs
 0.1 kb	 0.0% Packages/com.unity.2d.spriteshape/Runtime/External/LibTessDotNet/PriorityHeap.cs
 0.1 kb	 0.0% Packages/com.unity.2d.pixel-perfect/Runtime/CinemachinePixelPerfect.cs
 0.1 kb	 0.0% Packages/com.unity.2d.animation/Runtime/UpdateBoundsJob.cs
 0.1 kb	 0.0% Packages/com.unity.2d.animation/Runtime/SpriteLib/SpriteResolver.cs
 0.1 kb	 0.0% Packages/com.unity.2d.animation/Runtime/SpriteLib/SpriteLibrary.cs
 0.1 kb	 0.0% Packages/com.unity.2d.animation/Runtime/SkeletonAsset.cs
 0.1 kb	 0.0% Packages/com.unity.2d.animation/Runtime/BufferManager.cs
 0.1 kb	 0.0% Packages/com.unity.2d.animation/IK/Runtime/Solver2DMenuAttribute.cs
 0.1 kb	 0.0% Packages/com.unity.visualscripting/Runtime/VisualScripting.State/Units/SetStateGraph.cs
 0.1 kb	 0.0% Packages/com.unity.visualscripting/Runtime/VisualScripting.State/Units/GetStateGraphs.cs
 0.1 kb	 0.0% Packages/com.unity.visualscripting/Runtime/VisualScripting.State/Units/GetStateGraph.cs
 0.1 kb	 0.0% Packages/com.unity.visualscripting/Runtime/VisualScripting.State/StateTransition.cs
 0.1 kb	 0.0% Packages/com.unity.visualscripting/Runtime/VisualScripting.State/StateGraphData.cs
 0.1 kb	 0.0% Packages/com.unity.visualscripting/Runtime/VisualScripting.State/StateGraphAsset.cs
 0.1 kb	 0.0% Packages/com.unity.visualscripting/Runtime/VisualScripting.State/StateEventHooks.cs
 0.1 kb	 0.0% Packages/com.unity.visualscripting/Runtime/VisualScripting.State/IStateTransition.cs
 0.1 kb	 0.0% Packages/com.unity.visualscripting/Runtime/VisualScripting.State/IStateDebugData.cs
 0.1 kb	 0.0% Packages/com.unity.visualscripting/Runtime/VisualScripting.State/Framework/Graph/HasStateGraph.cs
 0.1 kb	 0.0% Packages/com.unity.visualscripting/Runtime/VisualScripting.Flow/UnitPreservation.cs
 0.1 kb	 0.0% Packages/com.unity.visualscripting/Runtime/VisualScripting.Flow/ScriptMachine.cs
 0.1 kb	 0.0% Packages/com.unity.visualscripting/Runtime/VisualScripting.Flow/ScriptGraphAsset.cs
 0.1 kb	 0.0% Packages/com.unity.visualscripting/Runtime/VisualScripting.Flow/Ports/InvalidOutput.cs
 0.1 kb	 0.0% Packages/com.unity.visualscripting/Runtime/VisualScripting.Flow/Ports/IUnitValuePort.cs
 0.1 kb	 0.0% Packages/com.unity.visualscripting/Runtime/VisualScripting.Flow/Ports/IUnitOutputPort.cs
 0.1 kb	 0.0% Packages/com.unity.visualscripting/Runtime/VisualScripting.Flow/Ports/IUnitInvalidPort.cs
 0.1 kb	 0.0% Packages/com.unity.visualscripting/Runtime/VisualScripting.Flow/Ports/IUnitInputPort.cs
 0.1 kb	 0.0% Packages/com.unity.visualscripting/Runtime/VisualScripting.Flow/Ports/IUnitControlPort.cs
 0.1 kb	 0.0% Packages/com.unity.visualscripting/Runtime/VisualScripting.Flow/Ports/ControlOutput.cs
 0.1 kb	 0.0% Packages/com.unity.visualscripting/Runtime/VisualScripting.Flow/MultiInputUnit.cs
 0.1 kb	 0.0% Packages/com.unity.visualscripting/Runtime/VisualScripting.Flow/IUnitDebugData.cs
 0.1 kb	 0.0% Packages/com.unity.visualscripting/Runtime/VisualScripting.Flow/Framework/Variables/SaveVariables.cs
 0.1 kb	 0.0% Packages/com.unity.visualscripting/Runtime/VisualScripting.Flow/Framework/Variables/Obsolete/SetVariableUnit.cs
 0.1 kb	 0.0% Packages/com.unity.visualscripting/Runtime/VisualScripting.Flow/Framework/Variables/Obsolete/SetSceneVariable.cs
 0.1 kb	 0.0% Packages/com.unity.visualscripting/Runtime/VisualScripting.Flow/Framework/Variables/Obsolete/SetSavedVariable.cs
 0.1 kb	 0.0% Packages/com.unity.visualscripting/Runtime/VisualScripting.Flow/Framework/Variables/Obsolete/SetGraphVariable.cs
 0.1 kb	 0.0% Packages/com.unity.visualscripting/Runtime/VisualScripting.Flow/Framework/Variables/Obsolete/IVariableUnit.cs
 0.1 kb	 0.0% Packages/com.unity.visualscripting/Runtime/VisualScripting.Flow/Framework/Variables/Obsolete/GetVariableUnit.cs
 0.1 kb	 0.0% Packages/com.unity.visualscripting/Runtime/VisualScripting.Flow/Framework/Variables/Obsolete/GetSceneVariable.cs
 0.1 kb	 0.0% Packages/com.unity.visualscripting/Runtime/VisualScripting.Flow/Framework/Variables/Obsolete/GetSavedVariable.cs
 0.1 kb	 0.0% Packages/com.unity.visualscripting/Runtime/VisualScripting.Flow/Framework/Variables/Obsolete/GetGraphVariable.cs
 0.1 kb	 0.0% Packages/com.unity.visualscripting/Runtime/VisualScripting.Flow/Framework/Time/WaitWhileUnit.cs
 0.1 kb	 0.0% Packages/com.unity.visualscripting/Runtime/VisualScripting.Flow/Framework/Time/WaitUntilUnit.cs
 0.1 kb	 0.0% Packages/com.unity.visualscripting/Runtime/VisualScripting.Flow/Framework/Math/Vector4/Vector4Subtract.cs
 0.1 kb	 0.0% Packages/com.unity.visualscripting/Runtime/VisualScripting.Flow/Framework/Math/Vector4/Vector4PerSecond.cs
 0.1 kb	 0.0% Packages/com.unity.visualscripting/Runtime/VisualScripting.Flow/Framework/Math/Vector4/Vector4Normalize.cs
 0.1 kb	 0.0% Packages/com.unity.visualscripting/Runtime/VisualScripting.Flow/Framework/Math/Vector4/Vector4Multiply.cs
 0.1 kb	 0.0% Packages/com.unity.visualscripting/Runtime/VisualScripting.Flow/Framework/Math/Vector4/Vector4Modulo.cs
 0.1 kb	 0.0% Packages/com.unity.visualscripting/Runtime/VisualScripting.Flow/Framework/Math/Vector4/Vector4Minimum.cs
 0.1 kb	 0.0% Packages/com.unity.visualscripting/Runtime/VisualScripting.Flow/Framework/Math/Vector4/Vector4Maximum.cs
 0.1 kb	 0.0% Packages/com.unity.visualscripting/Runtime/VisualScripting.Flow/Framework/Math/Vector4/Vector4Divide.cs
 0.1 kb	 0.0% Packages/com.unity.visualscripting/Runtime/VisualScripting.Flow/Framework/Math/Vector4/Vector4Distance.cs
 0.1 kb	 0.0% Packages/com.unity.visualscripting/Runtime/VisualScripting.Flow/Framework/Math/Vector4/Vector4Average.cs
 0.1 kb	 0.0% Packages/com.unity.visualscripting/Runtime/VisualScripting.Flow/Framework/Math/Vector4/Vector4Absolute.cs
 0.1 kb	 0.0% Packages/com.unity.visualscripting/Runtime/VisualScripting.Flow/Framework/Math/Vector3/Vector3Subtract.cs
 0.1 kb	 0.0% Packages/com.unity.visualscripting/Runtime/VisualScripting.Flow/Framework/Math/Vector3/Vector3Project.cs
 0.1 kb	 0.0% Packages/com.unity.visualscripting/Runtime/VisualScripting.Flow/Framework/Math/Vector3/Vector3PerSecond.cs
 0.1 kb	 0.0% Packages/com.unity.visualscripting/Runtime/VisualScripting.Flow/Framework/Math/Vector3/Vector3Normalize.cs
 0.1 kb	 0.0% Packages/com.unity.visualscripting/Runtime/VisualScripting.Flow/Framework/Math/Vector3/Vector3Multiply.cs
 0.1 kb	 0.0% Packages/com.unity.visualscripting/Runtime/VisualScripting.Flow/Framework/Math/Vector3/Vector3Modulo.cs
 0.1 kb	 0.0% Packages/com.unity.visualscripting/Runtime/VisualScripting.Flow/Framework/Math/Vector3/Vector3Minimum.cs
 0.1 kb	 0.0% Packages/com.unity.visualscripting/Runtime/VisualScripting.Flow/Framework/Math/Vector3/Vector3Maximum.cs
 0.1 kb	 0.0% Packages/com.unity.visualscripting/Runtime/VisualScripting.Flow/Framework/Math/Vector3/Vector3Divide.cs
 0.1 kb	 0.0% Packages/com.unity.visualscripting/Runtime/VisualScripting.Flow/Framework/Math/Vector3/Vector3Distance.cs
 0.1 kb	 0.0% Packages/com.unity.visualscripting/Runtime/VisualScripting.Flow/Framework/Math/Vector3/Vector3Average.cs
 0.1 kb	 0.0% Packages/com.unity.visualscripting/Runtime/VisualScripting.Flow/Framework/Math/Vector3/Vector3Absolute.cs
 0.1 kb	 0.0% Packages/com.unity.visualscripting/Runtime/VisualScripting.Flow/Framework/Math/Vector2/Vector2Subtract.cs
 0.1 kb	 0.0% Packages/com.unity.visualscripting/Runtime/VisualScripting.Flow/Framework/Math/Vector2/Vector2Project.cs
 0.1 kb	 0.0% Packages/com.unity.visualscripting/Runtime/VisualScripting.Flow/Framework/Math/Vector2/Vector2PerSecond.cs
 0.1 kb	 0.0% Packages/com.unity.visualscripting/Runtime/VisualScripting.Flow/Framework/Math/Vector2/Vector2Normalize.cs
 0.1 kb	 0.0% Packages/com.unity.visualscripting/Runtime/VisualScripting.Flow/Framework/Math/Vector2/Vector2Multiply.cs
 0.1 kb	 0.0% Packages/com.unity.visualscripting/Runtime/VisualScripting.Flow/Framework/Math/Vector2/Vector2Modulo.cs
 0.1 kb	 0.0% Packages/com.unity.visualscripting/Runtime/VisualScripting.Flow/Framework/Math/Vector2/Vector2Minimum.cs
 0.1 kb	 0.0% Packages/com.unity.visualscripting/Runtime/VisualScripting.Flow/Framework/Math/Vector2/Vector2Maximum.cs
 0.1 kb	 0.0% Packages/com.unity.visualscripting/Runtime/VisualScripting.Flow/Framework/Math/Vector2/Vector2Divide.cs
 0.1 kb	 0.0% Packages/com.unity.visualscripting/Runtime/VisualScripting.Flow/Framework/Math/Vector2/Vector2Distance.cs
 0.1 kb	 0.0% Packages/com.unity.visualscripting/Runtime/VisualScripting.Flow/Framework/Math/Vector2/Vector2Average.cs
 0.1 kb	 0.0% Packages/com.unity.visualscripting/Runtime/VisualScripting.Flow/Framework/Math/Vector2/Vector2Absolute.cs
 0.1 kb	 0.0% Packages/com.unity.visualscripting/Runtime/VisualScripting.Flow/Framework/Math/Scalar/ScalarSubtract.cs
 0.1 kb	 0.0% Packages/com.unity.visualscripting/Runtime/VisualScripting.Flow/Framework/Math/Scalar/ScalarPerSecond.cs
 0.1 kb	 0.0% Packages/com.unity.visualscripting/Runtime/VisualScripting.Flow/Framework/Math/Scalar/ScalarNormalize.cs
 0.1 kb	 0.0% Packages/com.unity.visualscripting/Runtime/VisualScripting.Flow/Framework/Math/Scalar/ScalarMultiply.cs
 0.1 kb	 0.0% Packages/com.unity.visualscripting/Runtime/VisualScripting.Flow/Framework/Math/Scalar/ScalarMinimum.cs
 0.1 kb	 0.0% Packages/com.unity.visualscripting/Runtime/VisualScripting.Flow/Framework/Math/Scalar/ScalarMaximum.cs
 0.1 kb	 0.0% Packages/com.unity.visualscripting/Runtime/VisualScripting.Flow/Framework/Math/Scalar/ScalarAverage.cs
 0.1 kb	 0.0% Packages/com.unity.visualscripting/Runtime/VisualScripting.Flow/Framework/Math/Scalar/ScalarAbsolute.cs
 0.1 kb	 0.0% Packages/com.unity.visualscripting/Runtime/VisualScripting.Flow/Framework/Math/Generic/GenericSubtract.cs
 0.1 kb	 0.0% Packages/com.unity.visualscripting/Runtime/VisualScripting.Flow/Framework/Math/Generic/GenericMultiply.cs
 0.1 kb	 0.0% Packages/com.unity.visualscripting/Runtime/VisualScripting.Flow/Framework/Math/Generic/GenericModulo.cs
 0.1 kb	 0.0% Packages/com.unity.visualscripting/Runtime/VisualScripting.Flow/Framework/Math/Generic/GenericDivide.cs
 0.1 kb	 0.0% Packages/com.unity.visualscripting/Runtime/VisualScripting.Flow/Framework/Logic/GreaterOrEqual.cs
 0.1 kb	 0.0% Packages/com.unity.visualscripting/Runtime/VisualScripting.Flow/Framework/Graph/SetScriptGraph.cs
 0.1 kb	 0.0% Packages/com.unity.visualscripting/Runtime/VisualScripting.Flow/Framework/Graph/HasScriptGraph.cs
 0.1 kb	 0.0% Packages/com.unity.visualscripting/Runtime/VisualScripting.Flow/Framework/Graph/GetScriptGraphs.cs
 0.1 kb	 0.0% Packages/com.unity.visualscripting/Runtime/VisualScripting.Flow/Framework/Graph/GetScriptGraph.cs
 0.1 kb	 0.0% Packages/com.unity.visualscripting/Runtime/VisualScripting.Flow/Framework/Events/Time/OnTimerElapsed.cs
 0.1 kb	 0.0% Packages/com.unity.visualscripting/Runtime/VisualScripting.Flow/Framework/Events/Rendering/OnBecameVisible.cs
 0.1 kb	 0.0% Packages/com.unity.visualscripting/Runtime/VisualScripting.Flow/Framework/Events/Physics2D/OnTriggerStay2D.cs
 0.1 kb	 0.0% Packages/com.unity.visualscripting/Runtime/VisualScripting.Flow/Framework/Events/Physics2D/OnTriggerExit2D.cs
 0.1 kb	 0.0% Packages/com.unity.visualscripting/Runtime/VisualScripting.Flow/Framework/Events/Physics2D/OnTriggerEnter2D.cs
 0.1 kb	 0.0% Packages/com.unity.visualscripting/Runtime/VisualScripting.Flow/Framework/Events/Physics2D/OnJointBreak2D.cs
 0.1 kb	 0.0% Packages/com.unity.visualscripting/Runtime/VisualScripting.Flow/Framework/Events/Physics/TriggerEventUnit.cs
 0.1 kb	 0.0% Packages/com.unity.visualscripting/Runtime/VisualScripting.Flow/Framework/Events/Physics/OnTriggerStay.cs
 0.1 kb	 0.0% Packages/com.unity.visualscripting/Runtime/VisualScripting.Flow/Framework/Events/Physics/OnTriggerExit.cs
 0.1 kb	 0.0% Packages/com.unity.visualscripting/Runtime/VisualScripting.Flow/Framework/Events/Physics/OnTriggerEnter.cs
 0.1 kb	 0.0% Packages/com.unity.visualscripting/Runtime/VisualScripting.Flow/Framework/Events/Physics/OnCollisionStay.cs
 0.1 kb	 0.0% Packages/com.unity.visualscripting/Runtime/VisualScripting.Flow/Framework/Events/Physics/OnCollisionExit.cs
 0.1 kb	 0.0% Packages/com.unity.visualscripting/Runtime/VisualScripting.Flow/Framework/Events/Physics/OnCollisionEnter.cs
 0.1 kb	 0.0% Packages/com.unity.visualscripting/Runtime/VisualScripting.Flow/Framework/Events/Input/OnKeyboardInput.cs
 0.1 kb	 0.0% Packages/com.unity.visualscripting/Runtime/VisualScripting.Flow/Framework/Events/Input/OnButtonInput.cs
 0.1 kb	 0.0% Packages/com.unity.visualscripting/Runtime/VisualScripting.Flow/Framework/Events/Input/IMouseEventUnit.cs
 0.1 kb	 0.0% Packages/com.unity.visualscripting/Runtime/VisualScripting.Flow/Framework/Events/GUI/PointerEventUnit.cs
 0.1 kb	 0.0% Packages/com.unity.visualscripting/Runtime/VisualScripting.Flow/Framework/Events/GUI/OnPointerExit.cs
 0.1 kb	 0.0% Packages/com.unity.visualscripting/Runtime/VisualScripting.Flow/Framework/Events/GUI/OnPointerEnter.cs
 0.1 kb	 0.0% Packages/com.unity.visualscripting/Runtime/VisualScripting.Flow/Framework/Events/GUI/OnPointerDown.cs
 0.1 kb	 0.0% Packages/com.unity.visualscripting/Runtime/VisualScripting.Flow/Framework/Events/GUI/OnPointerClick.cs
 0.1 kb	 0.0% Packages/com.unity.visualscripting/Runtime/VisualScripting.Flow/Framework/Events/GUI/OnButtonClick.cs
 0.1 kb	 0.0% Packages/com.unity.visualscripting/Runtime/VisualScripting.Flow/Framework/Events/CustomEventArgs.cs
 0.1 kb	 0.0% Packages/com.unity.visualscripting/Runtime/VisualScripting.Flow/Framework/Events/BoltUnityEvent.cs
 0.1 kb	 0.0% Packages/com.unity.visualscripting/Runtime/VisualScripting.Flow/Framework/Events/Animation/OnAnimatorMove.cs
 0.1 kb	 0.0% Packages/com.unity.visualscripting/Runtime/VisualScripting.Flow/Framework/Control/SwitchOnString.cs
 0.1 kb	 0.0% Packages/com.unity.visualscripting/Runtime/VisualScripting.Flow/Framework/Control/SwitchOnInteger.cs
 0.1 kb	 0.0% Packages/com.unity.visualscripting/Runtime/VisualScripting.Flow/Framework/Control/SelectOnString.cs
 0.1 kb	 0.0% Packages/com.unity.visualscripting/Runtime/VisualScripting.Flow/Framework/Control/SelectOnInteger.cs
 0.1 kb	 0.0% Packages/com.unity.visualscripting/Runtime/VisualScripting.Flow/Framework/Collections/Lists/RemoveListItemAt.cs
 0.1 kb	 0.0% Packages/com.unity.visualscripting/Runtime/VisualScripting.Flow/Framework/Collections/Lists/RemoveListItem.cs
 0.1 kb	 0.0% Packages/com.unity.visualscripting/Runtime/VisualScripting.Flow/Framework/Collections/Lists/ListContainsItem.cs
 0.1 kb	 0.0% Packages/com.unity.visualscripting/Runtime/VisualScripting.Flow/Framework/Collections/Lists/InsertListItem.cs
 0.1 kb	 0.0% Packages/com.unity.visualscripting/Runtime/VisualScripting.Flow/Framework/Collections/Dictionaries/CreateDictionary.cs
 0.1 kb	 0.0% Packages/com.unity.visualscripting/Runtime/VisualScripting.Flow/Framework/Collections/Dictionaries/ClearDictionary.cs
 0.1 kb	 0.0% Packages/com.unity.visualscripting/Runtime/VisualScripting.Flow/FlowGraphData.cs
 0.1 kb	 0.0% Packages/com.unity.visualscripting/Runtime/VisualScripting.Flow/EditorBinding/PortKeyAttribute.cs
 0.1 kb	 0.0% Packages/com.unity.visualscripting/Runtime/VisualScripting.Flow/Connections/ValueConnection.cs
 0.1 kb	 0.0% Packages/com.unity.visualscripting/Runtime/VisualScripting.Flow/Connections/IUnitRelation.cs
 0.1 kb	 0.0% Packages/com.unity.visualscripting/Runtime/VisualScripting.Flow/Connections/IUnitConnection.cs
 0.1 kb	 0.0% Packages/com.unity.visualscripting/Runtime/VisualScripting.Core/Variables/VariablesSaver.cs
 0.1 kb	 0.0% Packages/com.unity.visualscripting/Runtime/VisualScripting.Core/Variables/VariablesAsset.cs
 0.1 kb	 0.0% Packages/com.unity.visualscripting/Runtime/VisualScripting.Core/Variables/SceneVariables.cs
 0.1 kb	 0.0% Packages/com.unity.visualscripting/Runtime/VisualScripting.Core/Variables/SavedVariables.cs
 0.1 kb	 0.0% Packages/com.unity.visualscripting/Runtime/VisualScripting.Core/Variables/ObjectVariables.cs
 0.1 kb	 0.0% Packages/com.unity.visualscripting/Runtime/VisualScripting.Core/Utilities/StringUtility.cs
 0.1 kb	 0.0% Packages/com.unity.visualscripting/Runtime/VisualScripting.Core/Utilities/IInitializable.cs
 0.1 kb	 0.0% Packages/com.unity.visualscripting/Runtime/VisualScripting.Core/Utilities/IIdentifiable.cs
 0.1 kb	 0.0% Packages/com.unity.visualscripting/Runtime/VisualScripting.Core/Utilities/ExceptionUtility.cs
 0.1 kb	 0.0% Packages/com.unity.visualscripting/Runtime/VisualScripting.Core/Utilities/CoroutineRunner.cs
 0.1 kb	 0.0% Packages/com.unity.visualscripting/Runtime/VisualScripting.Core/Unity/LudiqBehaviour.cs
 0.1 kb	 0.0% Packages/com.unity.visualscripting/Runtime/VisualScripting.Core/Serialization/Serialization.cs
 0.1 kb	 0.0% Packages/com.unity.visualscripting/Runtime/VisualScripting.Core/Serialization/SerializableType.cs
 0.1 kb	 0.0% Packages/com.unity.visualscripting/Runtime/VisualScripting.Core/Serialization/DictionaryAsset.cs
 0.1 kb	 0.0% Packages/com.unity.visualscripting/Runtime/VisualScripting.Core/Serialization/Converters/Ray2DConverter.cs
 0.1 kb	 0.0% Packages/com.unity.visualscripting/Runtime/VisualScripting.Core/Reflection/RuntimeCodebase.cs
 0.1 kb	 0.0% Packages/com.unity.visualscripting/Runtime/VisualScripting.Core/Reflection/Operators/OperatorUtility.cs
 0.1 kb	 0.0% Packages/com.unity.visualscripting/Runtime/VisualScripting.Core/Reflection/Operators/OperatorHandler.cs
 0.1 kb	 0.0% Packages/com.unity.visualscripting/Runtime/VisualScripting.Core/Reflection/Operators/ModuloHandler.cs
 0.1 kb	 0.0% Packages/com.unity.visualscripting/Runtime/VisualScripting.Core/Reflection/Operators/LessThanHandler.cs
 0.1 kb	 0.0% Packages/com.unity.visualscripting/Runtime/VisualScripting.Core/Reflection/Operators/LeftShiftHandler.cs
 0.1 kb	 0.0% Packages/com.unity.visualscripting/Runtime/VisualScripting.Core/Reflection/Operators/IncrementHandler.cs
 0.1 kb	 0.0% Packages/com.unity.visualscripting/Runtime/VisualScripting.Core/Reflection/Operators/EqualityHandler.cs
 0.1 kb	 0.0% Packages/com.unity.visualscripting/Runtime/VisualScripting.Core/Reflection/Operators/DivisionHandler.cs
 0.1 kb	 0.0% Packages/com.unity.visualscripting/Runtime/VisualScripting.Core/Reflection/Operators/DecrementHandler.cs
 0.1 kb	 0.0% Packages/com.unity.visualscripting/Runtime/VisualScripting.Core/Reflection/Operators/AdditionHandler.cs
 0.1 kb	 0.0% Packages/com.unity.visualscripting/Runtime/VisualScripting.Core/Reflection/MemberUtility.cs
 0.1 kb	 0.0% Packages/com.unity.visualscripting/Runtime/VisualScripting.Core/Reflection/AttributeUtility.cs
 0.1 kb	 0.0% Packages/com.unity.visualscripting/Runtime/VisualScripting.Core/Profiling/ProfilingUtility.cs
 0.1 kb	 0.0% Packages/com.unity.visualscripting/Runtime/VisualScripting.Core/Profiling/ProfilingScope.cs
 0.1 kb	 0.0% Packages/com.unity.visualscripting/Runtime/VisualScripting.Core/Profiling/ProfiledSegment.cs
 0.1 kb	 0.0% Packages/com.unity.visualscripting/Runtime/VisualScripting.Core/Platforms/PlatformUtility.cs
 0.1 kb	 0.0% Packages/com.unity.visualscripting/Runtime/VisualScripting.Core/Platforms/IAotStubbable.cs
 0.1 kb	 0.0% Packages/com.unity.visualscripting/Runtime/VisualScripting.Core/Listeners/MessageListener.cs
 0.1 kb	 0.0% Packages/com.unity.visualscripting/Runtime/VisualScripting.Core/Graphs/IGraphElement.cs
 0.1 kb	 0.0% Packages/com.unity.visualscripting/Runtime/VisualScripting.Core/Graphs/IGraphDebugData.cs
 0.1 kb	 0.0% Packages/com.unity.visualscripting/Runtime/VisualScripting.Core/Graphs/GraphReference.cs
 0.1 kb	 0.0% Packages/com.unity.visualscripting/Runtime/VisualScripting.Core/Graphs/GraphInstances.cs
 0.1 kb	 0.0% Packages/com.unity.visualscripting/Runtime/VisualScripting.Core/Graphs/GraphDebugData.cs
 0.1 kb	 0.0% Packages/com.unity.visualscripting/Runtime/VisualScripting.Core/Events/IEventMachine.cs
 0.1 kb	 0.0% Packages/com.unity.visualscripting/Runtime/VisualScripting.Core/Events/EmptyEventArgs.cs
 0.1 kb	 0.0% Packages/com.unity.visualscripting/Runtime/VisualScripting.Core/Ensure/EnsureThat.Strings.cs
 0.1 kb	 0.0% Packages/com.unity.visualscripting/Runtime/VisualScripting.Core/Ensure/EnsureThat.Objects.cs
 0.1 kb	 0.0% Packages/com.unity.visualscripting/Runtime/VisualScripting.Core/Ensure/EnsureThat.Booleans.cs
 0.1 kb	 0.0% Packages/com.unity.visualscripting/Runtime/VisualScripting.Core/EditorBinding/TypeSetAttribute.cs
 0.1 kb	 0.0% Packages/com.unity.visualscripting/Runtime/VisualScripting.Core/Decorators/ValueAttribute.cs
 0.1 kb	 0.0% Packages/com.unity.visualscripting/Runtime/VisualScripting.Core/Collections/AotDictionary.cs
 0.1 kb	 0.0% Packages/com.unity.visualscripting/Runtime/VisualScripting.Core/Cloning/ISpecifiesCloner.cs
 0.1 kb	 0.0% Packages/com.unity.visualscripting/Runtime/VisualScripting.Core/Cloning/CloningContext.cs
 0.1 kb	 0.0% Packages/com.unity.visualscripting/Runtime/VisualScripting.Core/Cloning/Cloners/ReflectedCloner.cs
 0.1 kb	 0.0% Packages/com.unity.visualscripting/Runtime/VisualScripting.Core/Cloning/Cloners/GradientCloner.cs
 0.1 kb	 0.0% Packages/com.unity.visualscripting/Runtime/VisualScripting.Core/Cloning/Cloners/EnumerableCloner.cs
 0.1 kb	 0.0% Packages/com.unity.visualscripting/Runtime/VisualScripting.Core/Cloning/Cloners/DictionaryCloner.cs
 0.1 kb	 0.0% Packages/com.unity.timeline/Runtime/Utilities/TimelineCreateUtilities.cs
 0.1 kb	 0.0% Packages/com.unity.timeline/Runtime/Utilities/TimelineClipExtensions.cs
 0.1 kb	 0.0% Packages/com.unity.timeline/Runtime/Utilities/NotificationUtilities.cs
 0.1 kb	 0.0% Packages/com.unity.timeline/Runtime/Playables/PrefabControlPlayable.cs
 0.1 kb	 0.0% Packages/com.unity.timeline/Runtime/Playables/ParticleControlPlayable.cs
 0.1 kb	 0.0% Packages/com.unity.timeline/Runtime/Playables/DirectorControlPlayable.cs
 0.1 kb	 0.0% Packages/com.unity.timeline/Runtime/Events/Signals/CustomSignalEventDrawer.cs
 0.1 kb	 0.0% Packages/com.unity.timeline/Runtime/Attributes/TimelineHelpURLAttribute.cs
 0.1 kb	 0.0% Packages/com.unity.timeline/Runtime/Animation/AnimationPlayableAsset.cs
 0.1 kb	 0.0% Packages/com.unity.timeline/Runtime/Activation/ActivationPlayableAsset.cs
 0.1 kb	 0.0% Packages/com.unity.timeline/Runtime/Activation/ActivationMixerPlayable.cs
 0.1 kb	 0.0% Packages/com.unity.textmeshpro/Scripts/Runtime/TMP_ScrollbarEventHandler.cs
 0.1 kb	 0.0% Packages/com.unity.textmeshpro/Scripts/Runtime/TMP_PackageResourceImporter.cs
 0.1 kb	 0.0% Packages/com.unity.textmeshpro/Scripts/Runtime/TMP_EditorResourceManager.cs
 0.1 kb	 0.0% Packages/com.unity.test-framework/UnityEngine.TestRunner/Utils/StacktraceFilter.cs
 0.1 kb	 0.0% Packages/com.unity.test-framework/UnityEngine.TestRunner/Utils/IPrebuildSceneSetup.cs
 0.1 kb	 0.0% Packages/com.unity.test-framework/UnityEngine.TestRunner/Utils/CoroutineRunner.cs
 0.1 kb	 0.0% Packages/com.unity.test-framework/UnityEngine.TestRunner/Utils/AssemblyProvider/IAssemblyWrapper.cs
 0.1 kb	 0.0% Packages/com.unity.test-framework/UnityEngine.TestRunner/Utils/AssemblyProvider/AssemblyWrapper.cs
 0.1 kb	 0.0% Packages/com.unity.render-pipelines.core/Runtime/Volume/VolumeStack.cs
 0.1 kb	 0.0% Packages/com.unity.render-pipelines.core/Runtime/Utilities/TextureCurve.cs
 0.1 kb	 0.0% Packages/com.unity.render-pipelines.core/Runtime/Utilities/MeshGizmo.cs
 0.1 kb	 0.0% Packages/com.unity.render-pipelines.core/Runtime/Utilities/HashFNV1A32.cs
 0.1 kb	 0.0% Packages/com.unity.render-pipelines.core/Runtime/Utilities/HableCurve.cs
 0.1 kb	 0.0% Packages/com.unity.render-pipelines.core/Runtime/Utilities/CoreUtils.cs
 0.1 kb	 0.0% Packages/com.unity.render-pipelines.core/Runtime/Utilities/ColorUtils.cs
 0.1 kb	 0.0% Packages/com.unity.render-pipelines.core/Runtime/Textures/TextureXR.cs
 0.1 kb	 0.0% Packages/com.unity.render-pipelines.core/Runtime/Textures/RTHandles.cs
 0.1 kb	 0.0% Packages/com.unity.render-pipelines.core/Runtime/ShaderLibrary/Sampling/Hammersley.cs
 0.1 kb	 0.0% Packages/com.unity.render-pipelines.core/Runtime/Lighting/ProbeVolume/ProbeVolume.cs
 0.1 kb	 0.0% Packages/com.unity.render-pipelines.core/Runtime/Debugging/Prefabs/Scripts/UIFoldout.cs
 0.1 kb	 0.0% Packages/com.unity.render-pipelines.core/Runtime/Debugging/DebugUpdater.cs
 0.1 kb	 0.0% Packages/com.unity.render-pipelines.core/Runtime/Debugging/DebugUI.Panel.cs
 0.1 kb	 0.0% Packages/com.unity.render-pipelines.core/Runtime/Debugging/DebugUI.Fields.cs
 0.1 kb	 0.0% Packages/com.unity.render-pipelines.core/Runtime/Debugging/DebugShapes.cs
 0.1 kb	 0.0% Packages/com.unity.render-pipelines.core/Runtime/Debugging/DebugManager.cs
 0.1 kb	 0.0% Packages/com.unity.render-pipelines.core/Runtime/Common/XRGraphics.cs
 0.1 kb	 0.0% Packages/com.unity.render-pipelines.core/Runtime/Camera/FreeCamera.cs
 0.1 kb	 0.0% Packages/com.unity.mathematics/Unity.Mathematics/PropertyAttributes.cs
 0.1 kb	 0.0% Packages/com.unity.collections/Unity.Collections/UnsafeRingQueue.cs
 0.1 kb	 0.0% Packages/com.unity.collections/Unity.Collections/FixedStringParseMethods.cs
 0.1 kb	 0.0% Packages/com.unity.collections/Unity.Collections/FixedStringAppendMethods.cs
 0.1 kb	 0.0% Packages/com.unity.2d.spriteshape/Runtime/SpriteShapeGenerator.cs
 0.1 kb	 0.0% Packages/com.unity.visualscripting/Runtime/VisualScripting.Core/Ensure/EnsureThat.Types.cs
 0.1 kb	 0.0% Packages/com.unity.visualscripting/Runtime/VisualScripting.Core/Ensure/EnsureThat.Guids.cs
 0.1 kb	 0.0% Packages/com.unity.visualscripting/Runtime/VisualScripting.Core/Dependencies/FullSerializer/fsResult.cs
 0.1 kb	 0.0% Packages/com.unity.visualscripting/Runtime/VisualScripting.Core/Dependencies/FullSerializer/fsData.cs
 0.1 kb	 0.0% Packages/com.unity.visualscripting/Runtime/VisualScripting.Core/Dependencies/FullSerializer/fsConfig.cs
 0.1 kb	 0.0% Packages/com.unity.ugui/Runtime/UI/Core/Utility/ReflectionMethodsCache.cs
 0.1 kb	 0.0% Packages/com.unity.ugui/Runtime/UI/Core/MultipleDisplayUtilities.cs
 0.1 kb	 0.0% Packages/com.unity.ugui/Runtime/UI/Core/Layout/HorizontalLayoutGroup.cs
 0.1 kb	 0.0% Packages/com.unity.ugui/Runtime/UI/Core/IGraphicEnabledDisabled.cs
 0.1 kb	 0.0% Packages/com.unity.ugui/Runtime/UI/Core/GraphicRebuildTracker.cs
 0.1 kb	 0.0% Packages/com.unity.ugui/Runtime/UI/Core/Culling/RectangularVertexClipper.cs
 0.1 kb	 0.0% Packages/com.unity.ugui/Runtime/EventSystem/UIElements/PanelEventHandler.cs
 0.1 kb	 0.0% Packages/com.unity.ugui/Runtime/EventSystem/Raycasters/Physics2DRaycaster.cs
 0.1 kb	 0.0% Packages/com.unity.ugui/Runtime/EventSystem/InputModules/PointerInputModule.cs
 0.1 kb	 0.0% Packages/com.unity.timeline/Runtime/TimelineAttributes.cs
 0.1 kb	 0.0% Packages/com.unity.timeline/Runtime/Playables/BasicScriptPlayable.cs
 0.1 kb	 0.0% Packages/com.unity.test-framework/UnityEngine.TestRunner/Utils/ITestRunCallback.cs
 0.1 kb	 0.0% Packages/com.unity.test-framework/UnityEngine.TestRunner/Utils/AttributeHelper.cs
 0.1 kb	 0.0% Packages/com.unity.test-framework/UnityEngine.TestRunner/NUnitExtensions/Attributes/TestEnumerator.cs
 0.1 kb	 0.0% Packages/com.unity.test-framework/UnityEngine.TestRunner/Assertions/LogScope/ILogScope.cs
 0.1 kb	 0.0% Packages/com.unity.render-pipelines.universal/Editor/ShaderGUI/MaterialAssemblyReference/RawRenderQueue.cs
 0.1 kb	 0.0% Packages/com.unity.render-pipelines.core/ShaderLibrary/DummyShaderLibrary.cs
 0.1 kb	 0.0% Packages/com.unity.render-pipelines.core/Runtime/Utilities/BitArray.cs
 0.1 kb	 0.0% Packages/com.unity.render-pipelines.core/Runtime/Inputs/InputRegistering.cs
 0.1 kb	 0.0% Packages/com.unity.collections/Unity.Collections/UnsafeText.cs
 0.1 kb	 0.0% Packages/com.unity.collections/Unity.Collections/UnsafeStream.cs
 0.1 kb	 0.0% Packages/com.unity.collections/Unity.Collections/UnsafeList.cs
 0.1 kb	 0.0% Packages/com.unity.collections/Unity.Collections/RewindableAllocator.cs
 0.1 kb	 0.0% Packages/com.unity.collections/Unity.Collections/FixedStringMethods.cs
 0.1 kb	 0.0% Packages/com.unity.collections/Unity.Collections/Deprecated.cs
 0.1 kb	 0.0% Packages/com.unity.cinemachine/Runtime/Impulse/CinemachineImpulseManager.cs
 0.1 kb	 0.0% Packages/com.unity.cinemachine/Runtime/Impulse/CinemachineImpulseListener.cs
 0.1 kb	 0.0% Packages/com.unity.cinemachine/Runtime/Impulse/CinemachineImpulseDefinition.cs
 0.1 kb	 0.0% Packages/com.unity.cinemachine/Runtime/Core/UnityVectorExtensions.cs
 0.1 kb	 0.0% Packages/com.unity.cinemachine/Runtime/Core/CinemachineVirtualCameraBase.cs
 0.1 kb	 0.0% Packages/com.unity.cinemachine/Runtime/Core/CinemachinePropertyAttribute.cs
 0.1 kb	 0.0% Packages/com.unity.cinemachine/Runtime/Core/CinemachineInputAxisDriver.cs
 0.1 kb	 0.0% Packages/com.unity.cinemachine/Runtime/Core/CinemachineBlenderSettings.cs
 0.1 kb	 0.0% Packages/com.unity.cinemachine/Runtime/Components/CinemachineOrbitalTransposer.cs
 0.1 kb	 0.0% Packages/com.unity.cinemachine/Runtime/Components/CinemachineHardLockToTarget.cs
 0.1 kb	 0.0% Packages/com.unity.cinemachine/Runtime/Components/CinemachineFramingTransposer.cs
 0.1 kb	 0.0% Packages/com.unity.cinemachine/Runtime/Components/Cinemachine3rdPersonFollow.cs
 0.1 kb	 0.0% Packages/com.unity.cinemachine/Runtime/Behaviours/CinemachineStateDrivenCamera.cs
 0.1 kb	 0.0% Packages/com.unity.cinemachine/Runtime/Behaviours/CinemachineExternalCamera.cs
 0.1 kb	 0.0% Packages/com.unity.cinemachine/Runtime/Behaviours/CinemachineBlendListCamera.cs
 0.1 kb	 0.0% Packages/com.unity.burst/Runtime/CompilerServices/AssumeRangeAttribute.cs
 0.1 kb	 0.0% Packages/com.unity.2d.spriteshape/Runtime/External/LibTessDotNet/Sweep.cs
 0.1 kb	 0.0% Packages/com.unity.2d.pixel-perfect/Runtime/PixelPerfectCamera.cs
 0.1 kb	 0.0% Packages/com.unity.2d.animation/Runtime/SpriteSkin.cs
 0.1 kb	 0.0% Packages/com.unity.2d.animation/Runtime/IconUtility.cs
 0.1 kb	 0.0% Packages/com.unity.visualscripting/Runtime/VisualScripting.State/SuperState.cs
 0.1 kb	 0.0% Packages/com.unity.visualscripting/Runtime/VisualScripting.State/StateUnit.cs
 0.1 kb	 0.0% Packages/com.unity.visualscripting/Runtime/VisualScripting.State/StateMachine.cs
 0.1 kb	 0.0% Packages/com.unity.visualscripting/Runtime/VisualScripting.State/StateGraph.cs
 0.1 kb	 0.0% Packages/com.unity.visualscripting/Runtime/VisualScripting.State/OnExitState.cs
 0.1 kb	 0.0% Packages/com.unity.visualscripting/Runtime/VisualScripting.State/OnEnterState.cs
 0.1 kb	 0.0% Packages/com.unity.visualscripting/Runtime/VisualScripting.State/INesterState.cs
 0.1 kb	 0.0% Packages/com.unity.visualscripting/Runtime/VisualScripting.State/FlowState.cs
 0.1 kb	 0.0% Packages/com.unity.visualscripting/Runtime/VisualScripting.Flow/UnitCategory.cs
 0.1 kb	 0.0% Packages/com.unity.visualscripting/Runtime/VisualScripting.Flow/SubgraphUnit.cs
 0.1 kb	 0.0% Packages/com.unity.visualscripting/Runtime/VisualScripting.Flow/Ports/ValueOutput.cs
 0.1 kb	 0.0% Packages/com.unity.visualscripting/Runtime/VisualScripting.Flow/Ports/ValueInput.cs
 0.1 kb	 0.0% Packages/com.unity.visualscripting/Runtime/VisualScripting.Flow/Ports/InvalidInput.cs
 0.1 kb	 0.0% Packages/com.unity.visualscripting/Runtime/VisualScripting.Flow/Ports/IUnitPort.cs
 0.1 kb	 0.0% Packages/com.unity.visualscripting/Runtime/VisualScripting.Flow/Ports/ControlInput.cs
 0.1 kb	 0.0% Packages/com.unity.visualscripting/Runtime/VisualScripting.Flow/INesterUnit.cs
 0.1 kb	 0.0% Packages/com.unity.visualscripting/Runtime/VisualScripting.Flow/Framework/Variables/SetVariable.cs
 0.1 kb	 0.0% Packages/com.unity.visualscripting/Runtime/VisualScripting.Flow/Framework/Variables/Obsolete/VariableUnit.cs
 0.1 kb	 0.0% Packages/com.unity.visualscripting/Runtime/VisualScripting.Flow/Framework/Variables/GetVariable.cs
 0.1 kb	 0.0% Packages/com.unity.visualscripting/Runtime/VisualScripting.Flow/Framework/Time/WaitForFlow.cs
 0.1 kb	 0.0% Packages/com.unity.visualscripting/Runtime/VisualScripting.Flow/Framework/Nulls/NullCoalesce.cs
 0.1 kb	 0.0% Packages/com.unity.visualscripting/Runtime/VisualScripting.Flow/Framework/Nulls/NullCheck.cs
 0.1 kb	 0.0% Packages/com.unity.visualscripting/Runtime/VisualScripting.Flow/Framework/Nesting/GraphOutput.cs
 0.1 kb	 0.0% Packages/com.unity.visualscripting/Runtime/VisualScripting.Flow/Framework/Nesting/GraphInput.cs
 0.1 kb	 0.0% Packages/com.unity.visualscripting/Runtime/VisualScripting.Flow/Framework/MissingType.cs
 0.1 kb	 0.0% Packages/com.unity.visualscripting/Runtime/VisualScripting.Flow/Framework/Math/Vector4/Vector4Sum.cs
 0.1 kb	 0.0% Packages/com.unity.visualscripting/Runtime/VisualScripting.Flow/Framework/Math/Vector4/Vector4Round.cs
 0.1 kb	 0.0% Packages/com.unity.visualscripting/Runtime/VisualScripting.Flow/Framework/Math/Vector4/Vector4Lerp.cs
 0.1 kb	 0.0% Packages/com.unity.visualscripting/Runtime/VisualScripting.Flow/Framework/Math/Vector3/Vector3Sum.cs
 0.1 kb	 0.0% Packages/com.unity.visualscripting/Runtime/VisualScripting.Flow/Framework/Math/Vector3/Vector3Round.cs
 0.1 kb	 0.0% Packages/com.unity.visualscripting/Runtime/VisualScripting.Flow/Framework/Math/Vector3/Vector3Lerp.cs
 0.1 kb	 0.0% Packages/com.unity.visualscripting/Runtime/VisualScripting.Flow/Framework/Math/Vector3/Vector3Angle.cs
 0.1 kb	 0.0% Packages/com.unity.visualscripting/Runtime/VisualScripting.Flow/Framework/Math/Vector2/Vector2Sum.cs
 0.1 kb	 0.0% Packages/com.unity.visualscripting/Runtime/VisualScripting.Flow/Framework/Math/Vector2/Vector2Round.cs
 0.1 kb	 0.0% Packages/com.unity.visualscripting/Runtime/VisualScripting.Flow/Framework/Math/Vector2/Vector2Lerp.cs
 0.1 kb	 0.0% Packages/com.unity.visualscripting/Runtime/VisualScripting.Flow/Framework/Math/Vector2/Vector2Angle.cs
 0.1 kb	 0.0% Packages/com.unity.visualscripting/Runtime/VisualScripting.Flow/Framework/Math/Scalar/ScalarSum.cs
 0.1 kb	 0.0% Packages/com.unity.visualscripting/Runtime/VisualScripting.Flow/Framework/Math/Scalar/ScalarRound.cs
 0.1 kb	 0.0% Packages/com.unity.visualscripting/Runtime/VisualScripting.Flow/Framework/Math/Scalar/ScalarRoot.cs
 0.1 kb	 0.0% Packages/com.unity.visualscripting/Runtime/VisualScripting.Flow/Framework/Math/Scalar/ScalarModulo.cs
 0.1 kb	 0.0% Packages/com.unity.visualscripting/Runtime/VisualScripting.Flow/Framework/Math/Scalar/ScalarLerp.cs
 0.1 kb	 0.0% Packages/com.unity.visualscripting/Runtime/VisualScripting.Flow/Framework/Math/Scalar/ScalarDivide.cs
 0.1 kb	 0.0% Packages/com.unity.visualscripting/Runtime/VisualScripting.Flow/Framework/Math/Generic/GenericSum.cs
 0.1 kb	 0.0% Packages/com.unity.visualscripting/Runtime/VisualScripting.Flow/Framework/Logic/LessOrEqual.cs
 0.1 kb	 0.0% Packages/com.unity.visualscripting/Runtime/VisualScripting.Flow/Framework/Logic/ExclusiveOr.cs
 0.1 kb	 0.0% Packages/com.unity.visualscripting/Runtime/VisualScripting.Flow/Framework/Logic/Comparison.cs
 0.1 kb	 0.0% Packages/com.unity.visualscripting/Runtime/VisualScripting.Flow/Framework/Events/Physics/OnJointBreak.cs
 0.1 kb	 0.0% Packages/com.unity.visualscripting/Runtime/VisualScripting.Flow/Framework/Events/Lifecycle/OnDisable.cs
 0.1 kb	 0.0% Packages/com.unity.visualscripting/Runtime/VisualScripting.Flow/Framework/Events/Lifecycle/OnDestroy.cs
 0.1 kb	 0.0% Packages/com.unity.visualscripting/Runtime/VisualScripting.Flow/Framework/Events/Lifecycle/LateUpdate.cs
 0.1 kb	 0.0% Packages/com.unity.visualscripting/Runtime/VisualScripting.Flow/Framework/Events/Lifecycle/FixedUpdate.cs
 0.1 kb	 0.0% Packages/com.unity.visualscripting/Runtime/VisualScripting.Flow/Framework/Events/Input/OnMouseUp.cs
 0.1 kb	 0.0% Packages/com.unity.visualscripting/Runtime/VisualScripting.Flow/Framework/Events/Input/OnMouseOver.cs
 0.1 kb	 0.0% Packages/com.unity.visualscripting/Runtime/VisualScripting.Flow/Framework/Events/Input/OnMouseInput.cs
 0.1 kb	 0.0% Packages/com.unity.visualscripting/Runtime/VisualScripting.Flow/Framework/Events/Input/OnMouseExit.cs
 0.1 kb	 0.0% Packages/com.unity.visualscripting/Runtime/VisualScripting.Flow/Framework/Events/Input/OnMouseEnter.cs
 0.1 kb	 0.0% Packages/com.unity.visualscripting/Runtime/VisualScripting.Flow/Framework/Events/Input/OnMouseDrag.cs
 0.1 kb	 0.0% Packages/com.unity.visualscripting/Runtime/VisualScripting.Flow/Framework/Events/Input/OnMouseDown.cs
 0.1 kb	 0.0% Packages/com.unity.visualscripting/Runtime/VisualScripting.Flow/Framework/Events/IEventUnit.cs
 0.1 kb	 0.0% Packages/com.unity.visualscripting/Runtime/VisualScripting.Flow/Framework/Events/GUI/OnPointerUp.cs
 0.1 kb	 0.0% Packages/com.unity.visualscripting/Runtime/VisualScripting.Flow/Framework/Events/GUI/OnEndDrag.cs
 0.1 kb	 0.0% Packages/com.unity.visualscripting/Runtime/VisualScripting.Flow/Framework/Events/GUI/OnDeselect.cs
 0.1 kb	 0.0% Packages/com.unity.visualscripting/Runtime/VisualScripting.Flow/Framework/Events/GUI/OnBeginDrag.cs
 0.1 kb	 0.0% Packages/com.unity.visualscripting/Runtime/VisualScripting.Flow/Framework/Events/Editor/OnDrawGizmos.cs
 0.1 kb	 0.0% Packages/com.unity.visualscripting/Runtime/VisualScripting.Flow/Framework/Events/CustomEvent.cs
 0.1 kb	 0.0% Packages/com.unity.visualscripting/Runtime/VisualScripting.Flow/Framework/Events/Animation/OnAnimatorIK.cs
 0.1 kb	 0.0% Packages/com.unity.visualscripting/Runtime/VisualScripting.Flow/Framework/Control/ToggleValue.cs
 0.1 kb	 0.0% Packages/com.unity.visualscripting/Runtime/VisualScripting.Flow/Framework/Control/ToggleFlow.cs
 0.1 kb	 0.0% Packages/com.unity.visualscripting/Runtime/VisualScripting.Flow/Framework/Control/SwitchOnEnum.cs
 0.1 kb	 0.0% Packages/com.unity.visualscripting/Runtime/VisualScripting.Flow/Framework/Control/SelectUnit_T.cs
 0.1 kb	 0.0% Packages/com.unity.visualscripting/Runtime/VisualScripting.Flow/Framework/Control/SelectUnit.cs
 0.1 kb	 0.0% Packages/com.unity.visualscripting/Runtime/VisualScripting.Flow/Framework/Control/SelectOnFlow.cs
 0.1 kb	 0.0% Packages/com.unity.visualscripting/Runtime/VisualScripting.Flow/Framework/Control/SelectOnEnum.cs
 0.1 kb	 0.0% Packages/com.unity.visualscripting/Runtime/VisualScripting.Flow/Framework/Control/ISelectUnit.cs
 0.1 kb	 0.0% Packages/com.unity.visualscripting/Runtime/VisualScripting.Flow/Framework/Control/IBranchUnit.cs
 0.1 kb	 0.0% Packages/com.unity.visualscripting/Runtime/VisualScripting.Flow/Framework/Collections/Lists/SetListItem.cs
 0.1 kb	 0.0% Packages/com.unity.visualscripting/Runtime/VisualScripting.Flow/Framework/Collections/Lists/MergeLists.cs
 0.1 kb	 0.0% Packages/com.unity.visualscripting/Runtime/VisualScripting.Flow/Framework/Collections/Lists/GetListItem.cs
 0.1 kb	 0.0% Packages/com.unity.visualscripting/Runtime/VisualScripting.Flow/Framework/Collections/Lists/CreateList.cs
 0.1 kb	 0.0% Packages/com.unity.visualscripting/Runtime/VisualScripting.Flow/Framework/Collections/Lists/ClearList.cs
 0.1 kb	 0.0% Packages/com.unity.visualscripting/Runtime/VisualScripting.Flow/Framework/Collections/Lists/AddListItem.cs
 0.1 kb	 0.0% Packages/com.unity.visualscripting/Runtime/VisualScripting.Flow/Framework/Collections/FirstItem.cs
 0.1 kb	 0.0% Packages/com.unity.visualscripting/Runtime/VisualScripting.Flow/Framework/Collections/CountItems.cs
 0.1 kb	 0.0% Packages/com.unity.visualscripting/Runtime/VisualScripting.Flow/Framework/Codebase/SetMember.cs
 0.1 kb	 0.0% Packages/com.unity.visualscripting/Runtime/VisualScripting.Flow/Framework/Codebase/MemberUnit.cs
 0.1 kb	 0.0% Packages/com.unity.visualscripting/Runtime/VisualScripting.Flow/Framework/Codebase/InvokeMember.cs
 0.1 kb	 0.0% Packages/com.unity.visualscripting/Runtime/VisualScripting.Flow/Framework/Codebase/GetMember.cs
 0.1 kb	 0.0% Packages/com.unity.visualscripting/Runtime/VisualScripting.Flow/Framework/Codebase/CreateStruct.cs
 0.1 kb	 0.0% Packages/com.unity.visualscripting/Runtime/VisualScripting.Flow/FlowGraph.cs
 0.1 kb	 0.0% Packages/com.unity.visualscripting/Runtime/VisualScripting.Flow/Connections/UnitRelation.cs
 0.1 kb	 0.0% Packages/com.unity.visualscripting/Runtime/VisualScripting.Core/Variables/Variables.cs
 0.1 kb	 0.0% Packages/com.unity.visualscripting/Runtime/VisualScripting.Core/Utilities/Recursion.cs
 0.1 kb	 0.0% Packages/com.unity.visualscripting/Runtime/VisualScripting.Core/Utilities/LinqUtility.cs
 0.1 kb	 0.0% Packages/com.unity.visualscripting/Runtime/VisualScripting.Core/Utilities/IGettable.cs
 0.1 kb	 0.0% Packages/com.unity.visualscripting/Runtime/VisualScripting.Core/Utilities/HashUtility.cs
 0.1 kb	 0.0% Packages/com.unity.visualscripting/Runtime/VisualScripting.Core/Utilities/EnumUtility.cs
 0.1 kb	 0.0% Packages/com.unity.visualscripting/Runtime/VisualScripting.Core/Unity/UnityThread.cs
 0.1 kb	 0.0% Packages/com.unity.visualscripting/Runtime/VisualScripting.Core/Unity/ISingleton.cs
 0.1 kb	 0.0% Packages/com.unity.visualscripting/Runtime/VisualScripting.Core/Unity/IGizmoDrawer.cs
 0.1 kb	 0.0% Packages/com.unity.visualscripting/Runtime/VisualScripting.Core/StickyNote/StickyNote.cs
 0.1 kb	 0.0% Packages/com.unity.visualscripting/Runtime/VisualScripting.Core/Serialization/Converters/RayConverter.cs
 0.1 kb	 0.0% Packages/com.unity.visualscripting/Runtime/VisualScripting.Core/Reflection/TypeUtility.cs
 0.1 kb	 0.0% Packages/com.unity.visualscripting/Runtime/VisualScripting.Core/Reflection/TypeFilter.cs
 0.1 kb	 0.0% Packages/com.unity.visualscripting/Runtime/VisualScripting.Core/Reflection/Optimization/InvokerBase.cs
 0.1 kb	 0.0% Packages/com.unity.visualscripting/Runtime/VisualScripting.Core/Reflection/Operators/PlusHandler.cs
 0.1 kb	 0.0% Packages/com.unity.visualscripting/Runtime/VisualScripting.Core/Reflection/Operators/OrHandler.cs
 0.1 kb	 0.0% Packages/com.unity.visualscripting/Runtime/VisualScripting.Core/Reflection/Operators/AndHandler.cs
 0.1 kb	 0.0% Packages/com.unity.visualscripting/Runtime/VisualScripting.Core/Reflection/Namespace.cs
 0.1 kb	 0.0% Packages/com.unity.visualscripting/Runtime/VisualScripting.Core/Reflection/MemberFilter.cs
 0.1 kb	 0.0% Packages/com.unity.visualscripting/Runtime/VisualScripting.Core/Reflection/IPrewarmable.cs
 0.1 kb	 0.0% Packages/com.unity.visualscripting/Runtime/VisualScripting.Core/Pooling/IPoolable.cs
 0.1 kb	 0.0% Packages/com.unity.visualscripting/Runtime/VisualScripting.Core/Groups/GraphGroup.cs
 0.1 kb	 0.0% Packages/com.unity.visualscripting/Runtime/VisualScripting.Core/Graphs/IGraphRoot.cs
 0.1 kb	 0.0% Packages/com.unity.visualscripting/Runtime/VisualScripting.Core/Graphs/IGraphParent.cs
 0.1 kb	 0.0% Packages/com.unity.visualscripting/Runtime/VisualScripting.Core/Graphs/IGraphNester.cs
 0.1 kb	 0.0% Packages/com.unity.visualscripting/Runtime/VisualScripting.Core/Graphs/IGraphNest.cs
 0.1 kb	 0.0% Packages/com.unity.visualscripting/Runtime/VisualScripting.Core/Graphs/IGraphItem.cs
 0.1 kb	 0.0% Packages/com.unity.visualscripting/Runtime/VisualScripting.Core/Graphs/IGraphData.cs
 0.1 kb	 0.0% Packages/com.unity.visualscripting/Runtime/VisualScripting.Core/Graphs/GraphStack.cs
 0.1 kb	 0.0% Packages/com.unity.visualscripting/Runtime/VisualScripting.Core/Graphs/GraphPointer.cs
 0.1 kb	 0.0% Packages/com.unity.visualscripting/Runtime/VisualScripting.Core/Exceptions/DebugUtility.cs
 0.1 kb	 0.0% Packages/com.unity.visualscripting/Runtime/VisualScripting.Core/Events/IEventGraph.cs
 0.1 kb	 0.0% Packages/com.unity.visualscripting/Runtime/VisualScripting.Core/Events/EventHooks.cs
 0.1 kb	 0.0% Packages/com.unity.visualscripting/Runtime/VisualScripting.Core/Events/EventHook.cs
 0.1 kb	 0.0% Packages/com.unity.visualscripting/Runtime/VisualScripting.Core/Ensure/Extensions/XComparable.cs
 0.1 kb	 0.0% Packages/com.unity.visualscripting/Runtime/VisualScripting.Core/Ensure/EnsureThat.cs
 0.1 kb	 0.0% Packages/com.unity.visualscripting/Runtime/VisualScripting.Core/Cloning/Cloners/ListCloner.cs
 0.1 kb	 0.0% Packages/com.unity.visualscripting/Runtime/VisualScripting.Core/Cloning/Cloners/FieldsCloner.cs
 0.1 kb	 0.0% Packages/com.unity.visualscripting/Runtime/VisualScripting.Core/Cloning/Cloners/ArrayCloner.cs
 0.1 kb	 0.0% Packages/com.unity.ugui/Runtime/UI/Animation/CoroutineTween.cs
 0.1 kb	 0.0% Packages/com.unity.ugui/Runtime/EventSystem/EventInterfaces.cs
 0.1 kb	 0.0% Packages/com.unity.timeline/Runtime/Utilities/IPropertyCollector.cs
 0.1 kb	 0.0% Packages/com.unity.timeline/Runtime/Utilities/AnimatorBindingCache.cs
 0.1 kb	 0.0% Packages/com.unity.timeline/Runtime/Playables/TimeControlPlayable.cs
 0.1 kb	 0.0% Packages/com.unity.timeline/Runtime/Evaluation/ScheduleRuntimeClip.cs
 0.1 kb	 0.0% Packages/com.unity.timeline/Runtime/Evaluation/InfiniteRuntimeClip.cs
 0.1 kb	 0.0% Packages/com.unity.timeline/Runtime/Control/ControlPlayableAsset.cs
 0.1 kb	 0.0% Packages/com.unity.timeline/Runtime/Audio/AudioPlayableAsset.cs
 0.1 kb	 0.0% Packages/com.unity.timeline/Runtime/Audio/AudioMixerProperties.cs
 0.1 kb	 0.0% Packages/com.unity.timeline/Runtime/Audio/AudioClipProperties.cs
 0.1 kb	 0.0% Packages/com.unity.timeline/Runtime/Attributes/TrackColorAttribute.cs
 0.1 kb	 0.0% Packages/com.unity.textmeshpro/Scripts/Runtime/TMPro_ExtensionMethods.cs
 0.1 kb	 0.0% Packages/com.unity.textmeshpro/Scripts/Runtime/TMP_TextParsingUtilities.cs
 0.1 kb	 0.0% Packages/com.unity.textmeshpro/Scripts/Runtime/TMP_TextElement_Legacy.cs
 0.1 kb	 0.0% Packages/com.unity.textmeshpro/Scripts/Runtime/TMP_FontAssetUtilities.cs
 0.1 kb	 0.0% Packages/com.unity.textmeshpro/Scripts/Runtime/MaterialReferenceManager.cs
 0.1 kb	 0.0% Packages/com.unity.render-pipelines.core/Runtime/Volume/Volume.cs
 0.1 kb	 0.0% Packages/com.unity.render-pipelines.core/Runtime/Volume/IVolume.cs
 0.1 kb	 0.0% Packages/com.unity.render-pipelines.core/Runtime/Utilities/XRUtils.cs
 0.1 kb	 0.0% Packages/com.unity.render-pipelines.core/Runtime/Utilities/FSRUtils.cs
 0.1 kb	 0.0% Packages/com.unity.render-pipelines.core/Runtime/Utilities/Blitter.cs
 0.1 kb	 0.0% Packages/com.unity.render-pipelines.core/Runtime/Textures/RTHandle.cs
 0.1 kb	 0.0% Packages/com.unity.render-pipelines.core/Runtime/Debugging/DebugUI.cs
 0.1 kb	 0.0% Packages/com.unity.collections/Unity.Collections/NativeQueue.cs
 0.1 kb	 0.0% Packages/com.unity.collections/Unity.Collections/FixedStringFormat.gen.cs
 0.1 kb	 0.0% Packages/com.unity.collections/Unity.Collections/Attributes.cs
 0.1 kb	 0.0% Packages/com.unity.2d.tilemap.extras/Runtime/Tiles/RuleOverrideTile/RuleOverrideTile.cs
 0.1 kb	 0.0% Packages/com.unity.2d.tilemap.extras/Runtime/Tiles/IsometricRuleTile/IsometricRuleTile.cs
 0.1 kb	 0.0% Packages/com.unity.2d.tilemap.extras/Runtime/Tiles/HexagonalRuleTile/HexagonalRuleTile.cs
 0.1 kb	 0.0% Packages/com.unity.2d.tilemap.extras/Runtime/GridInformation/GridInformation.cs
 0.1 kb	 0.0% Packages/com.unity.2d.spriteshape/Runtime/SpriteShapeGeometryCache.cs
 0.1 kb	 0.0% Packages/com.unity.2d.spriteshape/Runtime/SplineUtility.cs
 0.1 kb	 0.0% Packages/com.unity.2d.spriteshape/Runtime/External/LibTessDotNet/Tess.cs
 0.1 kb	 0.0% Packages/com.unity.2d.spriteshape/Runtime/External/LibTessDotNet/Mesh.cs
 0.1 kb	 0.0% Packages/com.unity.2d.spriteshape/Runtime/External/LibTessDotNet/Geom.cs
 0.1 kb	 0.0% Packages/com.unity.2d.spriteshape/Runtime/BezierUtility.cs
 0.1 kb	 0.0% Packages/com.unity.2d.common/Runtime/UTess2D/Tessellator.cs
 0.1 kb	 0.0% Packages/com.unity.2d.common/Runtime/UTess2D/PlanarGraph.cs
 0.1 kb	 0.0% Packages/com.unity.ugui/Runtime/UI/Core/SetPropertyUtility.cs
 0.1 kb	 0.0% Packages/com.unity.ugui/Runtime/UI/Core/MaterialModifiers/IMaterialModifier.cs
 0.1 kb	 0.0% Packages/com.unity.ugui/Runtime/UI/Core/Layout/VerticalLayoutGroup.cs
 0.1 kb	 0.0% Packages/com.unity.ugui/Runtime/UI/Core/Layout/ContentSizeFitter.cs
 0.1 kb	 0.0% Packages/com.unity.ugui/Runtime/UI/Core/Layout/AspectRatioFitter.cs
 0.1 kb	 0.0% Packages/com.unity.ugui/Runtime/UI/Core/FontUpdateTracker.cs
 0.1 kb	 0.0% Packages/com.unity.ugui/Runtime/UI/Core/CanvasUpdateRegistry.cs
 0.1 kb	 0.0% Packages/com.unity.ugui/Runtime/UI/Core/AnimationTriggers.cs
 0.1 kb	 0.0% Packages/com.unity.ugui/Runtime/EventSystem/UIElements/PanelRaycaster.cs
 0.1 kb	 0.0% Packages/com.unity.ugui/Runtime/EventSystem/Raycasters/PhysicsRaycaster.cs
 0.1 kb	 0.0% Packages/com.unity.ugui/Runtime/EventSystem/Raycasters/BaseRaycaster.cs
 0.1 kb	 0.0% Packages/com.unity.ugui/Runtime/EventSystem/RaycasterManager.cs
 0.1 kb	 0.0% Packages/com.unity.ugui/Runtime/EventSystem/RaycastResult.cs
 0.1 kb	 0.0% Packages/com.unity.ugui/Runtime/EventSystem/InputModules/TouchInputModule.cs
 0.1 kb	 0.0% Packages/com.unity.ugui/Runtime/EventSystem/InputModules/BaseInputModule.cs
 0.1 kb	 0.0% Packages/com.unity.ugui/Runtime/EventSystem/ExecuteEvents.cs
 0.1 kb	 0.0% Packages/com.unity.ugui/Runtime/EventSystem/EventData/PointerEventData.cs
 0.1 kb	 0.0% Packages/com.unity.ugui/Runtime/EventSystem/EventData/BaseEventData.cs
 0.1 kb	 0.0% Packages/com.unity.ugui/Runtime/EventSystem/EventData/AxisEventData.cs
 0.1 kb	 0.0% Packages/com.unity.timeline/Runtime/Extensions/TrackExtensions.cs
 0.1 kb	 0.0% Packages/com.unity.timeline/Runtime/ClipCaps.cs
 0.1 kb	 0.0% Packages/com.unity.textmeshpro/Scripts/Runtime/TMP_TextProcessingStack.cs
 0.1 kb	 0.0% Packages/com.unity.textmeshpro/Scripts/Runtime/TMP_FontFeaturesCommon.cs
 0.1 kb	 0.0% Packages/com.unity.test-framework/UnityEngine.TestRunner/Assertions/LogScope/LogScope.cs
 0.1 kb	 0.0% Packages/com.unity.test-framework/UnityEngine.TestRunner/Assertions/LogScope/LogMatch.cs
 0.1 kb	 0.0% Packages/com.unity.test-framework/UnityEngine.TestRunner/Assertions/LogScope/LogEvent.cs
 0.1 kb	 0.0% Packages/com.unity.test-framework/UnityEngine.TestRunner/Assertions/LogAssert.cs
 0.1 kb	 0.0% Packages/com.unity.render-pipelines.core/Runtime/Lights/LightAnchor.cs
 0.1 kb	 0.0% Packages/com.unity.mathematics/Unity.Mathematics/rigid_transform.cs
 0.1 kb	 0.0% Packages/com.unity.mathematics/Unity.Mathematics/math_unity_conversion.cs
 0.1 kb	 0.0% Packages/com.unity.mathematics/Unity.Mathematics/Geometry/MinMaxAABB.cs
 0.1 kb	 0.0% Packages/com.unity.collections/Unity.Collections/xxHash3.StreamingState.cs
 0.1 kb	 0.0% Packages/com.unity.collections/Unity.Collections/NativeSort.cs
 0.1 kb	 0.0% Packages/com.unity.collections/Unity.Collections/NativeBitArray.cs
 0.1 kb	 0.0% Packages/com.unity.collections/Unity.Collections/ListExtensions.cs
 0.1 kb	 0.0% Packages/com.unity.collections/Unity.Collections/FixedStringUtils.cs
 0.1 kb	 0.0% Packages/com.unity.collections/Unity.Collections/ConcurrentMask.cs
 0.1 kb	 0.0% Packages/com.unity.collections/Unity.Collections/CollectionHelper.cs
 0.1 kb	 0.0% Packages/com.unity.collections/Unity.Collections/AllocatorManager.cs
 0.1 kb	 0.0% Packages/com.unity.cinemachine/Runtime/Impulse/CinemachineImpulseSource.cs
 0.1 kb	 0.0% Packages/com.unity.cinemachine/Runtime/Impulse/CinemachineFixedSignal.cs
 0.1 kb	 0.0% Packages/com.unity.cinemachine/Runtime/Helpers/GroupWeightManipulator.cs
 0.1 kb	 0.0% Packages/com.unity.cinemachine/Runtime/Helpers/CinemachineTriggerAction.cs
 0.1 kb	 0.0% Packages/com.unity.cinemachine/Runtime/Helpers/CinemachineInputProvider.cs
 0.1 kb	 0.0% Packages/com.unity.cinemachine/Runtime/Core/CinemachineComponentBase.cs
 0.1 kb	 0.0% Packages/com.unity.cinemachine/Runtime/Components/CinemachineTransposer.cs
 0.1 kb	 0.0% Packages/com.unity.cinemachine/Runtime/Components/CinemachineTrackedDolly.cs
 0.1 kb	 0.0% Packages/com.unity.cinemachine/Runtime/Components/CinemachineHardLookAt.cs
 0.1 kb	 0.0% Packages/com.unity.cinemachine/Runtime/Components/CinemachineGroupComposer.cs
 0.1 kb	 0.0% Packages/com.unity.cinemachine/Runtime/Behaviours/CinemachineVirtualCamera.cs
 0.1 kb	 0.0% Packages/com.unity.cinemachine/Runtime/Behaviours/CinemachineTargetGroup.cs
 0.1 kb	 0.0% Packages/com.unity.cinemachine/Runtime/Behaviours/CinemachineStoryboard.cs
 0.1 kb	 0.0% Packages/com.unity.cinemachine/Runtime/Behaviours/CinemachineSmoothPath.cs
 0.1 kb	 0.0% Packages/com.unity.cinemachine/Runtime/Behaviours/CinemachinePixelPerfect.cs
 0.1 kb	 0.0% Packages/com.unity.cinemachine/Runtime/Behaviours/CinemachineMixingCamera.cs
 0.1 kb	 0.0% Packages/com.unity.cinemachine/Runtime/Behaviours/CinemachineFollowZoom.cs
 0.1 kb	 0.0% Packages/com.unity.cinemachine/Runtime/Behaviours/CinemachineConfiner2D.cs
 0.1 kb	 0.0% Packages/com.unity.cinemachine/Runtime/Behaviours/Cinemachine3rdPersonAim.cs
 0.1 kb	 0.0% Packages/com.unity.burst/Runtime/SafeStringArrayHelper.cs
 0.1 kb	 0.0% Packages/com.unity.burst/Runtime/Editor/BurstEditorOptions.cs
 0.1 kb	 0.0% Packages/com.unity.burst/Runtime/Editor/BurstCompileTarget.cs
 0.1 kb	 0.0% Packages/com.unity.burst/Runtime/Editor/BurstAssemblyDisable.cs
 0.1 kb	 0.0% Packages/com.unity.burst/Runtime/BurstCompileAttribute.cs
 0.1 kb	 0.0% Packages/com.unity.2d.animation/IK/Runtime/FabrikSolver2D.cs
 0.1 kb	 0.0% Assets/scripts/ContadorMunicionSeleccionado.cs
 0.1 kb	 0.0% Packages/com.unity.visualscripting/Runtime/VisualScripting.State/State.cs
 0.1 kb	 0.0% Packages/com.unity.visualscripting/Runtime/VisualScripting.State/IState.cs
 0.1 kb	 0.0% Packages/com.unity.visualscripting/Runtime/VisualScripting.State/AnyState.cs
 0.1 kb	 0.0% Packages/com.unity.visualscripting/Runtime/VisualScripting.Flow/IUnit.cs
 0.1 kb	 0.0% Packages/com.unity.visualscripting/Runtime/VisualScripting.Flow/Framework/Time/WaitUnit.cs
 0.1 kb	 0.0% Packages/com.unity.visualscripting/Runtime/VisualScripting.Flow/Framework/Time/Timer.cs
 0.1 kb	 0.0% Packages/com.unity.visualscripting/Runtime/VisualScripting.Flow/Framework/Time/Cooldown.cs
 0.1 kb	 0.0% Packages/com.unity.visualscripting/Runtime/VisualScripting.Flow/Framework/Logic/NotEqual.cs
 0.1 kb	 0.0% Packages/com.unity.visualscripting/Runtime/VisualScripting.Flow/Framework/Logic/Negate.cs
 0.1 kb	 0.0% Packages/com.unity.visualscripting/Runtime/VisualScripting.Flow/Framework/Logic/Greater.cs
 0.1 kb	 0.0% Packages/com.unity.visualscripting/Runtime/VisualScripting.Flow/Framework/Logic/Equal.cs
 0.1 kb	 0.0% Packages/com.unity.visualscripting/Runtime/VisualScripting.Flow/Framework/Literal.cs
 0.1 kb	 0.0% Packages/com.unity.visualscripting/Runtime/VisualScripting.Flow/Framework/Formula.cs
 0.1 kb	 0.0% Packages/com.unity.visualscripting/Runtime/VisualScripting.Flow/Framework/Events/Lifecycle/Update.cs
 0.1 kb	 0.0% Packages/com.unity.visualscripting/Runtime/VisualScripting.Flow/Framework/Events/Lifecycle/Start.cs
 0.1 kb	 0.0% Packages/com.unity.visualscripting/Runtime/VisualScripting.Flow/Framework/Events/Lifecycle/OnEnable.cs
 0.1 kb	 0.0% Packages/com.unity.visualscripting/Runtime/VisualScripting.Flow/Framework/Events/GUI/OnSubmit.cs
 0.1 kb	 0.0% Packages/com.unity.visualscripting/Runtime/VisualScripting.Flow/Framework/Events/GUI/OnSelect.cs
 0.1 kb	 0.0% Packages/com.unity.visualscripting/Runtime/VisualScripting.Flow/Framework/Events/GUI/OnScroll.cs
 0.1 kb	 0.0% Packages/com.unity.visualscripting/Runtime/VisualScripting.Flow/Framework/Events/GUI/OnMove.cs
 0.1 kb	 0.0% Packages/com.unity.visualscripting/Runtime/VisualScripting.Flow/Framework/Events/GUI/OnGUI.cs
 0.1 kb	 0.0% Packages/com.unity.visualscripting/Runtime/VisualScripting.Flow/Framework/Events/GUI/OnDrop.cs
 0.1 kb	 0.0% Packages/com.unity.visualscripting/Runtime/VisualScripting.Flow/Framework/Events/GUI/OnDrag.cs
 0.1 kb	 0.0% Packages/com.unity.visualscripting/Runtime/VisualScripting.Flow/Framework/Events/GUI/OnCancel.cs
 0.1 kb	 0.0% Packages/com.unity.visualscripting/Runtime/VisualScripting.Flow/Framework/Control/While.cs
 0.1 kb	 0.0% Packages/com.unity.visualscripting/Runtime/VisualScripting.Flow/Framework/Control/TryCatch.cs
 0.1 kb	 0.0% Packages/com.unity.visualscripting/Runtime/VisualScripting.Flow/Framework/Control/Throw.cs
 0.1 kb	 0.0% Packages/com.unity.visualscripting/Runtime/VisualScripting.Flow/Framework/Control/Sequence.cs
 0.1 kb	 0.0% Packages/com.unity.visualscripting/Runtime/VisualScripting.Flow/Framework/Control/LoopUnit.cs
 0.1 kb	 0.0% Packages/com.unity.visualscripting/Runtime/VisualScripting.Flow/Framework/Control/ForEach.cs
 0.1 kb	 0.0% Packages/com.unity.visualscripting/Runtime/VisualScripting.Flow/Framework/Control/Cache.cs
 0.1 kb	 0.0% Packages/com.unity.visualscripting/Runtime/VisualScripting.Flow/Framework/Control/Break.cs
 0.1 kb	 0.0% Packages/com.unity.visualscripting/Runtime/VisualScripting.Flow/Framework/Collections/LastItem.cs
 0.1 kb	 0.0% Packages/com.unity.visualscripting/Runtime/VisualScripting.Flow/Framework/Codebase/Expose.cs
 0.1 kb	 0.0% Packages/com.unity.visualscripting/Runtime/VisualScripting.Core/Utilities/XColor.cs
 0.1 kb	 0.0% Packages/com.unity.visualscripting/Runtime/VisualScripting.Core/Reflection/TypeName.cs
 0.1 kb	 0.0% Packages/com.unity.visualscripting/Runtime/VisualScripting.Core/Reflection/Member.cs
 0.1 kb	 0.0% Packages/com.unity.visualscripting/Runtime/VisualScripting.Core/Macros/IMacro.cs
 0.1 kb	 0.0% Packages/com.unity.visualscripting/Runtime/VisualScripting.Core/Machines/IMachine.cs
 0.1 kb	 0.0% Packages/com.unity.visualscripting/Runtime/VisualScripting.Core/Graphs/IGraph.cs
 0.1 kb	 0.0% Packages/com.unity.visualscripting/Runtime/VisualScripting.Core/Graphs/Graph.cs
 0.1 kb	 0.0% Packages/com.unity.visualscripting/Runtime/VisualScripting.Core/Events/EventBus.cs
 0.1 kb	 0.0% Packages/com.unity.visualscripting/Runtime/VisualScripting.Core/Ensure/Extensions/XString.cs
 0.1 kb	 0.0% Packages/com.unity.visualscripting/Runtime/VisualScripting.Core/Ensure/Ensure.cs
 0.1 kb	 0.0% Packages/com.unity.visualscripting/Runtime/VisualScripting.Core/Collections/AotList.cs
 0.1 kb	 0.0% Packages/com.unity.visualscripting/Runtime/VisualScripting.Core/Cloning/ICloner.cs
 0.1 kb	 0.0% Packages/com.unity.visualscripting/Runtime/VisualScripting.Core/Cloning/Cloning.cs
 0.1 kb	 0.0% Packages/com.unity.timeline/Runtime/Utilities/WeightUtility.cs
 0.1 kb	 0.0% Packages/com.unity.timeline/Runtime/Utilities/IPropertyPreview.cs
 0.1 kb	 0.0% Packages/com.unity.timeline/Runtime/Utilities/Extrapolation.cs
 0.1 kb	 0.0% Packages/com.unity.timeline/Runtime/TimelinePlayable.cs
 0.1 kb	 0.0% Packages/com.unity.timeline/Runtime/TimelineAsset.cs
 0.1 kb	 0.0% Packages/com.unity.timeline/Runtime/Scripting/PlayableTrack.cs
 0.1 kb	 0.0% Packages/com.unity.timeline/Runtime/Events/Signals/SignalReceiver.cs
 0.1 kb	 0.0% Packages/com.unity.timeline/Runtime/Events/Signals/SignalEmitter.cs
 0.1 kb	 0.0% Packages/com.unity.timeline/Runtime/Evaluation/RuntimeElement.cs
 0.1 kb	 0.0% Packages/com.unity.timeline/Runtime/Evaluation/RuntimeClipBase.cs
 0.1 kb	 0.0% Packages/com.unity.timeline/Runtime/Animation/AnimationTrack.cs
 0.1 kb	 0.0% Packages/com.unity.timeline/Runtime/Activation/ActivationTrack.cs
 0.1 kb	 0.0% Packages/com.unity.textmeshpro/Scripts/Runtime/TMPro_EventManager.cs
 0.1 kb	 0.0% Packages/com.unity.textmeshpro/Scripts/Runtime/TMP_UpdateRegistery.cs
 0.1 kb	 0.0% Packages/com.unity.textmeshpro/Scripts/Runtime/TMP_UpdateManager.cs
 0.1 kb	 0.0% Packages/com.unity.textmeshpro/Scripts/Runtime/TMP_TextUtilities.cs
 0.1 kb	 0.0% Packages/com.unity.textmeshpro/Scripts/Runtime/TMP_SpriteCharacter.cs
 0.1 kb	 0.0% Packages/com.unity.textmeshpro/Scripts/Runtime/TMP_SpriteAnimator.cs
 0.1 kb	 0.0% Packages/com.unity.textmeshpro/Scripts/Runtime/TMP_SelectionCaret.cs
 0.1 kb	 0.0% Packages/com.unity.textmeshpro/Scripts/Runtime/TMP_ResourcesManager.cs
 0.1 kb	 0.0% Packages/com.unity.textmeshpro/Scripts/Runtime/TMP_MaterialManager.cs
 0.1 kb	 0.0% Packages/com.unity.textmeshpro/Scripts/Runtime/TMP_InputValidator.cs
 0.1 kb	 0.0% Packages/com.unity.textmeshpro/Scripts/Runtime/TMP_FontFeatureTable.cs
 0.1 kb	 0.0% Packages/com.unity.textmeshpro/Scripts/Runtime/TMP_DefaultControls.cs
 0.1 kb	 0.0% Packages/com.unity.textmeshpro/Scripts/Runtime/TMP_Compatibility.cs
 0.1 kb	 0.0% Packages/com.unity.textmeshpro/Scripts/Runtime/TMP_ColorGradient.cs
 0.1 kb	 0.0% Packages/com.unity.textmeshpro/Scripts/Runtime/TMP_CharacterInfo.cs
 0.1 kb	 0.0% Packages/com.unity.textmeshpro/Scripts/Runtime/ITextPreProcessor.cs
 0.1 kb	 0.0% Packages/com.unity.test-framework/UnityEngine.TestRunner/Utils/Utils.cs
 0.1 kb	 0.0% Packages/com.unity.test-framework/UnityEngine.TestRunner/Assertions/Is.cs
 0.1 kb	 0.0% Packages/com.unity.mathematics/Unity.Mathematics/double4x4.gen.cs
 0.1 kb	 0.0% Packages/com.unity.mathematics/Unity.Mathematics/double4x3.gen.cs
 0.1 kb	 0.0% Packages/com.unity.mathematics/Unity.Mathematics/double4x2.gen.cs
 0.1 kb	 0.0% Packages/com.unity.mathematics/Unity.Mathematics/double3x4.gen.cs
 0.1 kb	 0.0% Packages/com.unity.mathematics/Unity.Mathematics/double3x3.gen.cs
 0.1 kb	 0.0% Packages/com.unity.mathematics/Unity.Mathematics/double3x2.gen.cs
 0.1 kb	 0.0% Packages/com.unity.mathematics/Unity.Mathematics/double2x4.gen.cs
 0.1 kb	 0.0% Packages/com.unity.mathematics/Unity.Mathematics/double2x3.gen.cs
 0.1 kb	 0.0% Packages/com.unity.mathematics/Unity.Mathematics/double2x2.gen.cs
 0.1 kb	 0.0% Packages/com.unity.collections/Unity.Collections/NativeText.gen.cs
 0.1 kb	 0.0% Packages/com.unity.collections/Unity.Collections/HeapString.gen.cs
 0.1 kb	 0.0% Packages/com.unity.collections/Unity.Collections/FixedString.gen.cs
 0.1 kb	 0.0% Packages/com.unity.collections/Unity.Collections/FixedList.gen.cs
 0.1 kb	 0.0% Packages/com.unity.cinemachine/Runtime/Helpers/CinemachineTouchInputMapper.cs
 0.1 kb	 0.0% Packages/com.unity.2d.tilemap.extras/Runtime/Tiles/AnimatedTile/AnimatedTile.cs
 0.1 kb	 0.0% Packages/com.unity.2d.spriteshape/Runtime/SpriteShape.cs
 0.1 kb	 0.0% Packages/com.unity.2d.common/Runtime/UTess2D/UTess.cs
 0.1 kb	 0.0% Packages/com.unity.2d.common/Runtime/UTess2D/Smoothen.cs
 0.1 kb	 0.0% Packages/com.unity.2d.common/Runtime/UTess2D/Refinery.cs
 0.1 kb	 0.0% Packages/com.unity.ugui/Runtime/UI/Core/VertexModifiers/PositionAsUV1.cs
 0.1 kb	 0.0% Packages/com.unity.ugui/Runtime/UI/Core/VertexModifiers/IMeshModifier.cs
 0.1 kb	 0.0% Packages/com.unity.ugui/Runtime/UI/Core/VertexModifiers/BaseMeshEffect.cs
 0.1 kb	 0.0% Packages/com.unity.ugui/Runtime/UI/Core/StencilMaterial.cs
 0.1 kb	 0.0% Packages/com.unity.ugui/Runtime/UI/Core/MaskableGraphic.cs
 0.1 kb	 0.0% Packages/com.unity.ugui/Runtime/UI/Core/MaskUtilities.cs
 0.1 kb	 0.0% Packages/com.unity.ugui/Runtime/UI/Core/Layout/LayoutUtility.cs
 0.1 kb	 0.0% Packages/com.unity.ugui/Runtime/UI/Core/Layout/LayoutRebuilder.cs
 0.1 kb	 0.0% Packages/com.unity.ugui/Runtime/UI/Core/Layout/LayoutElement.cs
 0.1 kb	 0.0% Packages/com.unity.ugui/Runtime/UI/Core/Layout/ILayoutElement.cs
 0.1 kb	 0.0% Packages/com.unity.ugui/Runtime/UI/Core/Layout/GridLayoutGroup.cs
 0.1 kb	 0.0% Packages/com.unity.ugui/Runtime/UI/Core/GraphicRegistry.cs
 0.1 kb	 0.0% Packages/com.unity.ugui/Runtime/UI/Core/GraphicRaycaster.cs
 0.1 kb	 0.0% Packages/com.unity.ugui/Runtime/UI/Core/DefaultControls.cs
 0.1 kb	 0.0% Packages/com.unity.ugui/Runtime/UI/Core/Culling/ClipperRegistry.cs
 0.1 kb	 0.0% Packages/com.unity.ugui/Runtime/EventSystem/UIBehaviour.cs
 0.1 kb	 0.0% Packages/com.unity.ugui/Runtime/EventSystem/InputModules/BaseInput.cs
 0.1 kb	 0.0% Packages/com.unity.ugui/Runtime/EventSystem/EventTrigger.cs
 0.1 kb	 0.0% Packages/com.unity.ugui/Runtime/EventSystem/EventSystem.cs
 0.1 kb	 0.0% Packages/com.unity.textmeshpro/Scripts/Runtime/TMPro_MeshUtilities.cs
 0.1 kb	 0.0% Packages/com.unity.textmeshpro/Scripts/Runtime/TMP_ShaderUtilities.cs
 0.1 kb	 0.0% Packages/com.unity.textmeshpro/Scripts/Runtime/TMP_RichTextTagsCommon.cs
 0.1 kb	 0.0% Packages/com.unity.textmeshpro/Scripts/Runtime/TMP_FontAssetCommon.cs
 0.1 kb	 0.0% Packages/com.unity.mathematics/Unity.Mathematics/quaternion.cs
 0.1 kb	 0.0% Packages/com.unity.mathematics/Unity.Mathematics/Noise/classicnoise4D.cs
 0.1 kb	 0.0% Packages/com.unity.mathematics/Unity.Mathematics/Noise/classicnoise3D.cs
 0.1 kb	 0.0% Packages/com.unity.mathematics/Unity.Mathematics/Noise/classicnoise2D.cs
 0.1 kb	 0.0% Packages/com.unity.mathematics/Unity.Mathematics/Noise/cellular2x2x2.cs
 0.1 kb	 0.0% Packages/com.unity.mathematics/Unity.Mathematics/Geometry/Plane.cs
 0.1 kb	 0.0% Packages/com.unity.collections/Unity.Collections/NativeStream.cs
 0.1 kb	 0.0% Packages/com.unity.cinemachine/Runtime/Core/TargetPositionCache.cs
 0.1 kb	 0.0% Packages/com.unity.cinemachine/Runtime/Core/SplineHelpers.cs
 0.1 kb	 0.0% Packages/com.unity.cinemachine/Runtime/Core/SignalSourceAsset.cs
 0.1 kb	 0.0% Packages/com.unity.cinemachine/Runtime/Core/Predictor.cs
 0.1 kb	 0.0% Packages/com.unity.cinemachine/Runtime/Core/ICinemachineCamera.cs
 0.1 kb	 0.0% Packages/com.unity.cinemachine/Runtime/Core/CinemachinePathBase.cs
 0.1 kb	 0.0% Packages/com.unity.cinemachine/Runtime/Core/CinemachineExtension.cs
 0.1 kb	 0.0% Packages/com.unity.cinemachine/Runtime/Core/CinemachineDebug.cs
 0.1 kb	 0.0% Packages/com.unity.cinemachine/Runtime/Components/CinemachineComposer.cs
 0.1 kb	 0.0% Packages/com.unity.cinemachine/Runtime/Behaviours/CinemachinePipeline.cs
 0.1 kb	 0.0% Packages/com.unity.cinemachine/Runtime/Behaviours/CinemachineFreeLook.cs
 0.1 kb	 0.0% Packages/com.unity.cinemachine/Runtime/Behaviours/CinemachineDollyCart.cs
 0.1 kb	 0.0% Packages/com.unity.cinemachine/Runtime/Behaviours/CinemachineConfiner.cs
 0.1 kb	 0.0% Packages/com.unity.cinemachine/Runtime/Behaviours/CinemachineCollider.cs
 0.1 kb	 0.0% Packages/com.unity.cinemachine/Runtime/Behaviours/CinemachineClearShot.cs
 0.1 kb	 0.0% Packages/com.unity.burst/Runtime/Intrinsics/SimdDebugViews.cs
 0.1 kb	 0.0% Packages/com.unity.burst/Runtime/Editor/BurstReflection.cs
 0.1 kb	 0.0% Packages/com.unity.burst/Runtime/BurstCompilerOptions.cs
 0.1 kb	 0.0% Packages/com.unity.2d.animation/Runtime/Bone.cs
 0.1 kb	 0.0% Packages/com.unity.2d.animation/IK/Runtime/LimbSolver2D.cs
 0.1 kb	 0.0% Packages/com.unity.2d.animation/IK/Runtime/IconUtility.cs
 0.1 kb	 0.0% Packages/com.unity.2d.animation/IK/Runtime/IKUtility.cs
 0.1 kb	 0.0% Packages/com.unity.2d.animation/IK/Runtime/IKManager2D.cs
 0.1 kb	 0.0% Packages/com.unity.2d.animation/IK/Runtime/IKChain2D.cs
 0.1 kb	 0.0% Packages/com.unity.2d.animation/IK/Runtime/CCDSolver2D.cs
 0.1 kb	 0.0% Assets/scripts/colecionablesPlasticos.cs
 0.1 kb	 0.0% Assets/scripts/SceneTransitionManager.cs
 0.1 kb	 0.0% Assets/scripts/MapamundialEstadoManager.cs
 0.1 kb	 0.0% Assets/scripts/CambiarUsuarioManager.cs
 0.1 kb	 0.0% Packages/com.unity.visualscripting/Runtime/VisualScripting.Flow/Unit.cs
 0.1 kb	 0.0% Packages/com.unity.visualscripting/Runtime/VisualScripting.Flow/Framework/This.cs
 0.1 kb	 0.0% Packages/com.unity.visualscripting/Runtime/VisualScripting.Flow/Framework/Nulls/Null.cs
 0.1 kb	 0.0% Packages/com.unity.visualscripting/Runtime/VisualScripting.Flow/Framework/Logic/Or.cs
 0.1 kb	 0.0% Packages/com.unity.visualscripting/Runtime/VisualScripting.Flow/Framework/Logic/Less.cs
 0.1 kb	 0.0% Packages/com.unity.visualscripting/Runtime/VisualScripting.Flow/Framework/Logic/And.cs
 0.1 kb	 0.0% Packages/com.unity.visualscripting/Runtime/VisualScripting.Flow/Framework/Control/Once.cs
 0.1 kb	 0.0% Packages/com.unity.visualscripting/Runtime/VisualScripting.Flow/Framework/Control/If.cs
 0.1 kb	 0.0% Packages/com.unity.visualscripting/Runtime/VisualScripting.Flow/Framework/Control/For.cs
 0.1 kb	 0.0% Packages/com.unity.visualscripting/Runtime/VisualScripting.Flow/Flow.cs
 0.1 kb	 0.0% Packages/com.unity.timeline/Runtime/Utilities/TimelineUndo.cs
 0.1 kb	 0.0% Packages/com.unity.timeline/Runtime/Utilities/TimeUtility.cs
 0.1 kb	 0.0% Packages/com.unity.timeline/Runtime/Utilities/HashUtility.cs
 0.1 kb	 0.0% Packages/com.unity.timeline/Runtime/TrackAsset.cs
 0.1 kb	 0.0% Packages/com.unity.timeline/Runtime/TimelineClip.cs
 0.1 kb	 0.0% Packages/com.unity.timeline/Runtime/Playables/ITimeControl.cs
 0.1 kb	 0.0% Packages/com.unity.timeline/Runtime/ILayerable.cs
 0.1 kb	 0.0% Packages/com.unity.timeline/Runtime/GroupTrack.cs
 0.1 kb	 0.0% Packages/com.unity.timeline/Runtime/Events/Signals/SignalAsset.cs
 0.1 kb	 0.0% Packages/com.unity.timeline/Runtime/Events/SignalTrack.cs
 0.1 kb	 0.0% Packages/com.unity.timeline/Runtime/Events/MarkerTrack.cs
 0.1 kb	 0.0% Packages/com.unity.timeline/Runtime/Events/MarkerList.cs
 0.1 kb	 0.0% Packages/com.unity.timeline/Runtime/Evaluation/RuntimeClip.cs
 0.1 kb	 0.0% Packages/com.unity.timeline/Runtime/Evaluation/IntervalTree.cs
 0.1 kb	 0.0% Packages/com.unity.timeline/Runtime/DiscreteTime.cs
 0.1 kb	 0.0% Packages/com.unity.timeline/Runtime/Control/ControlTrack.cs
 0.1 kb	 0.0% Packages/com.unity.timeline/Runtime/Audio/AudioTrack.cs
 0.1 kb	 0.0% Packages/com.unity.timeline/Runtime/AssetUpgrade/ClipUpgrade.cs
 0.1 kb	 0.0% Packages/com.unity.timeline/Runtime/Animation/ICurvesOwner.cs
 0.1 kb	 0.0% Packages/com.unity.textmeshpro/Scripts/Runtime/TextMeshProUGUI.cs
 0.1 kb	 0.0% Packages/com.unity.textmeshpro/Scripts/Runtime/TextContainer.cs
 0.1 kb	 0.0% Packages/com.unity.textmeshpro/Scripts/Runtime/TMP_TextElement.cs
 0.1 kb	 0.0% Packages/com.unity.textmeshpro/Scripts/Runtime/TMP_SubMeshUI.cs
 0.1 kb	 0.0% Packages/com.unity.textmeshpro/Scripts/Runtime/TMP_StyleSheet.cs
 0.1 kb	 0.0% Packages/com.unity.textmeshpro/Scripts/Runtime/TMP_SpriteGlyph.cs
 0.1 kb	 0.0% Packages/com.unity.textmeshpro/Scripts/Runtime/TMP_SpriteAsset.cs
 0.1 kb	 0.0% Packages/com.unity.textmeshpro/Scripts/Runtime/TMP_InputField.cs
 0.1 kb	 0.0% Packages/com.unity.textmeshpro/Scripts/Runtime/TMP_FontAsset.cs
 0.1 kb	 0.0% Packages/com.unity.textmeshpro/Scripts/Runtime/TMP_CoroutineTween.cs
 0.1 kb	 0.0% Packages/com.unity.textmeshpro/Scripts/Runtime/TMP_Character.cs
 0.1 kb	 0.0% Packages/com.unity.render-pipelines.universal/Shaders/Shaders.cs
 0.1 kb	 0.0% Packages/com.unity.mathematics/Unity.Mathematics/uint4x4.gen.cs
 0.1 kb	 0.0% Packages/com.unity.mathematics/Unity.Mathematics/uint4x3.gen.cs
 0.1 kb	 0.0% Packages/com.unity.mathematics/Unity.Mathematics/uint4x2.gen.cs
 0.1 kb	 0.0% Packages/com.unity.mathematics/Unity.Mathematics/uint4.gen.cs
 0.1 kb	 0.0% Packages/com.unity.mathematics/Unity.Mathematics/uint3x4.gen.cs
 0.1 kb	 0.0% Packages/com.unity.mathematics/Unity.Mathematics/uint3x3.gen.cs
 0.1 kb	 0.0% Packages/com.unity.mathematics/Unity.Mathematics/uint3x2.gen.cs
 0.1 kb	 0.0% Packages/com.unity.mathematics/Unity.Mathematics/uint3.gen.cs
 0.1 kb	 0.0% Packages/com.unity.mathematics/Unity.Mathematics/uint2x4.gen.cs
 0.1 kb	 0.0% Packages/com.unity.mathematics/Unity.Mathematics/uint2x3.gen.cs
 0.1 kb	 0.0% Packages/com.unity.mathematics/Unity.Mathematics/uint2x2.gen.cs
 0.1 kb	 0.0% Packages/com.unity.mathematics/Unity.Mathematics/uint2.gen.cs
 0.1 kb	 0.0% Packages/com.unity.mathematics/Unity.Mathematics/int4x4.gen.cs
 0.1 kb	 0.0% Packages/com.unity.mathematics/Unity.Mathematics/int4x3.gen.cs
 0.1 kb	 0.0% Packages/com.unity.mathematics/Unity.Mathematics/int4x2.gen.cs
 0.1 kb	 0.0% Packages/com.unity.mathematics/Unity.Mathematics/int3x4.gen.cs
 0.1 kb	 0.0% Packages/com.unity.mathematics/Unity.Mathematics/int3x3.gen.cs
 0.1 kb	 0.0% Packages/com.unity.mathematics/Unity.Mathematics/int3x2.gen.cs
 0.1 kb	 0.0% Packages/com.unity.mathematics/Unity.Mathematics/int2x4.gen.cs
 0.1 kb	 0.0% Packages/com.unity.mathematics/Unity.Mathematics/int2x3.gen.cs
 0.1 kb	 0.0% Packages/com.unity.mathematics/Unity.Mathematics/int2x2.gen.cs
 0.1 kb	 0.0% Packages/com.unity.mathematics/Unity.Mathematics/half4.gen.cs
 0.1 kb	 0.0% Packages/com.unity.mathematics/Unity.Mathematics/half3.gen.cs
 0.1 kb	 0.0% Packages/com.unity.mathematics/Unity.Mathematics/half2.gen.cs
 0.1 kb	 0.0% Packages/com.unity.mathematics/Unity.Mathematics/float4x4.gen.cs
 0.1 kb	 0.0% Packages/com.unity.mathematics/Unity.Mathematics/float4x3.gen.cs
 0.1 kb	 0.0% Packages/com.unity.mathematics/Unity.Mathematics/float4x2.gen.cs
 0.1 kb	 0.0% Packages/com.unity.mathematics/Unity.Mathematics/float4.gen.cs
 0.1 kb	 0.0% Packages/com.unity.mathematics/Unity.Mathematics/float3x4.gen.cs
 0.1 kb	 0.0% Packages/com.unity.mathematics/Unity.Mathematics/float3x3.gen.cs
 0.1 kb	 0.0% Packages/com.unity.mathematics/Unity.Mathematics/float3x2.gen.cs
 0.1 kb	 0.0% Packages/com.unity.mathematics/Unity.Mathematics/float3.gen.cs
 0.1 kb	 0.0% Packages/com.unity.mathematics/Unity.Mathematics/float2x4.gen.cs
 0.1 kb	 0.0% Packages/com.unity.mathematics/Unity.Mathematics/float2x3.gen.cs
 0.1 kb	 0.0% Packages/com.unity.mathematics/Unity.Mathematics/float2x2.gen.cs
 0.1 kb	 0.0% Packages/com.unity.mathematics/Unity.Mathematics/float2.gen.cs
 0.1 kb	 0.0% Packages/com.unity.mathematics/Unity.Mathematics/double4.gen.cs
 0.1 kb	 0.0% Packages/com.unity.mathematics/Unity.Mathematics/double3.gen.cs
 0.1 kb	 0.0% Packages/com.unity.mathematics/Unity.Mathematics/double2.gen.cs
 0.1 kb	 0.0% Packages/com.unity.mathematics/Unity.Mathematics/bool4x4.gen.cs
 0.1 kb	 0.0% Packages/com.unity.mathematics/Unity.Mathematics/bool4x3.gen.cs
 0.1 kb	 0.0% Packages/com.unity.mathematics/Unity.Mathematics/bool4x2.gen.cs
 0.1 kb	 0.0% Packages/com.unity.mathematics/Unity.Mathematics/bool4.gen.cs
 0.1 kb	 0.0% Packages/com.unity.mathematics/Unity.Mathematics/bool3x4.gen.cs
 0.1 kb	 0.0% Packages/com.unity.mathematics/Unity.Mathematics/bool3x3.gen.cs
 0.1 kb	 0.0% Packages/com.unity.mathematics/Unity.Mathematics/bool3x2.gen.cs
 0.1 kb	 0.0% Packages/com.unity.mathematics/Unity.Mathematics/bool3.gen.cs
 0.1 kb	 0.0% Packages/com.unity.mathematics/Unity.Mathematics/bool2x4.gen.cs
 0.1 kb	 0.0% Packages/com.unity.mathematics/Unity.Mathematics/bool2x3.gen.cs
 0.1 kb	 0.0% Packages/com.unity.mathematics/Unity.Mathematics/bool2x2.gen.cs
 0.1 kb	 0.0% Packages/com.unity.mathematics/Unity.Mathematics/bool2.gen.cs
 0.1 kb	 0.0% Packages/com.unity.mathematics/Unity.Mathematics/Noise/psrdnoise2D.cs
 0.1 kb	 0.0% Packages/com.unity.mathematics/Unity.Mathematics/Noise/noise3Dgrad.cs
 0.1 kb	 0.0% Packages/com.unity.mathematics/Unity.Mathematics/Noise/cellular3D.cs
 0.1 kb	 0.0% Packages/com.unity.mathematics/Unity.Mathematics/Noise/cellular2x2.cs
 0.1 kb	 0.0% Packages/com.unity.mathematics/Unity.Mathematics/Noise/cellular2D.cs
 0.1 kb	 0.0% Packages/com.unity.collections/Unity.Collections/xxHash3.AVX2.cs
 0.1 kb	 0.0% Packages/com.unity.cinemachine/Runtime/Timeline/CinemachineShotPlayable.cs
 0.1 kb	 0.0% Packages/com.unity.cinemachine/Runtime/Behaviours/CinemachineRecomposer.cs
 0.1 kb	 0.0% Packages/com.unity.cinemachine/Runtime/Behaviours/CinemachineCameraOffset.cs
 0.1 kb	 0.0% Packages/com.unity.burst/Runtime/Intrinsics/Arm/NEON_AArch64_rdma.cs
 0.1 kb	 0.0% Packages/com.unity.burst/Runtime/Intrinsics/Arm/NEON_AArch64_dotprod.cs
 0.1 kb	 0.0% Packages/com.unity.burst/Runtime/Intrinsics/Arm/NEON_AArch64_crypto.cs
 0.1 kb	 0.0% Packages/com.unity.2d.spriteshape/Runtime/Spline.cs
 0.1 kb	 0.0% Packages/com.unity.ugui/Runtime/UI/Core/Utility/VertexHelper.cs
 0.1 kb	 0.0% Packages/com.unity.ugui/Runtime/UI/Core/ToggleGroup.cs
 0.1 kb	 0.0% Packages/com.unity.ugui/Runtime/UI/Core/SpriteState.cs
 0.1 kb	 0.0% Packages/com.unity.ugui/Runtime/UI/Core/Selectable.cs
 0.1 kb	 0.0% Packages/com.unity.ugui/Runtime/UI/Core/Scrollbar.cs
 0.1 kb	 0.0% Packages/com.unity.ugui/Runtime/UI/Core/ScrollRect.cs
 0.1 kb	 0.0% Packages/com.unity.ugui/Runtime/UI/Core/RectMask2D.cs
 0.1 kb	 0.0% Packages/com.unity.ugui/Runtime/UI/Core/Navigation.cs
 0.1 kb	 0.0% Packages/com.unity.ugui/Runtime/UI/Core/Layout/LayoutGroup.cs
 0.1 kb	 0.0% Packages/com.unity.ugui/Runtime/UI/Core/Layout/CanvasScaler.cs
 0.1 kb	 0.0% Packages/com.unity.ugui/Runtime/UI/Core/InputField.cs
 0.1 kb	 0.0% Packages/com.unity.ugui/Runtime/UI/Core/IMaskable.cs
 0.1 kb	 0.0% Packages/com.unity.ugui/Runtime/UI/Core/ColorBlock.cs
 0.1 kb	 0.0% Packages/com.unity.mathematics/Unity.Mathematics/random.cs
 0.1 kb	 0.0% Packages/com.unity.mathematics/Unity.Mathematics/matrix.gen.cs
 0.1 kb	 0.0% Packages/com.unity.mathematics/Unity.Mathematics/matrix.cs
 0.1 kb	 0.0% Packages/com.unity.mathematics/Unity.Mathematics/Noise/noise4D.cs
 0.1 kb	 0.0% Packages/com.unity.mathematics/Unity.Mathematics/Noise/noise3D.cs
 0.1 kb	 0.0% Packages/com.unity.mathematics/Unity.Mathematics/Noise/noise2D.cs
 0.1 kb	 0.0% Packages/com.unity.mathematics/Unity.Mathematics/Noise/common.cs
 0.1 kb	 0.0% Packages/com.unity.collections/Unity.Collections/xxHash3.cs
 0.1 kb	 0.0% Packages/com.unity.collections/Unity.Collections/Unicode.cs
 0.1 kb	 0.0% Packages/com.unity.collections/Unity.Collections/Memory.cs
 0.1 kb	 0.0% Packages/com.unity.collections/Unity.Collections/BitField.cs
 0.1 kb	 0.0% Packages/com.unity.cinemachine/Runtime/Core/UpdateTracker.cs
 0.1 kb	 0.0% Packages/com.unity.cinemachine/Runtime/Core/RuntimeUtility.cs
 0.1 kb	 0.0% Packages/com.unity.cinemachine/Runtime/Core/NoiseSettings.cs
 0.1 kb	 0.0% Packages/com.unity.cinemachine/Runtime/Core/CinemachineCore.cs
 0.1 kb	 0.0% Packages/com.unity.cinemachine/Runtime/Core/CinemachineBlend.cs
 0.1 kb	 0.0% Packages/com.unity.cinemachine/Runtime/Components/CinemachinePOV.cs
 0.1 kb	 0.0% Packages/com.unity.cinemachine/Runtime/Behaviours/CinemachinePath.cs
 0.1 kb	 0.0% Packages/com.unity.cinemachine/Runtime/Behaviours/CinemachineBrain.cs
 0.1 kb	 0.0% Packages/com.unity.burst/Runtime/NoAliasAttribute.cs
 0.1 kb	 0.0% Packages/com.unity.burst/Runtime/FunctionPointer.cs
 0.1 kb	 0.0% Packages/com.unity.burst/Runtime/Editor/BurstLoader.cs
 0.1 kb	 0.0% Packages/com.unity.burst/Runtime/CompilerServices/Constant.cs
 0.1 kb	 0.0% Packages/com.unity.burst/Runtime/CompilerServices/Aliasing.cs
 0.1 kb	 0.0% Packages/com.unity.burst/Runtime/BurstString.Float.cs
 0.1 kb	 0.0% Packages/com.unity.burst/Runtime/BurstCompiler.cs
 0.1 kb	 0.0% Packages/com.unity.2d.animation/IK/Runtime/Solvers/FABRIK2D.cs
 0.1 kb	 0.0% Packages/com.unity.2d.animation/IK/Runtime/Solvers/CCD2D.cs
 0.1 kb	 0.0% Packages/com.unity.2d.animation/IK/Runtime/Solver2D.cs
 0.1 kb	 0.0% Assets/scripts/SelectorNivelesMapa.cs
 0.1 kb	 0.0% Assets/scripts/ReiniciarProgreso.cs
 0.1 kb	 0.0% Assets/scripts/PlasticoSpawnRunner.cs
 0.1 kb	 0.0% Assets/scripts/MotocarroPlataforma.cs
 0.1 kb	 0.0% Assets/scripts/InputNombreJugador.cs
 0.1 kb	 0.0% Assets/scripts/HudPersonalizarPanel.cs
 0.1 kb	 0.0% Assets/scripts/EstadisticasManager.cs
 0.1 kb	 0.0% Assets/scripts/EscenaFinalManager.cs
 0.1 kb	 0.0% Assets/scripts/ConfigNivelEnemigos.cs
 0.1 kb	 0.0% Assets/scripts/CertificadoManager.cs
 0.1 kb	 0.0% Assets/scripts/AplicarVolumenMusica.cs
 0.1 kb	 0.0% Packages/com.unity.ugui/Runtime/UI/Core/Culling/IClipRegion.cs
 0.1 kb	 0.0% Packages/com.unity.timeline/Runtime/Events/Marker.cs
 0.1 kb	 0.0% Packages/com.unity.timeline/Runtime/Events/IMarker.cs
 0.1 kb	 0.0% Packages/com.unity.textmeshpro/Scripts/Runtime/TextMeshPro.cs
 0.1 kb	 0.0% Packages/com.unity.textmeshpro/Scripts/Runtime/TMP_TextInfo.cs
 0.1 kb	 0.0% Packages/com.unity.textmeshpro/Scripts/Runtime/TMP_SubMesh.cs
 0.1 kb	 0.0% Packages/com.unity.textmeshpro/Scripts/Runtime/TMP_Style.cs
 0.1 kb	 0.0% Packages/com.unity.textmeshpro/Scripts/Runtime/TMP_Sprite.cs
 0.1 kb	 0.0% Packages/com.unity.textmeshpro/Scripts/Runtime/TMP_Settings.cs
 0.1 kb	 0.0% Packages/com.unity.textmeshpro/Scripts/Runtime/TMP_MeshInfo.cs
 0.1 kb	 0.0% Packages/com.unity.textmeshpro/Scripts/Runtime/TMP_LineInfo.cs
 0.1 kb	 0.0% Packages/com.unity.textmeshpro/Scripts/Runtime/TMP_Dropdown.cs
 0.1 kb	 0.0% Packages/com.unity.textmeshpro/Scripts/Runtime/TMP_Asset.cs
 0.1 kb	 0.0% Packages/com.unity.textmeshpro/Scripts/Runtime/FastAction.cs
 0.1 kb	 0.0% Packages/com.unity.mathematics/Unity.Mathematics/int4.gen.cs
 0.1 kb	 0.0% Packages/com.unity.mathematics/Unity.Mathematics/int3.gen.cs
 0.1 kb	 0.0% Packages/com.unity.mathematics/Unity.Mathematics/int2.gen.cs
 0.1 kb	 0.0% Packages/com.unity.burst/Runtime/Intrinsics/Common.cs
 0.1 kb	 0.0% Packages/com.unity.burst/Runtime/Intrinsics/Arm/NEON_ctor.cs
 0.1 kb	 0.0% Packages/com.unity.burst/Runtime/Intrinsics/Arm/NEON_AArch64.cs
 0.1 kb	 0.0% Packages/com.unity.2d.tilemap.extras/Runtime/Tiles/RuleTile/RuleTile.cs
 0.1 kb	 0.0% Assets/scripts/combatecuerpoacuerpo.cs
 0.1 kb	 0.0% Packages/com.unity.ugui/Runtime/UI/Core/VertexModifiers/Shadow.cs
 0.1 kb	 0.0% Packages/com.unity.ugui/Runtime/UI/Core/VertexModifiers/Outline.cs
 0.1 kb	 0.0% Packages/com.unity.ugui/Runtime/UI/Core/Toggle.cs
 0.1 kb	 0.0% Packages/com.unity.ugui/Runtime/UI/Core/Slider.cs
 0.1 kb	 0.0% Packages/com.unity.ugui/Runtime/UI/Core/RawImage.cs
 0.1 kb	 0.0% Packages/com.unity.ugui/Runtime/UI/Core/Image.cs
 0.1 kb	 0.0% Packages/com.unity.ugui/Runtime/UI/Core/IMask.cs
 0.1 kb	 0.0% Packages/com.unity.ugui/Runtime/UI/Core/Graphic.cs
 0.1 kb	 0.0% Packages/com.unity.ugui/Runtime/UI/Core/FontData.cs
 0.1 kb	 0.0% Packages/com.unity.ugui/Runtime/UI/Core/Dropdown.cs
 0.1 kb	 0.0% Packages/com.unity.ugui/Runtime/UI/Core/Culling/Clipping.cs
 0.1 kb	 0.0% Packages/com.unity.ugui/Runtime/UI/Core/Button.cs
 0.1 kb	 0.0% Packages/com.unity.mathematics/Unity.Mathematics/math.cs
 0.1 kb	 0.0% Packages/com.unity.mathematics/Unity.Mathematics/half.cs
 0.1 kb	 0.0% Packages/com.unity.cinemachine/Runtime/Core/LensSettings.cs
 0.1 kb	 0.0% Packages/com.unity.cinemachine/Runtime/Core/ConfinerOven.cs
 0.1 kb	 0.0% Packages/com.unity.cinemachine/Runtime/Core/CameraState.cs
 0.1 kb	 0.0% Packages/com.unity.cinemachine/Runtime/Core/AxisState.cs
 0.1 kb	 0.0% Packages/com.unity.burst/Runtime/SharedStatic.cs
 0.1 kb	 0.0% Packages/com.unity.burst/Runtime/Intrinsics/x86/Ssse3.cs
 0.1 kb	 0.0% Packages/com.unity.burst/Runtime/Intrinsics/x86/Sse4_2.cs
 0.1 kb	 0.0% Packages/com.unity.burst/Runtime/Intrinsics/x86/Sse4_1.cs
 0.1 kb	 0.0% Packages/com.unity.burst/Runtime/Intrinsics/x86/Popcnt.cs
 0.1 kb	 0.0% Packages/com.unity.burst/Runtime/Intrinsics/x86/Common.cs
 0.1 kb	 0.0% Packages/com.unity.burst/Runtime/CompilerServices/Hint.cs
 0.1 kb	 0.0% Packages/com.unity.burst/Runtime/BurstString.cs
 0.1 kb	 0.0% Packages/com.unity.burst/Runtime/BurstRuntime.cs
 0.1 kb	 0.0% Packages/com.unity.2d.animation/IK/Runtime/Solvers/Limb.cs
 0.1 kb	 0.0% Assets/scripts/nubesmovimiento.cs
 0.1 kb	 0.0% Assets/scripts/jugadorpatrulla.cs
 0.1 kb	 0.0% Assets/scripts/camaraseguidora.cs
 0.1 kb	 0.0% Assets/scripts/SistemaCrafteo.cs
 0.1 kb	 0.0% Assets/scripts/ProyectilEnemigo.cs
 0.1 kb	 0.0% Assets/scripts/ProyectilBoss.cs
 0.1 kb	 0.0% Assets/scripts/ProyectilArma.cs
 0.1 kb	 0.0% Assets/scripts/PlayerController.cs
 0.1 kb	 0.0% Assets/scripts/PanelBalasHUD.cs
 0.1 kb	 0.0% Assets/scripts/NubeIndividual.cs
 0.1 kb	 0.0% Assets/scripts/NPCSaltoFondo.cs
 0.1 kb	 0.0% Assets/scripts/NPCDialogoJRPG.cs
 0.1 kb	 0.0% Assets/scripts/MunicionManager.cs
 0.1 kb	 0.0% Assets/scripts/Muertejugador.cs
 0.1 kb	 0.0% Assets/scripts/MenuPrincipal.cs
 0.1 kb	 0.0% Assets/scripts/HudLayoutManager.cs
 0.1 kb	 0.0% Assets/scripts/GameOverManager.cs
 0.1 kb	 0.0% Assets/scripts/FondoMovimiento.cs
 0.1 kb	 0.0% Assets/scripts/EnemigoVolador.cs
 0.1 kb	 0.0% Assets/scripts/EnemigoDiablo.cs
 0.1 kb	 0.0% Assets/scripts/DialogoManager.cs
 0.1 kb	 0.0% Assets/scripts/CreditosManager.cs
 0.1 kb	 0.0% Assets/scripts/CanecasCrafteo.cs
 0.1 kb	 0.0% Assets/scripts/ArmaPlaceholder.cs
 0.1 kb	 0.0% Assets/plataformamovil.cs
 0.1 kb	 0.0% Assets/combatecontroler.cs
 0.1 kb	 0.0% Packages/com.unity.textmeshpro/Scripts/Runtime/TMP_Text.cs
 0.1 kb	 0.0% Packages/com.unity.cinemachine/Runtime/Timeline/CinemachineTrack.cs
 0.1 kb	 0.0% Packages/com.unity.cinemachine/Runtime/Timeline/CinemachineShot.cs
 0.1 kb	 0.0% Packages/com.unity.cinemachine/Runtime/Timeline/CinemachineMixer.cs
 0.1 kb	 0.0% Packages/com.unity.cinemachine/Runtime/ThirdParty/clipper.cs
 0.1 kb	 0.0% Packages/com.unity.burst/Runtime/Intrinsics/x86/Sse3.cs
 0.1 kb	 0.0% Packages/com.unity.burst/Runtime/Intrinsics/x86/Sse2.cs
 0.1 kb	 0.0% Packages/com.unity.burst/Runtime/Intrinsics/x86/Sse.cs
 0.1 kb	 0.0% Packages/com.unity.burst/Runtime/Intrinsics/x86/Fma.cs
 0.1 kb	 0.0% Packages/com.unity.burst/Runtime/Intrinsics/x86/F16C.cs
 0.1 kb	 0.0% Packages/com.unity.burst/Runtime/Intrinsics/x86/Csr.cs
 0.1 kb	 0.0% Packages/com.unity.burst/Runtime/Intrinsics/x86/Bmi2.cs
 0.1 kb	 0.0% Packages/com.unity.burst/Runtime/Intrinsics/x86/Bmi1.cs
 0.1 kb	 0.0% Packages/com.unity.burst/Runtime/Intrinsics/x86/Avx2.cs
 0.1 kb	 0.0% Packages/com.unity.burst/Runtime/Intrinsics/x86/Avx.cs
 0.1 kb	 0.0% Packages/com.unity.burst/Runtime/Intrinsics/v64.cs
 0.1 kb	 0.0% Packages/com.unity.burst/Runtime/Intrinsics/v256.cs
 0.1 kb	 0.0% Packages/com.unity.burst/Runtime/Intrinsics/v128.cs
 0.1 kb	 0.0% Packages/com.unity.burst/Runtime/Intrinsics/Arm/NEON.cs
 0.1 kb	 0.0% Packages/com.unity.ugui/Runtime/UI/Core/Text.cs
 0.1 kb	 0.0% Packages/com.unity.ugui/Runtime/UI/Core/Misc.cs
 0.1 kb	 0.0% Packages/com.unity.ugui/Runtime/UI/Core/Mask.cs
 0.1 kb	 0.0% Assets/scripts/vidasmanager.cs
 0.1 kb	 0.0% Assets/scripts/TrampaHot.cs
 0.1 kb	 0.0% Assets/scripts/TouchButton.cs
 0.1 kb	 0.0% Assets/scripts/SplashScreen.cs
 0.1 kb	 0.0% Assets/scripts/SeleccionUI.cs
 0.1 kb	 0.0% Assets/scripts/ResalteBoton.cs
 0.1 kb	 0.0% Assets/scripts/Potenciador.cs
 0.1 kb	 0.0% Assets/scripts/PlasticoItem.cs
 0.1 kb	 0.0% Assets/scripts/NavegacionUI.cs
 0.1 kb	 0.0% Assets/scripts/MenuPausa.cs
 0.1 kb	 0.0% Assets/scripts/MenuCrafteo.cs
 0.1 kb	 0.0% Assets/scripts/ItemMunicion.cs
 0.1 kb	 0.0% Assets/scripts/Inventario.cs
 0.1 kb	 0.0% Assets/scripts/IconoUtils.cs
 0.1 kb	 0.0% Assets/scripts/HudConfig.cs
 0.1 kb	 0.0% Assets/scripts/GameManager.cs
 0.1 kb	 0.0% Assets/scripts/DiagBotones.cs
 0.1 kb	 0.0% Assets/scripts/DañoEnemigo.cs
 0.1 kb	 0.0% Assets/scripts/CuervoNPC.cs
 0.1 kb	 0.0% Assets/scripts/ControlTouch.cs
 0.1 kb	 0.0% Assets/scripts/ContadorHUD.cs
 0.1 kb	 0.0% Assets/scripts/CheckPoint.cs
 0.1 kb	 0.0% Assets/scripts/CajaSorpresa.cs
 0.1 kb	 0.0% Assets/scripts/BossFinal.cs
 0.1 kb	 0.0% Assets/scripts/Bootstrapper.cs
 0.1 kb	 0.0% Assets/scripts/AjustarMapa.cs
 0.1 kb	 0.0% Assets/SpikeHead.cs
 0.1 kb	 0.0% Assets/scripts/enemigo.cs
 0.1 kb	 0.0% Assets/scripts/SafeArea.cs
 0.1 kb	 0.0% Assets/scripts/FinNivel.cs
 0.1 kb	 0.0% Assets/RockHead.cs
 0.1 kb	 0.0% Assets/scripts/rata.cs
 0.0 kb	 0.0% Assets/sinfriccion.physicsMaterial2D
-------------------------------------------------------------------------------
Unloading 4728 Unused Serialized files (Serialized files now loaded: 0)
Unloading 10828 unused Assets / (12.3 MB). Loaded Objects now: 6962.
Memory consumption went from 469.8 MB to 457.4 MB.
Total: 29.962800 ms (FindLiveObjects: 1.921200 ms CreateObjectMapping: 0.397900 ms MarkObjects: 4.811500 ms  DeleteObjects: 22.830300 ms)

DisplayProgressNotification: Build Successful
Build Finished, Result: Success.
##utp:{"type":"PlayerBuildInfo","version":2,"phase":"Immediate","time":1790397848891,"processId":5088,"steps":[{"description":"Preprocess Player","duration":325},{"description":"Prepare For Build","duration":5},{"description":"ProducePlayerScriptAssemblies","duration":3955},{"description":"Verify Build setup","duration":58},{"description":"Prepare assets for target platform","duration":177},{"description":"Prepare splash screen","duration":2},{"description":"Building scenes","duration":11577},{"description":"Build scripts DLLs","duration":1369},{"description":"Build GlobalGameManagers file","duration":161},{"description":"Writing asset files","duration":4108},{"description":"Building Resources/unity_builtin_extra","duration":186},{"description":"Write data build dirty tracking information","duration":1079},{"description":"Postprocess built player","duration":7997}],"duration":30999}
[PhysX] Initialized MultithreadedTaskDispatcher with 18 workers.
Unloading 0 Unused Serialized files (Serialized files now loaded: 0)
Loaded scene 'Temp/__Backupscenes/0.backup'
	Deserialize:            1.041 ms
	Integration:            185.346 ms
	Integration of assets:  0.002 ms
	Thread Wait Time:       0.037 ms
	Total Operation Time:   186.426 ms
Unloading 0 unused Assets / (256.2 KB). Loaded Objects now: 6958.
Memory consumption went from 249.9 MB to 249.6 MB.
Total: 14.798300 ms (FindLiveObjects: 0.414800 ms CreateObjectMapping: 0.149400 ms MarkObjects: 14.212700 ms  DeleteObjects: 0.020300 ms)

[BuildPC] Build OK: C:\Users\sebas\objetivo-15\Build\Objetivo 15 version final\Objetivo 15 version final.exe (281368890 bytes)
UnityEngine.StackTraceUtility:ExtractStackTrace ()
UnityEngine.DebugLogHandler:LogFormat (UnityEngine.LogType,UnityEngine.Object,string,object[])
UnityEngine.Logger:Log (UnityEngine.LogType,object)
UnityEngine.Debug:Log (object)
BuildPC:Construir () (at Assets/scripts/Editor/BuildPC.cs:42)

(Filename: Assets/scripts/Editor/BuildPC.cs Line: 42)

Batchmode quit successfully invoked - shutting down!
[PhysX] Initialized MultithreadedTaskDispatcher with 18 workers.
Input System module state changed to: ShutdownInProgress.
Input System polling thread exited.
Input System module state changed to: Shutdown.
[Licensing::IpcConnector] LicenseClient-sebas-notifications channel disconnected successfully.
[Licensing::IpcConnector] LicenseClient-sebas channel disconnected successfully.
Cleanup mono
abort_threads: Failed aborting id: 0000000000001C18, mono_thread_manage will ignore it

abort_threads: Failed aborting id: 0000000000002E08, mono_thread_manage will ignore it

abort_threads: Failed aborting id: 0000000000001C18, mono_thread_manage will ignore it

abort_threads: Failed aborting id: 0000000000002E08, mono_thread_manage will ignore it

debugger-agent: Unable to listen on 5912
[Performance] WinEditorMain                                                                                                  :        1 samples, Peak.  2.53 s (1.0x), Avg.  2.53 s, Total. 2.532 s (4.4%)
[Performance] WinEditorMain.ConfigureCrashHandler                                                                            :        1 samples, Peak.  35.6 us (1.0x), Avg.  35.6 us, Total. 35.60 us (0.0%)
[Performance] WinEditorMain.CurlRequestInitialize                                                                            :        1 samples, Peak.  1.24 ms (1.0x), Avg.  1.24 ms, Total. 1.238 ms (0.0%)
[Performance] WinEditorMain.SetupLogFile                                                                                     :        1 samples, Peak.   528 us (1.0x), Avg.   528 us, Total. 528.0 us (0.0%)
[Performance] WinEditorMain.RunNativeTestsIfRequiredAndExit                                                                  :        1 samples, Peak.   200 ns (1.0x), Avg.   200 ns, Total. 200.0 ns (0.0%)
[Performance] WinEditorMain.Licensing                                                                                        :        1 samples, Peak.  2.52 s (1.0x), Avg.  2.52 s, Total. 2.515 s (4.4%)
[Performance] WinEditorMain.InitializeCrashHandler                                                                           :        1 samples, Peak.  12.5 ms (1.0x), Avg.  12.5 ms, Total. 12.46 ms (0.0%)
[Performance] WinEditorMain.CreateApplication                                                                                :        1 samples, Peak.   165 us (1.0x), Avg.   165 us, Total. 164.5 us (0.0%)
[Performance] Application.InitializeProject                                                                                  :        1 samples, Peak.  21.7 s (1.0x), Avg.  21.7 s, Total. 21.65 s (37.7%)
[Performance] Application.PackageManager.StartServer                                                                         :        1 samples, Peak.  8.02 ms (1.0x), Avg.  8.02 ms, Total. 8.024 ms (0.0%)
[Performance] Application.AcquireProjectLock                                                                                 :        1 samples, Peak.  4.63 ms (1.0x), Avg.  4.63 ms, Total. 4.634 ms (0.0%)
[Performance] Application.InitializeEngineNoGraphics                                                                         :        1 samples, Peak.  51.5 ms (1.0x), Avg.  51.5 ms, Total. 51.54 ms (0.1%)
[Performance] Application.PackageManager.Initialize                                                                          :        1 samples, Peak.   313 ms (1.0x), Avg.   313 ms, Total. 313.3 ms (0.5%)
[Performance] Connecting to Package Manager                                                                                  :       32 samples, Peak.  72.7 us (18.0x), Avg.  4.04 us, Total. 129.2 us (0.0%)
[Performance] Application.EngineGraphics.Initialize                                                                          :        1 samples, Peak.   178 ms (1.0x), Avg.   178 ms, Total. 178.4 ms (0.3%)
[Performance] Application.GI.Initialize                                                                                      :        1 samples, Peak.  5.00 ms (1.0x), Avg.  5.00 ms, Total. 5.003 ms (0.0%)
[Performance] Application.LoadAllDefaultResourcesFromEditor                                                                  :        1 samples, Peak.  1.66 ms (1.0x), Avg.  1.66 ms, Total. 1.664 ms (0.0%)
[Performance] Application.LoadMonoAssemblies                                                                                 :        1 samples, Peak.   577 ms (1.0x), Avg.   577 ms, Total. 577.0 ms (1.0%)
[Performance] RestoreManagedReferences                                                                                       :        2 samples, Peak.  71.6 ms (2.0x), Avg.  35.8 ms, Total. 71.59 ms (0.1%)
[Performance] InitializeOnLoad DrivenRectTransformUndo                                                                       :        2 samples, Peak.   397 us (1.0x), Avg.   385 us, Total. 770.8 us (0.0%)
[Performance] InitializeOnLoad SceneSearch                                                                                   :        2 samples, Peak.   126 us (1.1x), Avg.   112 us, Total. 224.1 us (0.0%)
[Performance] InitializeOnLoad CloudBuild                                                                                    :        2 samples, Peak.  5.70 us (1.3x), Avg.  4.25 us, Total. 8.500 us (0.0%)
[Performance] InitializeOnLoad NativeFormatImporterUtility                                                                   :        2 samples, Peak.  2.91 ms (1.1x), Avg.  2.71 ms, Total. 5.425 ms (0.0%)
[Performance] InitializeOnLoad SearchService                                                                                 :        2 samples, Peak.   121 us (1.1x), Avg.   109 us, Total. 219.0 us (0.0%)
[Performance] InitializeOnLoad SettingsService                                                                               :        2 samples, Peak.  10.3 us (1.3x), Avg.  7.70 us, Total. 15.40 us (0.0%)
[Performance] InitializeOnLoad WindowLayout                                                                                  :        2 samples, Peak.   732 us (1.1x), Avg.   666 us, Total. 1.332 ms (0.0%)
[Performance] InitializeOnLoad AssetStoreContext                                                                             :        2 samples, Peak.  24.8 ms (1.1x), Avg.  23.6 ms, Total. 47.21 ms (0.1%)
[Performance] InitializeOnLoad PoolManager                                                                                   :        2 samples, Peak.  2.32 ms (1.6x), Avg.  1.43 ms, Total. 2.864 ms (0.0%)
[Performance] InitializeOnLoad MixerEffectDefinitionReloader                                                                 :        2 samples, Peak.  2.66 ms (1.3x), Avg.  2.11 ms, Total. 4.210 ms (0.0%)
[Performance] InitializeOnLoad ProjectSearch                                                                                 :        2 samples, Peak.   399 us (1.7x), Avg.   239 us, Total. 477.4 us (0.0%)
[Performance] InitializeOnLoad UISystemProfilerRenderService                                                                 :        2 samples, Peak.  8.90 us (1.0x), Avg.  8.55 us, Total. 17.10 us (0.0%)
[Performance] InitializeOnLoad EditMode                                                                                      :        2 samples, Peak.   417 us (1.0x), Avg.   412 us, Total. 824.5 us (0.0%)
[Performance] InitializeOnLoad UnityConnect                                                                                  :        2 samples, Peak.  51.0 us (1.1x), Avg.  48.1 us, Total. 96.10 us (0.0%)
[Performance] InitializeOnLoad ManagedDebugger                                                                               :        2 samples, Peak.   624 us (1.7x), Avg.   369 us, Total. 737.6 us (0.0%)
[Performance] InitializeOnLoad ShortcutIntegration                                                                           :        2 samples, Peak.  56.1 us (1.0x), Avg.  53.8 us, Total. 107.6 us (0.0%)
[Performance] InitializeOnLoad AddComponentWindow                                                                            :        2 samples, Peak.   100 us (1.0x), Avg.  98.2 us, Total. 196.5 us (0.0%)
[Performance] InitializeOnLoad ManagedDebuggerWindow                                                                         :        2 samples, Peak.   132 us (1.0x), Avg.   128 us, Total. 255.1 us (0.0%)
[Performance] InitializeOnLoad CacheServerWindow                                                                             :        2 samples, Peak. 10.00 us (1.3x), Avg.  7.80 us, Total. 15.60 us (0.0%)
[Performance] InitializeOnLoad PlayModeDownload                                                                              :        2 samples, Peak.  3.79 ms (1.9x), Avg.  1.98 ms, Total. 3.965 ms (0.0%)
[Performance] InitializeOnLoad MenuItems                                                                                     :        2 samples, Peak.  92.4 us (1.1x), Avg.  84.6 us, Total. 169.2 us (0.0%)
[Performance] InitializeOnLoad PrefabInstanceChangedListener                                                                 :        2 samples, Peak.   123 us (1.0x), Avg.   120 us, Total. 240.2 us (0.0%)
[Performance] InitializeOnLoad ObjectSelectorSearch                                                                          :        2 samples, Peak.  81.9 us (1.5x), Avg.  55.8 us, Total. 111.6 us (0.0%)
[Performance] InitializeOnLoad EditorMonitor                                                                                 :        2 samples, Peak.   693 us (1.3x), Avg.   531 us, Total. 1.062 ms (0.0%)
[Performance] InitializeOnLoad RetainedMode                                                                                  :        2 samples, Peak.  2.66 ms (1.2x), Avg.  2.25 ms, Total. 4.497 ms (0.0%)
[Performance] InitializeOnLoad EditorShaderLoader                                                                            :        2 samples, Peak.  1.56 ms (1.5x), Avg.  1.06 ms, Total. 2.115 ms (0.0%)
[Performance] InitializeOnLoad EditorDelegateRegistration                                                                    :        2 samples, Peak.  1.03 ms (1.5x), Avg.   678 us, Total. 1.355 ms (0.0%)
[Performance] InitializeOnLoad UIDocumentHierarchyWatcher                                                                    :        2 samples, Peak.  82.1 us (1.2x), Avg.  71.4 us, Total. 142.7 us (0.0%)
[Performance] InitializeOnLoad LiveReloadTrackerCreator                                                                      :        2 samples, Peak.   935 us (1.8x), Avg.   529 us, Total. 1.058 ms (0.0%)
[Performance] InitializeOnLoad UxmlObjectEditorFactories                                                                     :        2 samples, Peak.   651 us (1.3x), Avg.   488 us, Total. 976.5 us (0.0%)
[Performance] InitializeOnLoad UXMLEditorFactories                                                                           :        2 samples, Peak.  72.1 ms (1.1x), Avg.  65.1 ms, Total. 130.2 ms (0.2%)
[Performance] InitializeOnLoad PurchasingService                                                                             :        2 samples, Peak.  6.09 ms (1.0x), Avg.  6.03 ms, Total. 12.07 ms (0.0%)
[Performance] InitializeOnLoad CloudBuildPoller                                                                              :        2 samples, Peak.   109 us (1.0x), Avg.   107 us, Total. 213.4 us (0.0%)
[Performance] InitializeOnLoad EditorGameServicesAnalytics                                                                   :        2 samples, Peak.  2.57 ms (1.7x), Avg.  1.49 ms, Total. 2.985 ms (0.0%)
[Performance] InitializeOnLoad AnalyticsService                                                                              :        2 samples, Peak.   179 us (1.1x), Avg.   171 us, Total. 341.7 us (0.0%)
[Performance] InitializeOnLoad BuildService                                                                                  :        2 samples, Peak.   134 us (1.0x), Avg.   128 us, Total. 255.4 us (0.0%)
[Performance] InitializeOnLoad AdsService                                                                                    :        2 samples, Peak.   903 us (1.5x), Avg.   621 us, Total. 1.242 ms (0.0%)
[Performance] InitializeOnLoad UDPService                                                                                    :        2 samples, Peak.   183 us (1.2x), Avg.   152 us, Total. 303.1 us (0.0%)
[Performance] InitializeOnLoad CrashService                                                                                  :        2 samples, Peak.   138 us (1.1x), Avg.   124 us, Total. 247.8 us (0.0%)
[Performance] InitializeOnLoad ServicesRepository                                                                            :        2 samples, Peak.   500 ns (1.1x), Avg.   450 ns, Total. 900.0 ns (0.0%)
[Performance] InitializeOnLoad SearchWindow                                                                                  :        2 samples, Peak.   152 us (1.2x), Avg.   123 us, Total. 246.4 us (0.0%)
[Performance] InitializeOnLoad CustomIndexers                                                                                :        2 samples, Peak.  16.5 ms (1.1x), Avg.  14.5 ms, Total. 28.99 ms (0.1%)
[Performance] InitializeOnLoad SearchMonitor                                                                                 :        2 samples, Peak.   920 us (1.1x), Avg.   873 us, Total. 1.745 ms (0.0%)
[Performance] InitializeOnLoad ParameterControllerEditor                                                                     :        2 samples, Peak.  28.7 us (1.2x), Avg.  23.5 us, Total. 47.00 us (0.0%)
[Performance] InitializeOnLoad LayerSettingsWindow                                                                           :        2 samples, Peak.  36.4 us (1.9x), Avg.  19.6 us, Total. 39.30 us (0.0%)
[Performance] InitializeOnLoad PackageManagerHookGUIDConverter.RegisterPackagesEventHandler                                  :        2 samples, Peak.  1.82 ms (1.8x), Avg.  1.01 ms, Total. 2.013 ms (0.0%)
[Performance] InitializeOnLoad EditorDragAndDrop.RegisterEditorClient                                                        :        2 samples, Peak.   293 us (1.1x), Avg.   276 us, Total. 551.7 us (0.0%)
[Performance] InitializeOnLoad EditorEventCallbacks.InitializeFontAssetResourceChangeCallBacks                               :        2 samples, Peak.  1.52 ms (1.1x), Avg.  1.39 ms, Total. 2.780 ms (0.0%)
[Performance] InitializeOnLoad SceneTemplateService.Init                                                                     :        2 samples, Peak.  1.25 ms (1.1x), Avg.  1.09 ms, Total. 2.180 ms (0.0%)
[Performance] InitializeOnLoad DiagnosticSwitchesConsoleMessage.Init                                                         :        2 samples, Peak.  4.35 ms (1.7x), Avg.  2.55 ms, Total. 5.102 ms (0.0%)
[Performance] InitializeOnLoad PackageManagerWindow.EditorInitializedInSafeMode                                              :        2 samples, Peak.  24.3 ms (2.0x), Avg.  12.2 ms, Total. 24.46 ms (0.0%)
[Performance] InitializeOnLoad ToolShortcutContext.Init                                                                      :        2 samples, Peak.   168 us (1.2x), Avg.   146 us, Total. 291.0 us (0.0%)
[Performance] InitializeOnLoad MemoryProfilerCompilationGuard.InjectCompileGuard                                             :        2 samples, Peak.   220 us (1.3x), Avg.   171 us, Total. 342.0 us (0.0%)
[Performance] InitializeOnLoad AssetPostprocessingInternal.RefreshCustomDependencies                                         :        2 samples, Peak.  4.94 ms (1.1x), Avg.  4.30 ms, Total. 8.593 ms (0.0%)
[Performance] InitializeOnLoad SysrootManager.Initialize                                                                     :        2 samples, Peak.   806 us (1.2x), Avg.   697 us, Total. 1.395 ms (0.0%)
[Performance] InitializeOnLoad ScopedRegistryAddedPopup.SubscribeToRegistriesAdded                                           :        2 samples, Peak.  7.21 ms (2.0x), Avg.  3.65 ms, Total. 7.299 ms (0.0%)
[Performance] InitializeOnLoad SceneVisibilityManager.Initialize                                                             :        2 samples, Peak.  4.19 ms (1.6x), Avg.  2.54 ms, Total. 5.083 ms (0.0%)
[Performance] InitializeOnLoad EditorWindow.Initialize                                                                       :        2 samples, Peak.   263 us (1.1x), Avg.   233 us, Total. 466.7 us (0.0%)
[Performance] AssemblyReloadEvents.afterAssemblyReload: UnityEditor.SceneTemplate.SceneTemplateService.AfterAssemblyReload   :        2 samples, Peak.  4.54 ms (1.9x), Avg.  2.40 ms, Total. 4.807 ms (0.0%)
[Performance] ProcessService.EditorAfterLoadAllAssemblies                                                                    :        2 samples, Peak.   390 us (1.3x), Avg.   309 us, Total. 617.1 us (0.0%)
[Performance] Application.ReadLicenseInfo                                                                                    :        1 samples, Peak.  16.2 ms (1.0x), Avg.  16.2 ms, Total. 16.22 ms (0.0%)
[Performance] Application.InitialRefresh                                                                                     :        1 samples, Peak.  18.1 s (1.0x), Avg.  18.1 s, Total. 18.11 s (31.5%)
[Performance] Compiling Scripts                                                                                              :        1 samples, Peak.  10.8 s (1.0x), Avg.  10.8 s, Total. 10.77 s (18.7%)
[Performance] AssemblyReloadEvents.beforeAssemblyReload: UnityEditor.SceneTemplate.SceneTemplateService.BeforeAssemblyReload :        1 samples, Peak.   568 us (1.0x), Avg.   568 us, Total. 568.2 us (0.0%)
[Performance] InitializeOnLoad BurstLoader                                                                                   :        1 samples, Peak.  2.14 s (1.0x), Avg.  2.14 s, Total. 2.138 s (3.7%)
[Performance] InitializeOnLoad ShadowCasterGroup2DManager                                                                    :        1 samples, Peak.   137 us (1.0x), Avg.   137 us, Total. 137.4 us (0.0%)
[Performance] InitializeOnLoad OnDomainReload                                                                                :        1 samples, Peak.   869 us (1.0x), Avg.   869 us, Total. 868.7 us (0.0%)
[Performance] InitializeOnLoad EditorInitialize                                                                              :        4 samples, Peak.  30.0 ms (3.7x), Avg.  8.17 ms, Total. 32.69 ms (0.1%)
[Performance] InitializeOnLoad CanvasesAndTheirOwners                                                                        :        1 samples, Peak.   249 us (1.0x), Avg.   249 us, Total. 248.8 us (0.0%)
[Performance] InitializeOnLoad ProbeGIBaking                                                                                 :        1 samples, Peak.  2.33 ms (1.0x), Avg.  2.33 ms, Total. 2.326 ms (0.0%)
[Performance] InitializeOnLoad FilterWindow                                                                                  :        1 samples, Peak.  41.5 us (1.0x), Avg.  41.5 us, Total. 41.50 us (0.0%)
[Performance] InitializeOnLoad RealtimeProbeSubdivisionDebug                                                                 :        1 samples, Peak.  92.3 us (1.0x), Avg.  92.3 us, Total. 92.30 us (0.0%)
[Performance] InitializeOnLoad CinemachineStoryboardMute                                                                     :        1 samples, Peak.   312 us (1.0x), Avg.   312 us, Total. 311.9 us (0.0%)
[Performance] InitializeOnLoad SaveDuringPlay                                                                                :        1 samples, Peak.   181 us (1.0x), Avg.   181 us, Total. 180.9 us (0.0%)
[Performance] InitializeOnLoad CollectGizmoDrawers                                                                           :        1 samples, Peak.  11.4 ms (1.0x), Avg.  11.4 ms, Total. 11.41 ms (0.0%)
[Performance] InitializeOnLoad CinemachineScreenComposerGuidesGlobalDraggable                                                :        1 samples, Peak.   515 us (1.0x), Avg.   515 us, Total. 514.9 us (0.0%)
[Performance] InitializeOnLoad CinemachineEditorAnalytics                                                                    :        1 samples, Peak.  2.98 ms (1.0x), Avg.  2.98 ms, Total. 2.980 ms (0.0%)
[Performance] InitializeOnLoad CreateRigWithUndo                                                                             :        1 samples, Peak.   259 us (1.0x), Avg.   259 us, Total. 259.1 us (0.0%)
[Performance] InitializeOnLoad CreatePipelineWithUndo                                                                        :        1 samples, Peak.   139 us (1.0x), Avg.   139 us, Total. 139.3 us (0.0%)
[Performance] InitializeOnLoad SyncCacheEnabledSetting                                                                       :        1 samples, Peak.  2.34 ms (1.0x), Avg.  2.34 ms, Total. 2.341 ms (0.0%)
[Performance] InitializeOnLoad CinemachineColliderPrefs                                                                      :        1 samples, Peak.   196 us (1.0x), Avg.   196 us, Total. 195.8 us (0.0%)
[Performance] InitializeOnLoad EditorToolManager                                                                             :        2 samples, Peak.  2.09 ms (1.8x), Avg.  1.14 ms, Total. 2.287 ms (0.0%)
[Performance] InitializeOnLoad NodeClassCache                                                                                :        1 samples, Peak.  7.00 us (1.0x), Avg.  7.00 us, Total. 7.000 us (0.0%)
[Performance] InitializeOnLoad ShaderGraphMaterialsUpdater                                                                   :        2 samples, Peak.   327 us (1.7x), Avg.   198 us, Total. 396.7 us (0.0%)
[Performance] InitializeOnLoad Renderer2DAnalytics                                                                           :        1 samples, Peak.  83.7 us (1.0x), Avg.  83.7 us, Total. 83.70 us (0.0%)
[Performance] InitializeOnLoad BackgroundWatcher                                                                             :        1 samples, Peak.   128 us (1.0x), Avg.   128 us, Total. 127.6 us (0.0%)
[Performance] InitializeOnLoad UnityTestProtocolStarter                                                                      :        1 samples, Peak.   175 us (1.0x), Avg.   175 us, Total. 174.6 us (0.0%)
[Performance] InitializeOnLoad TestStarter                                                                                   :        1 samples, Peak.   558 us (1.0x), Avg.   558 us, Total. 558.4 us (0.0%)
[Performance] InitializeOnLoad RerunCallbackInitializer                                                                      :        1 samples, Peak.  2.97 ms (1.0x), Avg.  2.97 ms, Total. 2.969 ms (0.0%)
[Performance] InitializeOnLoad RiderScriptEditor                                                                             :        1 samples, Peak.  10.3 ms (1.0x), Avg.  10.3 ms, Total. 10.29 ms (0.0%)
[Performance] InitializeOnLoad CallbackInitializer                                                                           :        1 samples, Peak.  1.33 ms (1.0x), Avg.  1.33 ms, Total. 1.328 ms (0.0%)
[Performance] InitializeOnLoad SpriteEditorWindow                                                                            :        1 samples, Peak.   553 us (1.0x), Avg.   553 us, Total. 552.6 us (0.0%)
[Performance] InitializeOnLoad PackageEntryPoint                                                                             :        1 samples, Peak.   517 ms (1.0x), Avg.   517 ms, Total. 517.3 ms (0.9%)
[Performance] InitializeOnLoad BackgroundImport                                                                              :        1 samples, Peak.   266 us (1.0x), Avg.   266 us, Total. 266.5 us (0.0%)
[Performance] InitializeOnLoad VSUsageUtility                                                                                :        1 samples, Peak.  38.4 ms (1.0x), Avg.  38.4 ms, Total. 38.37 ms (0.1%)
[Performance] InitializeOnLoad VisualStudioEditor                                                                            :        1 samples, Peak.  20.7 ms (1.0x), Avg.  20.7 ms, Total. 20.65 ms (0.0%)
[Performance] InitializeOnLoad TestRunnerApiListener                                                                         :        1 samples, Peak.  2.43 ms (1.0x), Avg.  2.43 ms, Total. 2.434 ms (0.0%)
[Performance] InitializeOnLoad VisualStudioIntegration                                                                       :        1 samples, Peak.  12.1 ms (1.0x), Avg.  12.1 ms, Total. 12.14 ms (0.0%)
[Performance] InitializeOnLoad PrefabLayoutRebuilder                                                                         :        1 samples, Peak.   317 us (1.0x), Avg.   317 us, Total. 316.5 us (0.0%)
[Performance] InitializeOnLoad SpriteSkinCompositeStartup                                                                    :        1 samples, Peak.  22.7 ms (1.0x), Avg.  22.7 ms, Total. 22.74 ms (0.0%)
[Performance] InitializeOnLoad UnityInternalsInjector                                                                        :        1 samples, Peak.  1.78 ms (1.0x), Avg.  1.78 ms, Total. 1.777 ms (0.0%)
[Performance] InitializeOnLoad UVCSToolbarBoostrap                                                                           :        1 samples, Peak.  74.4 ms (1.0x), Avg.  74.4 ms, Total. 74.36 ms (0.1%)
[Performance] InitializeOnLoad UnityAnalyticsStorage                                                                         :        1 samples, Peak.   414 us (1.0x), Avg.   414 us, Total. 414.2 us (0.0%)
[Performance] InitializeOnLoad BoneGizmoInitializer                                                                          :        1 samples, Peak.  4.49 ms (1.0x), Avg.  4.49 ms, Total. 4.489 ms (0.0%)
[Performance] InitializeOnLoad Analytics                                                                                     :        1 samples, Peak.   279 us (1.0x), Avg.   279 us, Total. 278.8 us (0.0%)
[Performance] InitializeOnLoad SceneDragAndDrop                                                                              :        1 samples, Peak.   210 us (1.0x), Avg.   210 us, Total. 209.7 us (0.0%)
[Performance] InitializeOnLoad SpriteShapeUpdateCache                                                                        :        1 samples, Peak.   716 us (1.0x), Avg.   716 us, Total. 716.0 us (0.0%)
[Performance] InitializeOnLoad SpriteShapeUnityAnalyticsStorage                                                              :        1 samples, Peak.  39.4 us (1.0x), Avg.  39.4 us, Total. 39.40 us (0.0%)
[Performance] InitializeOnLoad IKEditorManager.CreateInstance                                                                :        1 samples, Peak.  3.34 ms (1.0x), Avg.  3.34 ms, Total. 3.335 ms (0.0%)
[Performance] InitializeOnLoad $BurstDirectCallInitializer.Initialize                                                        :        7 samples, Peak.   103 ms (5.0x), Avg.  20.6 ms, Total. 144.5 ms (0.3%)
[Performance] InitializeOnLoad SceneViewGridManager.Initialize                                                               :        1 samples, Peak.  14.3 ms (1.0x), Avg.  14.3 ms, Total. 14.30 ms (0.0%)
[Performance] InitializeOnLoad TilemapPrefabStageHelper.Initialize                                                           :        1 samples, Peak.  16.1 ms (1.0x), Avg.  16.1 ms, Total. 16.14 ms (0.0%)
[Performance] InitializeOnLoad SceneViewOpenTilePaletteHelper.Initialize                                                     :        1 samples, Peak.  2.07 ms (1.0x), Avg.  2.07 ms, Total. 2.074 ms (0.0%)
[Performance] InitializeOnLoad TileDragAndDropManager.Initialize                                                             :        1 samples, Peak.  1.18 ms (1.0x), Avg.  1.18 ms, Total. 1.178 ms (0.0%)
[Performance] InitializeOnLoad VisualStudioEditor.LegacyVisualStudioCodePackageDisabler                                      :        1 samples, Peak.   503 us (1.0x), Avg.   503 us, Total. 502.7 us (0.0%)
[Performance] InitializeOnLoad MaterialReimporter.RegisterUpgraderReimport                                                   :        2 samples, Peak.   265 us (1.7x), Avg.   156 us, Total. 312.5 us (0.0%)
[Performance] InitializeOnLoad BackgroundImport.Setup                                                                        :        1 samples, Peak.  2.33 ms (1.0x), Avg.  2.33 ms, Total. 2.332 ms (0.0%)
[Performance] InitializeOnLoad TestJobDataHolder.ResumeRunningJobs                                                           :        1 samples, Peak.  1.51 ms (1.0x), Avg.  1.51 ms, Total. 1.509 ms (0.0%)
[Performance] InitializeOnLoad AnalyticsReporter.RegisterCallbacks                                                           :        1 samples, Peak.   481 us (1.0x), Avg.   481 us, Total. 481.1 us (0.0%)
[Performance] InitializeOnLoad DebugManagerWindowLifetimeAnalytic.SubscribeToDebugManagerOpenCloseWindows                    :        1 samples, Peak.   521 us (1.0x), Avg.   521 us, Total. 521.4 us (0.0%)
[Performance] InitializeOnLoad CoreRenderPipelinePreferences.InitPreferenceProviders                                         :        1 samples, Peak.  31.0 ms (1.0x), Avg.  31.0 ms, Total. 31.03 ms (0.1%)
[Performance] InitializeOnLoad VolumeGizmoDrawer.InitVolumeGizmoCallbacks                                                    :        1 samples, Peak.   458 us (1.0x), Avg.   458 us, Total. 458.2 us (0.0%)
[Performance] DidReloadScriptsCinemachineExtension.OnScriptReload                                                            :        1 samples, Peak.   472 us (1.0x), Avg.   472 us, Total. 471.6 us (0.0%)
[Performance] DidReloadScriptsCinemachineVirtualCameraBase.OnScriptReload                                                    :        1 samples, Peak.   172 us (1.0x), Avg.   172 us, Total. 172.4 us (0.0%)
[Performance] DidReloadScriptsTestRunnerWindow.CompilationCallback                                                           :        1 samples, Peak.   584 us (1.0x), Avg.   584 us, Total. 583.7 us (0.0%)
[Performance] DidReloadScriptsTestListCache.ScriptReloaded                                                                   :        1 samples, Peak.  1.59 ms (1.0x), Avg.  1.59 ms, Total. 1.592 ms (0.0%)
[Performance] DidReloadScriptsLookDev.OnEditorReload                                                                         :        1 samples, Peak.   246 us (1.0x), Avg.   246 us, Total. 246.2 us (0.0%)
[Performance] DidReloadScriptsDebugWindow.OnEditorReload                                                                     :        1 samples, Peak.  12.0 ms (1.0x), Avg.  12.0 ms, Total. 12.01 ms (0.0%)
[Performance] DidReloadScriptsVolumeComponentEditor.OnEditorReload                                                           :        1 samples, Peak.  23.7 ms (1.0x), Avg.  23.7 ms, Total. 23.69 ms (0.0%)
[Performance] DidReloadScriptsAdvancedDropdownWindow.OnScriptReload                                                          :        1 samples, Peak.   428 us (1.0x), Avg.   428 us, Total. 428.2 us (0.0%)
[Performance] AssemblyReloadEvents.afterAssemblyReload: UnityEditor.U2D.Animation.BoneGizmo.OnAfterAssemblyReload            :        1 samples, Peak.  1.30 ms (1.0x), Avg.  1.30 ms, Total. 1.302 ms (0.0%)
[Performance] CinemachineSettings.OnPostprocessAllAssets                                                                     :        6 samples, Peak.   501 us (3.0x), Avg.   166 us, Total. 996.5 us (0.0%)
[Performance] UniversalRenderPipelineGlobalSettingsPostprocessor.OnPostprocessAllAssets                                      :        6 samples, Peak.  2.47 ms (3.0x), Avg.   828 us, Total. 4.970 ms (0.0%)
[Performance] SyncVS.PostprocessSyncProject                                                                                  :        3 samples, Peak.  5.01 ms (2.5x), Avg.  2.02 ms, Total. 6.057 ms (0.0%)
[Performance] Application.ImportPackagesAndSetTemplateWhenCreatingProject                                                    :        1 samples, Peak.  29.5 ms (1.0x), Avg.  29.5 ms, Total. 29.49 ms (0.1%)
[Performance] Application.SyncCurrentColorSpace                                                                              :        1 samples, Peak.   199 ms (1.0x), Avg.   199 ms, Total. 198.8 ms (0.3%)
[Performance] Application.OnUsbDevicesChanged                                                                                :        1 samples, Peak.  2.43 ms (1.0x), Avg.  2.43 ms, Total. 2.431 ms (0.0%)
[Performance] Application.AssetInstanceCacheUpdate                                                                           :        1 samples, Peak.   300 ns (1.0x), Avg.   300 ns, Total. 300.0 ns (0.0%)
[Performance] Application.UnityExtensions.Initialize                                                                         :        1 samples, Peak.  8.89 ms (1.0x), Avg.  8.89 ms, Total. 8.889 ms (0.0%)
[Performance] CodeEditorProjectSync.SyncEditorProject                                                                        :        1 samples, Peak.   224 ms (1.0x), Avg.   224 ms, Total. 224.0 ms (0.4%)
[Performance] Application.ExecuteStartups                                                                                    :        1 samples, Peak.  56.3 ms (1.0x), Avg.  56.3 ms, Total. 56.28 ms (0.1%)
[Performance] Menu.RegisterMenuInterface                                                                                     :       26 samples, Peak.  2.50 us (8.8x), Avg.   285 ns, Total. 7.400 us (0.0%)
[Performance] Gizmo.RebuildRenderers                                                                                         :        2 samples, Peak.  51.6 ms (1.3x), Avg.  39.6 ms, Total. 79.23 ms (0.1%)
[Performance] Gizmo.AddGizmoRenderers                                                                                        :      210 samples, Peak.  1.91 ms (72.6x), Avg.  26.3 us, Total. 5.513 ms (0.0%)
[Performance] Application.editorInitializingProject                                                                          :        1 samples, Peak.   148 ms (1.0x), Avg.   148 ms, Total. 147.8 ms (0.3%)
[Performance] Application.InitializeMenu                                                                                     :        1 samples, Peak.   165 ms (1.0x), Avg.   165 ms, Total. 164.8 ms (0.3%)
[Performance] Menu.RebuildAll                                                                                                :        1 samples, Peak.   165 ms (1.0x), Avg.   165 ms, Total. 164.8 ms (0.3%)
[Performance] Menu.BuildRegisteredMenuInterfaces                                                                             :        1 samples, Peak.   163 ms (1.0x), Avg.   163 ms, Total. 162.6 ms (0.3%)
[Performance] Menu.FilterMenuItem                                                                                            :      843 samples, Peak.   105 ms (839.8x), Avg.   125 us, Total. 105.1 ms (0.2%)
[Performance] UpdateAllMenus                                                                                                 :        1 samples, Peak.   563 us (1.0x), Avg.   563 us, Total. 563.1 us (0.0%)
[Performance] Menu.RebuildOSMainMenu                                                                                         :        2 samples, Peak.  1.80 ms (1.1x), Avg.  1.62 ms, Total. 3.240 ms (0.0%)
[Performance] EditorSceneManager.sceneClosing: UnityEditor.SceneVisibilityManager.EditorSceneManagerOnSceneClosing           :       24 samples, Peak.   299 us (18.5x), Avg.  16.1 us, Total. 387.6 us (0.0%)
[Performance] GUIView.RepaintAll.PlayerLoopController                                                                        :        4 samples, Peak.  3.20 us (1.5x), Avg.  2.08 us, Total. 8.300 us (0.0%)
[Performance] EditorSceneManager.newSceneCreated: UnityEditor.SceneTemplate.SceneTemplateService.OnNewSceneCreated           :        3 samples, Peak.   262 us (2.9x), Avg.  89.1 us, Total. 267.3 us (0.0%)
[Performance] EditorSceneManager.newSceneCreated: UnityEditor.SceneVisibilityManager.EditorSceneManagerOnNewSceneCreated     :        3 samples, Peak.   221 us (2.4x), Avg.  91.2 us, Total. 273.6 us (0.0%)
[Performance] EditorSceneManager.newSceneCreated: UnityEditor.SceneManagement.StageNavigationManager.OnNewSceneCreated       :        3 samples, Peak.  66.1 us (2.8x), Avg.  23.3 us, Total. 69.80 us (0.0%)
[Performance] Application.InvokeFinishedLoadingProject                                                                       :        1 samples, Peak.  37.0 ms (1.0x), Avg.  37.0 ms, Total. 37.02 ms (0.1%)
[Performance] ProcessService.OnProjectLoaded                                                                                 :        1 samples, Peak.  59.3 us (1.0x), Avg.  59.3 us, Total. 59.30 us (0.0%)
[Performance] VersionControl.Task.Wait                                                                                       :        1 samples, Peak.  17.7 us (1.0x), Avg.  17.7 us, Total. 17.70 us (0.0%)
[Performance] PaletteAssetModificationProcessor.OnWillSaveAssets                                                             :        4 samples, Peak.  1.86 ms (3.9x), Avg.   475 us, Total. 1.899 ms (0.0%)
[Performance] StateMacroSavedEvent.OnWillSaveAssets                                                                          :        4 samples, Peak.   270 us (3.5x), Avg.  77.1 us, Total. 308.5 us (0.0%)
[Performance] FlowMacroSavedEvent.OnWillSaveAssets                                                                           :        4 samples, Peak.   164 us (3.7x), Avg.  44.9 us, Total. 179.5 us (0.0%)
[Performance] UnityCloudProjectLinkMonitor.OnWillSaveAssets                                                                  :        4 samples, Peak.   402 us (4.0x), Avg.   101 us, Total. 405.9 us (0.0%)
[Performance] UVCSAssetModificationProcessor.OnWillSaveAssets                                                                :        4 samples, Peak.   315 us (4.0x), Avg.  79.7 us, Total. 318.8 us (0.0%)
[Performance] BuilderAssetModificationProcessor.OnWillSaveAssets                                                             :        4 samples, Peak.   459 us (3.9x), Avg.   118 us, Total. 470.9 us (0.0%)
[Performance] TerrainModificationProcessor.OnWillSaveAssets                                                                  :        4 samples, Peak.   653 us (4.0x), Avg.   165 us, Total. 659.1 us (0.0%)
[Performance] AssetDatabase.ImportAssets                                                                                     :        8 samples, Peak.   215 ms (5.8x), Avg.  37.0 ms, Total. 296.0 ms (0.5%)
[Performance] ShaderImporter.SourceAssetModified                                                                             :        1 samples, Peak.   400 ns (1.0x), Avg.   400 ns, Total. 400.0 ns (0.0%)
[Performance] ShaderIncludeImporter.SourceAssetModified                                                                      :        1 samples, Peak.   900 ns (1.0x), Avg.   900 ns, Total. 900.0 ns (0.0%)
[Performance] PSDImporterAssetPostProcessor.OnPreprocessAsset                                                                :        2 samples, Peak.   477 us (1.9x), Avg.   252 us, Total. 503.5 us (0.0%)
[Performance] PresetManagerPostProcessor.OnPreprocessAsset                                                                   :        2 samples, Peak.   356 us (1.4x), Avg.   247 us, Total. 493.4 us (0.0%)
[Performance] CancelSplashScreenOnAssetChange.OnPreprocessAsset                                                              :        2 samples, Peak.   170 us (1.9x), Avg.  88.2 us, Total. 176.4 us (0.0%)
[Performance] ShaderGraphAssetPostProcessor.OnPreprocessAsset                                                                :        2 samples, Peak.   192 us (1.9x), Avg.  99.0 us, Total. 198.1 us (0.0%)
[Performance] SpritePostProcess.OnPreprocessAsset                                                                            :        2 samples, Peak.  1.77 ms (2.0x), Avg.   893 us, Total. 1.786 ms (0.0%)
[Performance] TMPro_TexturePostProcessor.OnPostprocessAllAssets                                                              :        4 samples, Peak.   446 us (1.8x), Avg.   250 us, Total. 1.001 ms (0.0%)
[Performance] UVCSAssetPostprocessor.OnPostprocessAllAssets                                                                  :        4 samples, Peak.   455 us (1.9x), Avg.   245 us, Total. 979.0 us (0.0%)
[Performance] BuilderAssetPostprocessor.OnPostprocessAllAssets                                                               :        4 samples, Peak.  2.72 ms (2.0x), Avg.  1.37 ms, Total. 5.473 ms (0.0%)
[Performance] ArtifactBrowserPostProcessor.OnPostprocessAllAssets                                                            :        4 samples, Peak.   535 us (2.0x), Avg.   270 us, Total. 1.078 ms (0.0%)
[Performance] AssetEvents.OnPostprocessAllAssets                                                                             :        8 samples, Peak.   476 us (3.3x), Avg.   144 us, Total. 1.150 ms (0.0%)
[Performance] AudioMixerPostprocessor.OnPostprocessAllAssets                                                                 :        4 samples, Peak.   325 us (1.9x), Avg.   171 us, Total. 684.9 us (0.0%)
[Performance] StyleCatalogPostProcessor.OnPostprocessAllAssets                                                               :        4 samples, Peak.   101 ms (2.0x), Avg.  50.4 ms, Total. 201.8 ms (0.4%)
[Performance] BuildCatalog                                                                                                   :        1 samples, Peak.  99.6 ms (1.0x), Avg.  99.6 ms, Total. 99.62 ms (0.2%)
[Performance] ModelImporterPostProcessor.OnPostprocessAllAssets                                                              :        4 samples, Peak.  2.31 ms (2.0x), Avg.  1.16 ms, Total. 4.651 ms (0.0%)
[Performance] MaterialPostprocessor.OnPostprocessAllAssets                                                                   :        8 samples, Peak.  1.56 ms (2.3x), Avg.   682 us, Total. 5.459 ms (0.0%)
[Performance] RetainedModeAssetPostprocessor.OnPostprocessAllAssets                                                          :        4 samples, Peak.  3.82 ms (1.9x), Avg.  1.96 ms, Total. 7.860 ms (0.0%)
[Performance] AssetChangedListener.OnPostprocessAllAssets                                                                    :        4 samples, Peak.  9.27 ms (2.0x), Avg.  4.65 ms, Total. 18.58 ms (0.0%)
[Performance] PostProcessor.OnPostprocessAllAssets                                                                           :        4 samples, Peak.   252 us (1.9x), Avg.   131 us, Total. 524.8 us (0.0%)
[Performance] ShaderGraphAssetPostProcessor.OnPostprocessAllAssets                                                           :        4 samples, Peak.  1.35 ms (1.5x), Avg.   898 us, Total. 3.590 ms (0.0%)
[Performance] SpeedTreePostProcessor.OnPostprocessAllAssets                                                                  :        4 samples, Peak.   207 us (1.9x), Avg.   109 us, Total. 436.7 us (0.0%)
[Performance] TextAssetPostProcessor.OnPostprocessAllAssets                                                                  :        4 samples, Peak.   442 us (1.9x), Avg.   228 us, Total. 911.9 us (0.0%)
[Performance] AssetProcessor.OnPostprocessAllAssets                                                                          :       12 samples, Peak.   991 us (3.0x), Avg.   330 us, Total. 3.959 ms (0.0%)
[Performance] SpriteLibraryAssetPostprocessor.OnPostprocessAllAssets                                                         :        4 samples, Peak.   271 us (2.0x), Avg.   136 us, Total. 543.5 us (0.0%)
[Performance] PSDImporterAssetPostProcessor.OnPostprocessAllAssets                                                           :        4 samples, Peak.   110 us (2.0x), Avg.  55.5 us, Total. 222.1 us (0.0%)
[Performance] PSDImportPostProcessor.OnPostprocessAllAssets                                                                  :        4 samples, Peak.   136 us (2.0x), Avg.  68.0 us, Total. 271.9 us (0.0%)
[Performance] SpriteEditorTexturePostprocessor.OnPostprocessAllAssets                                                        :        4 samples, Peak.   289 us (1.5x), Avg.   191 us, Total. 763.1 us (0.0%)
[Performance] SpriteShapeAssetPostProcessor.OnPostprocessAllAssets                                                           :        4 samples, Peak.   301 us (1.6x), Avg.   192 us, Total. 766.6 us (0.0%)
[Performance] Inspector.InitOrRebuild                                                                                        :       22 samples, Peak.   814 us (2.5x), Avg.   320 us, Total. 7.032 ms (0.0%)
[Performance] GenerateAssemblyTypeInfos                                                                                      :        2 samples, Peak.  26.9 ms (1.1x), Avg.  25.2 ms, Total. 50.48 ms (0.1%)
[Performance] AssetDatabase.Refresh                                                                                          :        1 samples, Peak.  9.63 ms (1.0x), Avg.  9.63 ms, Total. 9.627 ms (0.0%)
[Performance] EditorSceneManager.sceneOpened: UnityEditor.SceneTemplate.SceneTemplateService.OnSceneOpened                   :       20 samples, Peak.   349 us (17.9x), Avg.  19.5 us, Total. 389.3 us (0.0%)
[Performance] EditorSceneManager.sceneOpened: UnityEditor.SceneVisibilityManager.EditorSceneManagerOnSceneOpened             :       20 samples, Peak.   252 us (15.8x), Avg.  15.9 us, Total. 317.8 us (0.0%)
[Performance] EditorSceneManager.sceneOpened: UnityEditor.SceneManagement.StageNavigationManager.OnSceneOpened               :       20 samples, Peak.  63.0 us (14.2x), Avg.  4.42 us, Total. 88.50 us (0.0%)
[Performance] TimelineAnalyticsProcess.OnProcessScene                                                                        :       20 samples, Peak.  1.92 ms (17.5x), Avg.   110 us, Total. 2.194 ms (0.0%)
[Performance] UnityBuildPostprocessor.OnProcessScene                                                                         :       20 samples, Peak.   575 us (8.4x), Avg.  68.7 us, Total. 1.374 ms (0.0%)
[Performance] EditorApplication.quitting: Unity.Burst.Editor.BurstLoader.OnEditorApplicationQuitting                         :        1 samples, Peak.  34.9 us (1.0x), Avg.  34.9 us, Total. 34.90 us (0.0%)
[Performance] EditorApplication.quitting: UnityEditor.Tilemaps.SceneViewGridManager.EditorQuitting                           :        1 samples, Peak.  89.0 us (1.0x), Avg.  89.0 us, Total. 89.00 us (0.0%)
[Performance] EditorApplication.quitting: callback in UnityEditor.TextCore.Text.EditorEventCallbacks                         :        1 samples, Peak.  83.0 ms (1.0x), Avg.  83.0 ms, Total. 82.96 ms (0.1%)
[Performance] Application.Shutdown.PauseProfilerSession                                                                      :        1 samples, Peak.  42.7 us (1.0x), Avg.  42.7 us, Total. 42.70 us (0.0%)
[Performance] Application.Shutdown.PauseAssetImportWorkers                                                                   :        1 samples, Peak.  9.65 ms (1.0x), Avg.  9.65 ms, Total. 9.652 ms (0.0%)
[Performance] Application.Shutdown.SaveAssets                                                                                :        1 samples, Peak.  31.5 ms (1.0x), Avg.  31.5 ms, Total. 31.47 ms (0.1%)
[Performance] Application.Shutdown.CleanupRenderPipeline                                                                     :        1 samples, Peak.  15.4 us (1.0x), Avg.  15.4 us, Total. 15.40 us (0.0%)
[Performance] Application.Shutdown.StopPreloadManager                                                                        :        1 samples, Peak.  9.61 ms (1.0x), Avg.  9.61 ms, Total. 9.613 ms (0.0%)
[Performance] Application.Shutdown.DestroyWorld                                                                              :        1 samples, Peak.   691 us (1.0x), Avg.   691 us, Total. 691.3 us (0.0%)
[Performance] Application.Shutdown.CleanupAfterLoad                                                                          :        1 samples, Peak.   181 ms (1.0x), Avg.   181 ms, Total. 181.5 ms (0.3%)
[Performance] Application.Shutdown.Progress                                                                                  :        1 samples, Peak.  22.7 us (1.0x), Avg.  22.7 us, Total. 22.70 us (0.0%)
[Performance] Application.Shutdown.GICleanupManagers                                                                         :        1 samples, Peak.  4.48 ms (1.0x), Avg.  4.48 ms, Total. 4.483 ms (0.0%)
[Performance] Application.Shutdown.MenuCleanupClass                                                                          :        1 samples, Peak.   269 us (1.0x), Avg.   269 us, Total. 269.3 us (0.0%)
[Performance] Application.Shutdown.ADBSaveStateBeforeShutdown                                                                :        1 samples, Peak.  10.6 us (1.0x), Avg.  10.6 us, Total. 10.60 us (0.0%)
[Performance] Application.Shutdown.RemoteShutdown                                                                            :        1 samples, Peak.  1.30 us (1.0x), Avg.  1.30 us, Total. 1.300 us (0.0%)
[Performance] Application.Shutdown.CleanupVCProvider                                                                         :        1 samples, Peak.  16.8 us (1.0x), Avg.  16.8 us, Total. 16.80 us (0.0%)
[Performance] Application.Shutdown.InputShutdown                                                                             :        1 samples, Peak.  2.70 us (1.0x), Avg.  2.70 us, Total. 2.700 us (0.0%)
[Performance] Application.Shutdown.GizmoManagerDestroy                                                                       :        1 samples, Peak.   946 us (1.0x), Avg.   946 us, Total. 946.3 us (0.0%)
[Performance] Application.Shutdown.ProfilerSession                                                                           :        1 samples, Peak.   235 us (1.0x), Avg.   235 us, Total. 235.0 us (0.0%)
[Performance] Application.Shutdown.ReleaseGfxWindowOnAllGUIViews                                                             :        1 samples, Peak.   600 ns (1.0x), Avg.   600 ns, Total. 600.0 ns (0.0%)
[Performance] Application.Shutdown.CleanupEngine                                                                             :        1 samples, Peak.   176 ms (1.0x), Avg.   176 ms, Total. 175.8 ms (0.3%)
[Performance] Application.Shutdown.CleanupAssetDatabase                                                                      :        1 samples, Peak.  28.8 ms (1.0x), Avg.  28.8 ms, Total. 28.76 ms (0.1%)
[Performance] Application.Shutdown.ScriptCompilationCleanUp                                                                  :        1 samples, Peak.  10.3 ms (1.0x), Avg.  10.3 ms, Total. 10.27 ms (0.0%)
[Performance] Application.Shutdown.DestroyJobSystem                                                                          :        1 samples, Peak.   203 us (1.0x), Avg.   203 us, Total. 202.7 us (0.0%)
[Performance] Application.Shutdown.CleanupPersistentManager                                                                  :        1 samples, Peak.  3.51 ms (1.0x), Avg.  3.51 ms, Total. 3.510 ms (0.0%)
[Performance] Application.Shutdown.CleanupAsyncReadManager                                                                   :        1 samples, Peak.   369 us (1.0x), Avg.   369 us, Total. 368.9 us (0.0%)
[Performance] Application.Shutdown.CleanupProgressBar                                                                        :        1 samples, Peak.   400 ns (1.0x), Avg.   400 ns, Total. 400.0 ns (0.0%)
[Performance] Application.Shutdown.CleanupMono                                                                               :        1 samples, Peak.   140 ms (1.0x), Avg.   140 ms, Total. 140.2 ms (0.2%)
[Performance] Application.Shutdown.CleanupStdConverters                                                                      :        1 samples, Peak.  13.3 us (1.0x), Avg.  13.3 us, Total. 13.30 us (0.0%)
[Performance] Application.Shutdown.UnloadAllPlatformSupportModuleNativeDlls                                                  :        1 samples, Peak.  1.30 us (1.0x), Avg.  1.30 us, Total. 1.300 us (0.0%)
[Performance] Application.Shutdown.UnloadAllPlatformSupportNativeLibraries                                                   :        1 samples, Peak. 100.0 ns (1.0x), Avg. 100.0 ns, Total. 100.00 ns (0.0%)
[Performance] Application.Shutdown.CleanupAutoDocumentation                                                                  :        1 samples, Peak.   934 us (1.0x), Avg.   934 us, Total. 933.9 us (0.0%)
[Performance] Application.Shutdown.ShaderNameManagerDestroy                                                                  :        1 samples, Peak.  57.9 us (1.0x), Avg.  57.9 us, Total. 57.90 us (0.0%)
[Performance] Application.Shutdown.CleanupCacheServer                                                                        :        1 samples, Peak.   100 ns (1.0x), Avg.   100 ns, Total. 100.0 ns (0.0%)
[Performance] Application.Shutdown.Virtualization_Shutdown                                                                   :        1 samples, Peak.  1000 ns (1.0x), Avg.  1000 ns, Total. 1000.0 ns (0.0%)
[Performance] Application.Shutdown.DevConnections                                                                            :        1 samples, Peak.   214 us (1.0x), Avg.   214 us, Total. 214.1 us (0.0%)
Exiting batchmode successfully now!
Exiting without the bug reporter. Application will terminate with return code 0