[Licensing::Module] Trying to connect to existing licensing client channel...
[Licensing::IpcConnector] Successfully connected to: "LicenseClient-sebas" at "2026-09-28T19:42:15.0730768Z"
[Licensing::Client] Code 10 while verifying Licensing Client signature (process Id: 18436, path: "C:/Program Files/Unity Hub/UnityLicensingClient_V1/Unity.Licensing.Client.exe")
[Licensing::Module] LicensingClient has failed validation; ignoring
[Licensing::Client] Handshaking with LicensingClient:
  Version:                 1.17.4+4293ba1
  Session Id:              5b781194a14141ddbdb11c8e2c9439da
  Correlation Id:          327118ad43ecf9a4bacb1ef1479aa235
  External correlation Id: 6764080882410216771
  Machine Id:              QzfgAcXbY9vgTJwL4PUf+pmnReY=
[Licensing::Module] Successfully connected to LicensingClient on channel: "LicenseClient-sebas" (connect: 0.00s, validation: 0.01s, handshake: 0.05s)
[Licensing::IpcConnector] Successfully connected to: "LicenseClient-sebas-notifications" at "2026-09-28T19:42:15.1366449Z"
[Licensing::Module] Error: Access token is unavailable; failed to update
[Licensing::Client] Successfully updated license
Built from '2022.3/respin/2022.3.62f2-4af31df585-v2' branch; Version is '2022.3.62f3 (96770f904ca7) revision 9860879'; Using compiler version '192829333'; Build Type 'Release'
OS: 'Windows 11  (10.0.26200) 64bit CoreSingleLanguage' Language: 'es' Physical Memory: 23992 MB
[Licensing::Client] Successfully resolved entitlement details
[Licensing::Module] Serial number assigned to: "4674131264841-UnityPersXXXX"
BatchMode: 1, IsHumanControllingUs: 0, StartBugReporterOnCrash: 0, Is64bit: 1, IsPro: 0
[Licensing::Client] Successfully resolved entitlement details

COMMAND LINE ARGUMENTS:
C:\Program Files\Unity\Hub\Editor\2022.3.62f3\Editor\Unity.exe
-batchmode
-quit
-nographics
-projectPath
C:\Users\sebas\objetivo-15\objetivo-15
-executeMethod
SetupCertificadoBotones.EjecutarBatch
-logFile
C:\Users\sebas\objetivo-15\setup_revert.log
Successfully changed project path to: C:\Users\sebas\objetivo-15\objetivo-15
C:/Users/sebas/objetivo-15/objetivo-15
[UnityMemory] Configuration Parameters - Can be set up in boot.config
    "memorysetup-bucket-allocator-granularity=16"
    "memorysetup-bucket-allocator-bucket-count=8"
    "memorysetup-bucket-allocator-block-size=33554432"
    "memorysetup-bucket-allocator-block-count=8"
    "memorysetup-main-allocator-block-size=16777216"
    "memorysetup-thread-allocator-block-size=16777216"
    "memorysetup-gfx-main-allocator-block-size=16777216"
    "memorysetup-gfx-thread-allocator-block-size=16777216"
    "memorysetup-cache-allocator-block-size=4194304"
    "memorysetup-typetree-allocator-block-size=2097152"
    "memorysetup-profiler-bucket-allocator-granularity=16"
    "memorysetup-profiler-bucket-allocator-bucket-count=8"
    "memorysetup-profiler-bucket-allocator-block-size=33554432"
    "memorysetup-profiler-bucket-allocator-block-count=8"
    "memorysetup-profiler-allocator-block-size=16777216"
    "memorysetup-profiler-editor-allocator-block-size=1048576"
    "memorysetup-temp-allocator-size-main=16777216"
    "memorysetup-job-temp-allocator-block-size=2097152"
    "memorysetup-job-temp-allocator-block-size-background=1048576"
    "memorysetup-job-temp-allocator-reduction-small-platforms=262144"
    "memorysetup-allocator-temp-initial-block-size-main=262144"
    "memorysetup-allocator-temp-initial-block-size-worker=262144"
    "memorysetup-temp-allocator-size-background-worker=32768"
    "memorysetup-temp-allocator-size-job-worker=262144"
    "memorysetup-temp-allocator-size-preload-manager=33554432"
    "memorysetup-temp-allocator-size-nav-mesh-worker=65536"
    "memorysetup-temp-allocator-size-audio-worker=65536"
    "memorysetup-temp-allocator-size-cloud-worker=32768"
    "memorysetup-temp-allocator-size-gi-baking-worker=262144"
    "memorysetup-temp-allocator-size-gfx=262144"
Player connection [2376]  Target information:

Player connection [2376]  * "[IP] 192.168.80.31 [Port] 55504 [Flags] 2 [Guid] 360723738 [EditorId] 360723738 [Version] 1048832 [Id] WindowsEditor(7,d4vid) [Debug] 1 [PackageName] WindowsEditor [ProjectName] Editor" 

Player connection [2376] Host joined multi-casting on [225.0.0.222:54997]...
Player connection [2376] Host joined alternative multi-casting on [225.0.0.222:34997]...
Input System module state changed to: Initialized.
[PhysX] Initialized MultithreadedTaskDispatcher with 18 workers.
[Package Manager] UpmClient::Connect -- Connected to IPC stream "Upm-10568" after 0.3 seconds.
[Package Manager] Restoring resolved packages state from cache
[Licensing::Client] Successfully resolved entitlement details
[Package Manager] Registered 60 packages:
  Packages from [https://packages.unity.com]:
    com.unity.cinemachine@2.10.7 (location: C:\Users\sebas\objetivo-15\objetivo-15\Library\PackageCache\com.unity.cinemachine@2.10.7)
    com.unity.collab-proxy@2.12.4 (location: C:\Users\sebas\objetivo-15\objetivo-15\Library\PackageCache\com.unity.collab-proxy@2.12.4)
    com.unity.ide.rider@3.0.36 (location: C:\Users\sebas\objetivo-15\objetivo-15\Library\PackageCache\com.unity.ide.rider@3.0.36)
    com.unity.ide.visualstudio@2.0.22 (location: C:\Users\sebas\objetivo-15\objetivo-15\Library\PackageCache\com.unity.ide.visualstudio@2.0.22)
    com.unity.test-framework@1.1.33 (location: C:\Users\sebas\objetivo-15\objetivo-15\Library\PackageCache\com.unity.test-framework@1.1.33)
    com.unity.textmeshpro@3.0.7 (location: C:\Users\sebas\objetivo-15\objetivo-15\Library\PackageCache\com.unity.textmeshpro@3.0.7)
    com.unity.timeline@1.7.7 (location: C:\Users\sebas\objetivo-15\objetivo-15\Library\PackageCache\com.unity.timeline@1.7.7)
    com.unity.visualscripting@1.9.4 (location: C:\Users\sebas\objetivo-15\objetivo-15\Library\PackageCache\com.unity.visualscripting@1.9.4)
    com.unity.ext.nunit@1.0.6 (location: C:\Users\sebas\objetivo-15\objetivo-15\Library\PackageCache\com.unity.ext.nunit@1.0.6)
    com.unity.mathematics@1.2.6 (location: C:\Users\sebas\objetivo-15\objetivo-15\Library\PackageCache\com.unity.mathematics@1.2.6)
    com.unity.burst@1.8.21 (location: C:\Users\sebas\objetivo-15\objetivo-15\Library\PackageCache\com.unity.burst@1.8.21)
    com.unity.2d.animation@9.2.0 (location: C:\Users\sebas\objetivo-15\objetivo-15\Library\PackageCache\com.unity.2d.animation@9.2.0)
    com.unity.2d.pixel-perfect@5.1.0 (location: C:\Users\sebas\objetivo-15\objetivo-15\Library\PackageCache\com.unity.2d.pixel-perfect@5.1.0)
    com.unity.2d.psdimporter@8.1.0 (location: C:\Users\sebas\objetivo-15\objetivo-15\Library\PackageCache\com.unity.2d.psdimporter@8.1.0)
    com.unity.2d.spriteshape@9.1.0 (location: C:\Users\sebas\objetivo-15\objetivo-15\Library\PackageCache\com.unity.2d.spriteshape@9.1.0)
    com.unity.2d.tilemap.extras@3.1.3 (location: C:\Users\sebas\objetivo-15\objetivo-15\Library\PackageCache\com.unity.2d.tilemap.extras@3.1.3)
    com.unity.2d.aseprite@1.1.9 (location: C:\Users\sebas\objetivo-15\objetivo-15\Library\PackageCache\com.unity.2d.aseprite@1.1.9)
    com.unity.searcher@4.9.2 (location: C:\Users\sebas\objetivo-15\objetivo-15\Library\PackageCache\com.unity.searcher@4.9.2)
    com.unity.2d.common@8.1.0 (location: C:\Users\sebas\objetivo-15\objetivo-15\Library\PackageCache\com.unity.2d.common@8.1.0)
    com.unity.collections@1.2.4 (location: C:\Users\sebas\objetivo-15\objetivo-15\Library\PackageCache\com.unity.collections@1.2.4)
  Built-in packages:
    com.unity.feature.2d@2.0.1 (location: C:\Users\sebas\objetivo-15\objetivo-15\Library\PackageCache\com.unity.feature.2d@2.0.1)
    com.unity.render-pipelines.universal@14.0.12 (location: C:\Users\sebas\objetivo-15\objetivo-15\Library\PackageCache\com.unity.render-pipelines.universal@14.0.12)
    com.unity.ugui@1.0.0 (location: C:\Users\sebas\objetivo-15\objetivo-15\Library\PackageCache\com.unity.ugui@1.0.0)
    com.unity.modules.ai@1.0.0 (location: C:\Users\sebas\objetivo-15\objetivo-15\Library\PackageCache\com.unity.modules.ai@1.0.0)
    com.unity.modules.androidjni@1.0.0 (location: C:\Users\sebas\objetivo-15\objetivo-15\Library\PackageCache\com.unity.modules.androidjni@1.0.0)
    com.unity.modules.animation@1.0.0 (location: C:\Users\sebas\objetivo-15\objetivo-15\Library\PackageCache\com.unity.modules.animation@1.0.0)
    com.unity.modules.assetbundle@1.0.0 (location: C:\Users\sebas\objetivo-15\objetivo-15\Library\PackageCache\com.unity.modules.assetbundle@1.0.0)
    com.unity.modules.audio@1.0.0 (location: C:\Users\sebas\objetivo-15\objetivo-15\Library\PackageCache\com.unity.modules.audio@1.0.0)
    com.unity.modules.cloth@1.0.0 (location: C:\Users\sebas\objetivo-15\objetivo-15\Library\PackageCache\com.unity.modules.cloth@1.0.0)
    com.unity.modules.director@1.0.0 (location: C:\Users\sebas\objetivo-15\objetivo-15\Library\PackageCache\com.unity.modules.director@1.0.0)
    com.unity.modules.imageconversion@1.0.0 (location: C:\Users\sebas\objetivo-15\objetivo-15\Library\PackageCache\com.unity.modules.imageconversion@1.0.0)
    com.unity.modules.imgui@1.0.0 (location: C:\Users\sebas\objetivo-15\objetivo-15\Library\PackageCache\com.unity.modules.imgui@1.0.0)
    com.unity.modules.jsonserialize@1.0.0 (location: C:\Users\sebas\objetivo-15\objetivo-15\Library\PackageCache\com.unity.modules.jsonserialize@1.0.0)
    com.unity.modules.particlesystem@1.0.0 (location: C:\Users\sebas\objetivo-15\objetivo-15\Library\PackageCache\com.unity.modules.particlesystem@1.0.0)
    com.unity.modules.physics@1.0.0 (location: C:\Users\sebas\objetivo-15\objetivo-15\Library\PackageCache\com.unity.modules.physics@1.0.0)
    com.unity.modules.physics2d@1.0.0 (location: C:\Users\sebas\objetivo-15\objetivo-15\Library\PackageCache\com.unity.modules.physics2d@1.0.0)
    com.unity.modules.screencapture@1.0.0 (location: C:\Users\sebas\objetivo-15\objetivo-15\Library\PackageCache\com.unity.modules.screencapture@1.0.0)
    com.unity.modules.terrain@1.0.0 (location: C:\Users\sebas\objetivo-15\objetivo-15\Library\PackageCache\com.unity.modules.terrain@1.0.0)
    com.unity.modules.terrainphysics@1.0.0 (location: C:\Users\sebas\objetivo-15\objetivo-15\Library\PackageCache\com.unity.modules.terrainphysics@1.0.0)
    com.unity.modules.tilemap@1.0.0 (location: C:\Users\sebas\objetivo-15\objetivo-15\Library\PackageCache\com.unity.modules.tilemap@1.0.0)
    com.unity.modules.ui@1.0.0 (location: C:\Users\sebas\objetivo-15\objetivo-15\Library\PackageCache\com.unity.modules.ui@1.0.0)
    com.unity.modules.uielements@1.0.0 (location: C:\Users\sebas\objetivo-15\objetivo-15\Library\PackageCache\com.unity.modules.uielements@1.0.0)
    com.unity.modules.umbra@1.0.0 (location: C:\Users\sebas\objetivo-15\objetivo-15\Library\PackageCache\com.unity.modules.umbra@1.0.0)
    com.unity.modules.unityanalytics@1.0.0 (location: C:\Users\sebas\objetivo-15\objetivo-15\Library\PackageCache\com.unity.modules.unityanalytics@1.0.0)
    com.unity.modules.unitywebrequest@1.0.0 (location: C:\Users\sebas\objetivo-15\objetivo-15\Library\PackageCache\com.unity.modules.unitywebrequest@1.0.0)
    com.unity.modules.unitywebrequestassetbundle@1.0.0 (location: C:\Users\sebas\objetivo-15\objetivo-15\Library\PackageCache\com.unity.modules.unitywebrequestassetbundle@1.0.0)
    com.unity.modules.unitywebrequestaudio@1.0.0 (location: C:\Users\sebas\objetivo-15\objetivo-15\Library\PackageCache\com.unity.modules.unitywebrequestaudio@1.0.0)
    com.unity.modules.unitywebrequesttexture@1.0.0 (location: C:\Users\sebas\objetivo-15\objetivo-15\Library\PackageCache\com.unity.modules.unitywebrequesttexture@1.0.0)
    com.unity.modules.unitywebrequestwww@1.0.0 (location: C:\Users\sebas\objetivo-15\objetivo-15\Library\PackageCache\com.unity.modules.unitywebrequestwww@1.0.0)
    com.unity.modules.vehicles@1.0.0 (location: C:\Users\sebas\objetivo-15\objetivo-15\Library\PackageCache\com.unity.modules.vehicles@1.0.0)
    com.unity.modules.video@1.0.0 (location: C:\Users\sebas\objetivo-15\objetivo-15\Library\PackageCache\com.unity.modules.video@1.0.0)
    com.unity.modules.vr@1.0.0 (location: C:\Users\sebas\objetivo-15\objetivo-15\Library\PackageCache\com.unity.modules.vr@1.0.0)
    com.unity.modules.wind@1.0.0 (location: C:\Users\sebas\objetivo-15\objetivo-15\Library\PackageCache\com.unity.modules.wind@1.0.0)
    com.unity.modules.xr@1.0.0 (location: C:\Users\sebas\objetivo-15\objetivo-15\Library\PackageCache\com.unity.modules.xr@1.0.0)
    com.unity.modules.subsystems@1.0.0 (location: C:\Users\sebas\objetivo-15\objetivo-15\Library\PackageCache\com.unity.modules.subsystems@1.0.0)
    com.unity.render-pipelines.core@14.0.12 (location: C:\Users\sebas\objetivo-15\objetivo-15\Library\PackageCache\com.unity.render-pipelines.core@14.0.12)
    com.unity.shadergraph@14.0.12 (location: C:\Users\sebas\objetivo-15\objetivo-15\Library\PackageCache\com.unity.shadergraph@14.0.12)
    com.unity.render-pipelines.universal-config@14.0.10 (location: C:\Users\sebas\objetivo-15\objetivo-15\Library\PackageCache\com.unity.render-pipelines.universal-config@14.0.10)
    com.unity.2d.sprite@1.0.0 (location: C:\Users\sebas\objetivo-15\objetivo-15\Library\PackageCache\com.unity.2d.sprite@1.0.0)
    com.unity.2d.tilemap@1.0.0 (location: C:\Users\sebas\objetivo-15\objetivo-15\Library\PackageCache\com.unity.2d.tilemap@1.0.0)
[Subsystems] No new subsystems found in resolved package list.
Package Manager log level set to [2]
[Package Manager] Done registering packages in 0.58 seconds
Artifact Garbage Collection - Removed 1 unused hashed content files
Refreshing native plugins compatible for Editor in 11.56 ms, found 5 plugins.
Preloading 0 native plugins for Editor in 0.00 ms.
Initialize engine version: 2022.3.62f3 (96770f904ca7)
[Subsystems] Discovering subsystems at path C:/Program Files/Unity/Hub/Editor/2022.3.62f3/Editor/Data/Resources/UnitySubsystems
[Subsystems] Discovering subsystems at path C:/Users/sebas/objetivo-15/objetivo-15/Assets
Forcing GfxDevice: Null
GfxDevice: creating device client; threaded=0; jobified=0
NullGfxDevice:
    Version:  NULL 1.0 [1.0]
    Renderer: Null Device
    Vendor:   Unity Technologies
Shader Hidden/ProbeVolume/VoxelizeScene is not supported: GPU does not support conservative rasterization
[Licensing::Client] Successfully resolved entitlement details
Initialize mono
Mono path[0] = 'C:/Program Files/Unity/Hub/Editor/2022.3.62f3/Editor/Data/Managed'
Mono path[1] = 'C:/Program Files/Unity/Hub/Editor/2022.3.62f3/Editor/Data/MonoBleedingEdge/lib/mono/unityjit-win32'
Mono config path = 'C:/Program Files/Unity/Hub/Editor/2022.3.62f3/Editor/Data/MonoBleedingEdge/etc'
Using monoOptions --debugger-agent=transport=dt_socket,embedding=1,server=y,suspend=n,address=127.0.0.1:56568
Using cacheserver namespaces - metadata:defaultmetadata, artifacts:defaultartifacts
Using cacheserver namespaces - metadata:defaultmetadata, artifacts:defaultartifacts
ImportWorker Server TCP listen port: 0
Begin MonoManager ReloadAssembly
Registering precompiled unity dll's ...
Register platform support module: C:/Program Files/Unity/Hub/Editor/2022.3.62f3/Editor/Data/PlaybackEngines/WindowsStandaloneSupport/UnityEditor.WindowsStandalone.Extensions.dll
Registered in 0.004395 seconds.
- Loaded All Assemblies, in  0.296 seconds
Native extension for WindowsStandalone target not found
Mono: successfully reloaded assembly
- Finished resetting the current domain, in  0.253 seconds
Domain Reload Profiling: 549ms
	BeginReloadAssembly (95ms)
		ExecutionOrderSort (0ms)
		DisableScriptedObjects (0ms)
		BackupInstance (0ms)
		ReleaseScriptingObjects (0ms)
		CreateAndSetChildDomain (1ms)
	RebuildCommonClasses (28ms)
	RebuildNativeTypeToScriptingClass (9ms)
	initialDomainReloadingComplete (50ms)
	LoadAllAssembliesAndSetupDomain (114ms)
		LoadAssemblies (93ms)
		RebuildTransferFunctionScriptingTraits (0ms)
		AnalyzeDomain (113ms)
			TypeCache.Refresh (111ms)
				TypeCache.ScanAssembly (102ms)
			ScanForSourceGeneratedMonoScriptInfo (0ms)
			ResolveRequiredComponents (0ms)
	FinalizeReload (254ms)
		ReleaseScriptCaches (0ms)
		RebuildScriptCaches (0ms)
		SetupLoadedEditorAssemblies (205ms)
			LogAssemblyErrors (0ms)
			InitializePlatformSupportModulesInManaged (9ms)
			SetLoadedEditorAssemblies (7ms)
			RefreshPlugins (0ms)
			BeforeProcessingInitializeOnLoad (2ms)
			ProcessInitializeOnLoadAttributes (141ms)
			ProcessInitializeOnLoadMethodAttributes (46ms)
			AfterProcessingInitializeOnLoad (0ms)
			EditorAssembliesLoaded (0ms)
		ExecutionOrderSort2 (0ms)
		AwakeInstancesAfterBackupRestoration (0ms)
[Licensing::Client] Successfully resolved entitlement details
Application.AssetDatabase Initial Refresh Start
The GUID inside 'Assets/prefabs/RockHead.prefab.meta' cannot be extracted by the YAML Parser. Attempting to extract it via string matching instead. Please verify the file does not contain unexpected data.
The GUID inside 'Assets/Resources.meta' cannot be extracted by the YAML Parser. Attempting to extract it via string matching instead. Please verify the file does not contain unexpected data.
The GUID inside 'Assets/Resources/Transicion.meta' cannot be extracted by the YAML Parser. Attempting to extract it via string matching instead. Please verify the file does not contain unexpected data.
The GUID inside 'Assets/RockHead.cs.meta' cannot be extracted by the YAML Parser. Attempting to extract it via string matching instead. Please verify the file does not contain unexpected data.
info: Microsoft.Hosting.Lifetime[14]
      Now listening on: http://localhost:80
info: Microsoft.Hosting.Lifetime[0]
      Application started. Press Ctrl+C to shut down.
info: Microsoft.Hosting.Lifetime[0]
      Hosting environment: Production
info: Microsoft.Hosting.Lifetime[0]
      Content root path: C:\Users\sebas\objetivo-15\objetivo-15\
info: Microsoft.AspNetCore.Hosting.Diagnostics[1]
      Request starting HTTP/2 POST http://ilpp/UnityILPP.PostProcessing/Ping application/grpc -
info: Microsoft.AspNetCore.Routing.EndpointMiddleware[0]
      Executing endpoint 'gRPC - /UnityILPP.PostProcessing/Ping'
info: Microsoft.AspNetCore.Routing.EndpointMiddleware[1]
      Executed endpoint 'gRPC - /UnityILPP.PostProcessing/Ping'
info: Microsoft.AspNetCore.Hosting.Diagnostics[2]
      Request finished HTTP/2 POST http://ilpp/UnityILPP.PostProcessing/Ping application/grpc - - 200 - application/grpc 53.1261ms
Starting: C:\Program Files\Unity\Hub\Editor\2022.3.62f3\Editor\Data\bee_backend.exe --ipc --defer-dag-verification --dagfile="Library/Bee/1900b0aE.dag" --continue-on-failure --profile="Library/Bee/backend1.traceevents" ScriptAssemblies
WorkingDir: C:/Users/sebas/objetivo-15/objetivo-15
DisplayProgressbar: Compiling Scripts
info: Microsoft.AspNetCore.Hosting.Diagnostics[1]
      Request starting HTTP/2 POST http://ilpp/UnityILPP.PostProcessing/ConfigurePostProcessors application/grpc -
info: Microsoft.AspNetCore.Routing.EndpointMiddleware[0]
      Executing endpoint 'gRPC - /UnityILPP.PostProcessing/ConfigurePostProcessors'
warn: Unity.ILPP.Runner.PostProcessingAssemblyLoadContext[0]
      Assembly system.runtime.interopservices.windowsruntime has duplicate hint path. Ignoring "C:\Program Files\Unity\Hub\Editor\2022.3.62f3-x86_64\Editor\Data\UnityReferenceAssemblies\unity-4.8-api\Facades\System.Runtime.InteropServices.WindowsRuntime.dll" in favor of "C:\Program Files\Unity\Hub\Editor\2022.3.62f3-x86_64\Editor\Data\NetStandard\Extensions\2.0.0\System.Runtime.InteropServices.WindowsRuntime.dll"
warn: Unity.ILPP.Runner.PostProcessingAssemblyLoadContext[0]
      Assembly system.componentmodel.composition has duplicate hint path. Ignoring "C:\Program Files\Unity\Hub\Editor\2022.3.62f3-x86_64\Editor\Data\UnityReferenceAssemblies\unity-4.8-api\System.ComponentModel.Composition.dll" in favor of "C:\Program Files\Unity\Hub\Editor\2022.3.62f3-x86_64\Editor\Data\NetStandard\compat\2.1.0\shims\netfx\System.ComponentModel.Composition.dll"
info: Unity.ILPP.Runner.PostProcessingAssemblyLoadContext[0]
      Resolved Unity.Burst.Cecil, Version=0.11.4.0, Culture=neutral, PublicKeyToken=50cebf1cceb9d05e with Library\PackageCache\com.unity.burst@1.8.21\Unity.Burst.CodeGen\Unity.Burst.Cecil.dll
info: Microsoft.AspNetCore.Routing.EndpointMiddleware[1]
      Executed endpoint 'gRPC - /UnityILPP.PostProcessing/ConfigurePostProcessors'
info: Microsoft.AspNetCore.Hosting.Diagnostics[2]
      Request finished HTTP/2 POST http://ilpp/UnityILPP.PostProcessing/ConfigurePostProcessors application/grpc - - 200 - application/grpc 56.8088ms
Starting: C:\Program Files\Unity\Hub\Editor\2022.3.62f3\Editor\Data\Tools\netcorerun\netcorerun.exe "C:\Program Files\Unity\Hub\Editor\2022.3.62f3\Editor\Data\Tools\BuildPipeline\ScriptCompilationBuildProgram.exe" "Library/Bee/1900b0aE.dag.json" "Library/Bee/1900b0aE-inputdata.json" "Library\Bee\buildprogram0.traceevents"
WorkingDir: C:/Users/sebas/objetivo-15/objetivo-15
ExitCode: 4 Duration: 0s384ms
Rebuilding DAG because FileSignature timestamp changed: Library/Bee/1900b0aE-inputdata.json
[643/833    0s] ILPP-Configuration Library/ilpp-configuration.nevergeneratedoutput
*** Tundra requires additional run (0.33 seconds), 1 items updated, 642 evaluated
ExitCode: 0 Duration: 0s781ms
Starting: C:\Program Files\Unity\Hub\Editor\2022.3.62f3\Editor\Data\bee_backend.exe --ipc --defer-dag-verification --dagfile="Library/Bee/1900b0aE.dag" --continue-on-failure --dagfilejson="Library\Bee\1900b0aE.dag.json" --profile="Library/Bee/backend2.traceevents" ScriptAssemblies
WorkingDir: C:/Users/sebas/objetivo-15/objetivo-15
info: Microsoft.AspNetCore.Hosting.Diagnostics[1]
      Request starting HTTP/2 POST http://ilpp/UnityILPP.PostProcessing/ConfigurePostProcessors application/grpc -
info: Microsoft.AspNetCore.Routing.EndpointMiddleware[0]
      Executing endpoint 'gRPC - /UnityILPP.PostProcessing/ConfigurePostProcessors'
info: Unity.ILPP.Runner.PostProcessingAssemblyLoadContext[0]
      ALC ILPP context 1 is unloading
warn: Unity.ILPP.Runner.PostProcessingAssemblyLoadContext[0]
      Assembly system.runtime.interopservices.windowsruntime has duplicate hint path. Ignoring "C:\Program Files\Unity\Hub\Editor\2022.3.62f3\Editor\Data\UnityReferenceAssemblies\unity-4.8-api\Facades\System.Runtime.InteropServices.WindowsRuntime.dll" in favor of "C:\Program Files\Unity\Hub\Editor\2022.3.62f3\Editor\Data\NetStandard\Extensions\2.0.0\System.Runtime.InteropServices.WindowsRuntime.dll"
warn: Unity.ILPP.Runner.PostProcessingAssemblyLoadContext[0]
      Assembly system.componentmodel.composition has duplicate hint path. Ignoring "C:\Program Files\Unity\Hub\Editor\2022.3.62f3\Editor\Data\UnityReferenceAssemblies\unity-4.8-api\System.ComponentModel.Composition.dll" in favor of "C:\Program Files\Unity\Hub\Editor\2022.3.62f3\Editor\Data\NetStandard\compat\2.1.0\shims\netfx\System.ComponentModel.Composition.dll"
info: Unity.ILPP.Runner.PostProcessingAssemblyLoadContext[0]
      Resolved Unity.Burst.Cecil, Version=0.11.4.0, Culture=neutral, PublicKeyToken=50cebf1cceb9d05e with Library\PackageCache\com.unity.burst@1.8.21\Unity.Burst.CodeGen\Unity.Burst.Cecil.dll
info: Microsoft.AspNetCore.Routing.EndpointMiddleware[1]
      Executed endpoint 'gRPC - /UnityILPP.PostProcessing/ConfigurePostProcessors'
info: Microsoft.AspNetCore.Hosting.Diagnostics[2]
      Request finished HTTP/2 POST http://ilpp/UnityILPP.PostProcessing/ConfigurePostProcessors application/grpc - - 200 - application/grpc 228.0925ms
info: Microsoft.AspNetCore.Hosting.Diagnostics[1]
      Request starting HTTP/2 POST http://ilpp/UnityILPP.PostProcessing/PostProcessAssembly application/grpc -
info: Microsoft.AspNetCore.Routing.EndpointMiddleware[0]
      Executing endpoint 'gRPC - /UnityILPP.PostProcessing/PostProcessAssembly'
info: Microsoft.AspNetCore.Hosting.Diagnostics[1]
      Request starting HTTP/2 POST http://ilpp/UnityILPP.PostProcessing/PostProcessAssembly application/grpc -
info: Microsoft.AspNetCore.Hosting.Diagnostics[1]
      Request starting HTTP/2 POST http://ilpp/UnityILPP.PostProcessing/PostProcessAssembly application/grpc -
info: Microsoft.AspNetCore.Routing.EndpointMiddleware[0]
      Executing endpoint 'gRPC - /UnityILPP.PostProcessing/PostProcessAssembly'
info: Microsoft.AspNetCore.Routing.EndpointMiddleware[0]
      Executing endpoint 'gRPC - /UnityILPP.PostProcessing/PostProcessAssembly'
info: Microsoft.AspNetCore.Hosting.Diagnostics[1]
      Request starting HTTP/2 POST http://ilpp/UnityILPP.PostProcessing/PostProcessAssembly application/grpc -
info: Microsoft.AspNetCore.Routing.EndpointMiddleware[0]
      Executing endpoint 'gRPC - /UnityILPP.PostProcessing/PostProcessAssembly'
info: Microsoft.AspNetCore.Hosting.Diagnostics[1]
      Request starting HTTP/2 POST http://ilpp/UnityILPP.PostProcessing/PostProcessAssembly application/grpc -
info: Microsoft.AspNetCore.Routing.EndpointMiddleware[0]
      Executing endpoint 'gRPC - /UnityILPP.PostProcessing/PostProcessAssembly'
info: Microsoft.AspNetCore.Hosting.Diagnostics[1]
      Request starting HTTP/2 POST http://ilpp/UnityILPP.PostProcessing/PostProcessAssembly application/grpc -
info: Microsoft.AspNetCore.Hosting.Diagnostics[1]
      Request starting HTTP/2 POST http://ilpp/UnityILPP.PostProcessing/PostProcessAssembly application/grpc -
info: Microsoft.AspNetCore.Routing.EndpointMiddleware[0]
      Executing endpoint 'gRPC - /UnityILPP.PostProcessing/PostProcessAssembly'
info: Microsoft.AspNetCore.Hosting.Diagnostics[1]
      Request starting HTTP/2 POST http://ilpp/UnityILPP.PostProcessing/PostProcessAssembly application/grpc -
info: Microsoft.AspNetCore.Routing.EndpointMiddleware[0]
      Executing endpoint 'gRPC - /UnityILPP.PostProcessing/PostProcessAssembly'
info: Unity.ILPP.Runner.PostProcessingPipeline[0]
      Processing assembly Library/Bee/artifacts/1900b0aE.dag/Unity.Mathematics.dll, with 119 defines and 221 references
info: Unity.ILPP.Runner.PostProcessingPipeline[0]
      Processing assembly Library/Bee/artifacts/1900b0aE.dag/Unity.RenderPipeline.Universal.ShaderLibrary.dll, with 119 defines and 222 references
info: Unity.ILPP.Runner.PostProcessingPipeline[0]
      Processing assembly Library/Bee/artifacts/1900b0aE.dag/Unity.2D.Tilemap.Extras.dll, with 119 defines and 221 references
info: Unity.ILPP.Runner.PostProcessingPipeline[0]
      Processing assembly Library/Bee/artifacts/1900b0aE.dag/Unity.RenderPipelines.Universal.2D.Internal.dll, with 119 defines and 221 references
info: Microsoft.AspNetCore.Routing.EndpointMiddleware[0]
      Executing endpoint 'gRPC - /UnityILPP.PostProcessing/PostProcessAssembly'
info: Unity.ILPP.Runner.PostProcessingPipeline[0]
      Processing assembly Library/Bee/artifacts/1900b0aE.dag/Unity.InternalAPIEngineBridge.001.dll, with 119 defines and 221 references
info: Unity.ILPP.Runner.PostProcessingPipeline[0]
      Processing assembly Library/Bee/artifacts/1900b0aE.dag/Unity.VisualScripting.State.dll, with 119 defines and 223 references
info: Unity.ILPP.Runner.PostProcessingPipeline[0]
      Processing assembly Library/Bee/artifacts/1900b0aE.dag/Unity.Collections.dll, with 119 defines and 223 references
info: Unity.ILPP.Runner.PostProcessingPipeline[0]
      Processing assembly Library/Bee/artifacts/1900b0aE.dag/Unity.2D.IK.Runtime.dll, with 119 defines and 222 references
info: Unity.ILPP.Runner.PostProcessingPipeline[0]
      processors: zzzUnity.Burst.CodeGen.BurstILPostProcessor
info: Unity.ILPP.Runner.PostProcessingPipeline[0]
      processors: zzzUnity.Burst.CodeGen.BurstILPostProcessor
info: Unity.ILPP.Runner.PostProcessingPipeline[0]
      processors: zzzUnity.Burst.CodeGen.BurstILPostProcessor
info: Unity.ILPP.Runner.PostProcessingPipeline[0]
      processors: zzzUnity.Burst.CodeGen.BurstILPostProcessor
info: Unity.ILPP.Runner.PostProcessingPipeline[0]
      processors: zzzUnity.Burst.CodeGen.BurstILPostProcessor
info: Unity.ILPP.Runner.PostProcessingPipeline[0]
      processors: zzzUnity.Burst.CodeGen.BurstILPostProcessor
info: Unity.ILPP.Runner.PostProcessingPipeline[0]
      processors: zzzUnity.Burst.CodeGen.BurstILPostProcessor
info: Unity.ILPP.Runner.PostProcessingPipeline[0]
      processors: zzzUnity.Burst.CodeGen.BurstILPostProcessor
info: Unity.ILPP.Runner.PostProcessingPipeline[0]
      running zzzUnity.Burst.CodeGen.BurstILPostProcessor
info: Unity.ILPP.Runner.PostProcessingPipeline[0]
      running zzzUnity.Burst.CodeGen.BurstILPostProcessor
info: Unity.ILPP.Runner.PostProcessingPipeline[0]
      running zzzUnity.Burst.CodeGen.BurstILPostProcessor
info: Unity.ILPP.Runner.PostProcessingPipeline[0]
      running zzzUnity.Burst.CodeGen.BurstILPostProcessor
info: Unity.ILPP.Runner.PostProcessingPipeline[0]
      running zzzUnity.Burst.CodeGen.BurstILPostProcessor
info: Unity.ILPP.Runner.PostProcessingPipeline[0]
      running zzzUnity.Burst.CodeGen.BurstILPostProcessor
info: Unity.ILPP.Runner.PostProcessingPipeline[0]
      running zzzUnity.Burst.CodeGen.BurstILPostProcessor
info: Unity.ILPP.Runner.PostProcessingPipeline[0]
      running zzzUnity.Burst.CodeGen.BurstILPostProcessor
info: Microsoft.AspNetCore.Hosting.Diagnostics[1]
      Request starting HTTP/2 POST http://ilpp/UnityILPP.PostProcessing/PostProcessAssembly application/grpc -
info: Microsoft.AspNetCore.Routing.EndpointMiddleware[0]
      Executing endpoint 'gRPC - /UnityILPP.PostProcessing/PostProcessAssembly'
info: Unity.ILPP.Runner.PostProcessingPipeline[0]
      Processing assembly Library/Bee/artifacts/1900b0aE.dag/Unity.TextMeshPro.dll, with 120 defines and 221 references
info: Unity.ILPP.Runner.PostProcessingPipeline[0]
      processors: zzzUnity.Burst.CodeGen.BurstILPostProcessor
info: Unity.ILPP.Runner.PostProcessingPipeline[0]
      running zzzUnity.Burst.CodeGen.BurstILPostProcessor
info: Microsoft.AspNetCore.Routing.EndpointMiddleware[1]
      Executed endpoint 'gRPC - /UnityILPP.PostProcessing/PostProcessAssembly'
info: Microsoft.AspNetCore.Routing.EndpointMiddleware[1]
      Executed endpoint 'gRPC - /UnityILPP.PostProcessing/PostProcessAssembly'
info: Microsoft.AspNetCore.Routing.EndpointMiddleware[1]
      Executed endpoint 'gRPC - /UnityILPP.PostProcessing/PostProcessAssembly'
info: Microsoft.AspNetCore.Hosting.Diagnostics[2]
      Request finished HTTP/2 POST http://ilpp/UnityILPP.PostProcessing/PostProcessAssembly application/grpc - - 200 - application/grpc 52.5972ms
info: Microsoft.AspNetCore.Hosting.Diagnostics[2]
      Request finished HTTP/2 POST http://ilpp/UnityILPP.PostProcessing/PostProcessAssembly application/grpc - - 200 - application/grpc 57.4989ms
info: Microsoft.AspNetCore.Hosting.Diagnostics[2]
      Request finished HTTP/2 POST http://ilpp/UnityILPP.PostProcessing/PostProcessAssembly application/grpc - - 200 - application/grpc 57.9428ms
info: Microsoft.AspNetCore.Routing.EndpointMiddleware[1]
      Executed endpoint 'gRPC - /UnityILPP.PostProcessing/PostProcessAssembly'
info: Microsoft.AspNetCore.Hosting.Diagnostics[2]
      Request finished HTTP/2 POST http://ilpp/UnityILPP.PostProcessing/PostProcessAssembly application/grpc - - 200 - application/grpc 57.1587ms
info: Microsoft.AspNetCore.Routing.EndpointMiddleware[1]
      Executed endpoint 'gRPC - /UnityILPP.PostProcessing/PostProcessAssembly'
info: Microsoft.AspNetCore.Hosting.Diagnostics[2]
      Request finished HTTP/2 POST http://ilpp/UnityILPP.PostProcessing/PostProcessAssembly application/grpc - - 200 - application/grpc 52.5634ms
info: Microsoft.AspNetCore.Routing.EndpointMiddleware[1]
      Executed endpoint 'gRPC - /UnityILPP.PostProcessing/PostProcessAssembly'
info: Microsoft.AspNetCore.Hosting.Diagnostics[2]
      Request finished HTTP/2 POST http://ilpp/UnityILPP.PostProcessing/PostProcessAssembly application/grpc - - 200 - application/grpc 70.2054ms
info: Microsoft.AspNetCore.Routing.EndpointMiddleware[1]
      Executed endpoint 'gRPC - /UnityILPP.PostProcessing/PostProcessAssembly'
info: Microsoft.AspNetCore.Hosting.Diagnostics[2]
      Request finished HTTP/2 POST http://ilpp/UnityILPP.PostProcessing/PostProcessAssembly application/grpc - - 200 - application/grpc 106.3731ms
info: Microsoft.AspNetCore.Routing.EndpointMiddleware[1]
      Executed endpoint 'gRPC - /UnityILPP.PostProcessing/PostProcessAssembly'
info: Microsoft.AspNetCore.Hosting.Diagnostics[2]
      Request finished HTTP/2 POST http://ilpp/UnityILPP.PostProcessing/PostProcessAssembly application/grpc - - 200 - application/grpc 125.3504ms
info: Microsoft.AspNetCore.Hosting.Diagnostics[1]
      Request starting HTTP/2 POST http://ilpp/UnityILPP.PostProcessing/PostProcessAssembly application/grpc -
info: Microsoft.AspNetCore.Hosting.Diagnostics[1]
      Request starting HTTP/2 POST http://ilpp/UnityILPP.PostProcessing/PostProcessAssembly application/grpc -
info: Microsoft.AspNetCore.Routing.EndpointMiddleware[0]
      Executing endpoint 'gRPC - /UnityILPP.PostProcessing/PostProcessAssembly'
info: Microsoft.AspNetCore.Routing.EndpointMiddleware[0]
      Executing endpoint 'gRPC - /UnityILPP.PostProcessing/PostProcessAssembly'
info: Microsoft.AspNetCore.Hosting.Diagnostics[1]
      Request starting HTTP/2 POST http://ilpp/UnityILPP.PostProcessing/PostProcessAssembly application/grpc -
info: Microsoft.AspNetCore.Routing.EndpointMiddleware[0]
      Executing endpoint 'gRPC - /UnityILPP.PostProcessing/PostProcessAssembly'
info: Unity.ILPP.Runner.PostProcessingPipeline[0]
      Processing assembly Library/Bee/artifacts/1900b0aE.dag/Unity.2D.Animation.Runtime.dll, with 119 defines and 226 references
info: Unity.ILPP.Runner.PostProcessingPipeline[0]
      processors: zzzUnity.Burst.CodeGen.BurstILPostProcessor
info: Unity.ILPP.Runner.PostProcessingPipeline[0]
      running zzzUnity.Burst.CodeGen.BurstILPostProcessor
info: Unity.ILPP.Runner.PostProcessingPipeline[0]
      Processing assembly Library/Bee/artifacts/1900b0aE.dag/Unity.VisualScripting.Core.dll, with 122 defines and 221 references
info: Unity.ILPP.Runner.PostProcessingPipeline[0]
      processors: zzzUnity.Burst.CodeGen.BurstILPostProcessor
info: Unity.ILPP.Runner.PostProcessingPipeline[0]
      Processing assembly Library/Bee/artifacts/1900b0aE.dag/Unity.2D.SpriteShape.Runtime.dll, with 120 defines and 224 references
info: Unity.ILPP.Runner.PostProcessingPipeline[0]
      processors: zzzUnity.Burst.CodeGen.BurstILPostProcessor
info: Unity.ILPP.Runner.PostProcessingPipeline[0]
      running zzzUnity.Burst.CodeGen.BurstILPostProcessor
info: Unity.ILPP.Runner.PostProcessingPipeline[0]
      running zzzUnity.Burst.CodeGen.BurstILPostProcessor
info: Microsoft.AspNetCore.Routing.EndpointMiddleware[1]
      Executed endpoint 'gRPC - /UnityILPP.PostProcessing/PostProcessAssembly'
info: Microsoft.AspNetCore.Hosting.Diagnostics[2]
      Request finished HTTP/2 POST http://ilpp/UnityILPP.PostProcessing/PostProcessAssembly application/grpc - - 200 - application/grpc 37.1985ms
info: Microsoft.AspNetCore.Hosting.Diagnostics[1]
      Request starting HTTP/2 POST http://ilpp/UnityILPP.PostProcessing/PostProcessAssembly application/grpc -
info: Microsoft.AspNetCore.Routing.EndpointMiddleware[0]
      Executing endpoint 'gRPC - /UnityILPP.PostProcessing/PostProcessAssembly'
info: Unity.ILPP.Runner.PostProcessingPipeline[0]
      Processing assembly Library/Bee/artifacts/1900b0aE.dag/Unity.RenderPipelines.Core.Runtime.dll, with 121 defines and 221 references
info: Unity.ILPP.Runner.PostProcessingPipeline[0]
      processors: zzzUnity.Burst.CodeGen.BurstILPostProcessor
info: Unity.ILPP.Runner.PostProcessingPipeline[0]
      running zzzUnity.Burst.CodeGen.BurstILPostProcessor
info: Microsoft.AspNetCore.Hosting.Diagnostics[1]
      Request starting HTTP/2 POST http://ilpp/UnityILPP.PostProcessing/PostProcessAssembly application/grpc -
info: Microsoft.AspNetCore.Routing.EndpointMiddleware[0]
      Executing endpoint 'gRPC - /UnityILPP.PostProcessing/PostProcessAssembly'
info: Unity.ILPP.Runner.PostProcessingPipeline[0]
      Processing assembly Library/Bee/artifacts/1900b0aE.dag/Unity.Timeline.dll, with 120 defines and 221 references
info: Unity.ILPP.Runner.PostProcessingPipeline[0]
      processors: zzzUnity.Burst.CodeGen.BurstILPostProcessor
info: Microsoft.AspNetCore.Hosting.Diagnostics[1]
      Request starting HTTP/2 POST http://ilpp/UnityILPP.PostProcessing/PostProcessAssembly application/grpc -
info: Microsoft.AspNetCore.Routing.EndpointMiddleware[0]
      Executing endpoint 'gRPC - /UnityILPP.PostProcessing/PostProcessAssembly'
info: Microsoft.AspNetCore.Hosting.Diagnostics[1]
      Request starting HTTP/2 POST http://ilpp/UnityILPP.PostProcessing/PostProcessAssembly application/grpc -
info: Microsoft.AspNetCore.Routing.EndpointMiddleware[0]
      Executing endpoint 'gRPC - /UnityILPP.PostProcessing/PostProcessAssembly'
info: Microsoft.AspNetCore.Routing.EndpointMiddleware[1]
      Executed endpoint 'gRPC - /UnityILPP.PostProcessing/PostProcessAssembly'
info: Microsoft.AspNetCore.Hosting.Diagnostics[2]
      Request finished HTTP/2 POST http://ilpp/UnityILPP.PostProcessing/PostProcessAssembly application/grpc - - 200 - application/grpc 46.2699ms
info: Unity.ILPP.Runner.PostProcessingPipeline[0]
      Processing assembly Library/Bee/artifacts/1900b0aE.dag/Unity.VisualScripting.Flow.dll, with 124 defines and 222 references
info: Unity.ILPP.Runner.PostProcessingPipeline[0]
      processors: zzzUnity.Burst.CodeGen.BurstILPostProcessor
info: Microsoft.AspNetCore.Hosting.Diagnostics[1]
      Request starting HTTP/2 POST http://ilpp/UnityILPP.PostProcessing/PostProcessAssembly application/grpc -
info: Microsoft.AspNetCore.Routing.EndpointMiddleware[0]
      Executing endpoint 'gRPC - /UnityILPP.PostProcessing/PostProcessAssembly'
info: Unity.ILPP.Runner.PostProcessingPipeline[0]
      Processing assembly Library/Bee/artifacts/1900b0aE.dag/Unity.RenderPipelines.Universal.Shaders.dll, with 119 defines and 221 references
info: Unity.ILPP.Runner.PostProcessingPipeline[0]
      processors: zzzUnity.Burst.CodeGen.BurstILPostProcessor
info: Unity.ILPP.Runner.PostProcessingPipeline[0]
      running zzzUnity.Burst.CodeGen.BurstILPostProcessor
info: Microsoft.AspNetCore.Routing.EndpointMiddleware[1]
      Executed endpoint 'gRPC - /UnityILPP.PostProcessing/PostProcessAssembly'
info: Microsoft.AspNetCore.Hosting.Diagnostics[2]
      Request finished HTTP/2 POST http://ilpp/UnityILPP.PostProcessing/PostProcessAssembly application/grpc - - 200 - application/grpc 4.6432ms
info: Unity.ILPP.Runner.PostProcessingPipeline[0]
      running zzzUnity.Burst.CodeGen.BurstILPostProcessor
info: Unity.ILPP.Runner.PostProcessingPipeline[0]
      Processing assembly Library/Bee/artifacts/1900b0aE.dag/Unity.2D.Common.Runtime.dll, with 119 defines and 222 references
info: Unity.ILPP.Runner.PostProcessingPipeline[0]
      processors: zzzUnity.Burst.CodeGen.BurstILPostProcessor
info: Unity.ILPP.Runner.PostProcessingPipeline[0]
      running zzzUnity.Burst.CodeGen.BurstILPostProcessor
info: Microsoft.AspNetCore.Routing.EndpointMiddleware[1]
      Executed endpoint 'gRPC - /UnityILPP.PostProcessing/PostProcessAssembly'
info: Microsoft.AspNetCore.Hosting.Diagnostics[2]
      Request finished HTTP/2 POST http://ilpp/UnityILPP.PostProcessing/PostProcessAssembly application/grpc - - 200 - application/grpc 11.2915ms
info: Microsoft.AspNetCore.Hosting.Diagnostics[1]
      Request starting HTTP/2 POST http://ilpp/UnityILPP.PostProcessing/PostProcessAssembly application/grpc -
info: Microsoft.AspNetCore.Routing.EndpointMiddleware[0]
      Executing endpoint 'gRPC - /UnityILPP.PostProcessing/PostProcessAssembly'
info: Unity.ILPP.Runner.PostProcessingPipeline[0]
      Processing assembly Library/Bee/artifacts/1900b0aE.dag/Unity.2D.PixelPerfect.dll, with 120 defines and 221 references
info: Unity.ILPP.Runner.PostProcessingPipeline[0]
      processors: zzzUnity.Burst.CodeGen.BurstILPostProcessor
info: Unity.ILPP.Runner.PostProcessingPipeline[0]
      running zzzUnity.Burst.CodeGen.BurstILPostProcessor
info: Microsoft.AspNetCore.Routing.EndpointMiddleware[1]
      Executed endpoint 'gRPC - /UnityILPP.PostProcessing/PostProcessAssembly'
info: Microsoft.AspNetCore.Hosting.Diagnostics[2]
      Request finished HTTP/2 POST http://ilpp/UnityILPP.PostProcessing/PostProcessAssembly application/grpc - - 200 - application/grpc 34.6787ms
info: Microsoft.AspNetCore.Routing.EndpointMiddleware[1]
      Executed endpoint 'gRPC - /UnityILPP.PostProcessing/PostProcessAssembly'
info: Microsoft.AspNetCore.Hosting.Diagnostics[2]
      Request finished HTTP/2 POST http://ilpp/UnityILPP.PostProcessing/PostProcessAssembly application/grpc - - 200 - application/grpc 11.3068ms
info: Unity.ILPP.Runner.PostProcessingPipeline[0]
      running zzzUnity.Burst.CodeGen.BurstILPostProcessor
info: Microsoft.AspNetCore.Hosting.Diagnostics[1]
      Request starting HTTP/2 POST http://ilpp/UnityILPP.PostProcessing/PostProcessAssembly application/grpc -
info: Microsoft.AspNetCore.Routing.EndpointMiddleware[0]
      Executing endpoint 'gRPC - /UnityILPP.PostProcessing/PostProcessAssembly'
info: Microsoft.AspNetCore.Hosting.Diagnostics[1]
      Request starting HTTP/2 POST http://ilpp/UnityILPP.PostProcessing/PostProcessAssembly application/grpc -
info: Microsoft.AspNetCore.Routing.EndpointMiddleware[0]
      Executing endpoint 'gRPC - /UnityILPP.PostProcessing/PostProcessAssembly'
info: Unity.ILPP.Runner.PostProcessingPipeline[0]
      Processing assembly Library/Bee/artifacts/1900b0aE.dag/UnityEngine.UI.dll, with 124 defines and 219 references
info: Unity.ILPP.Runner.PostProcessingPipeline[0]
      processors: zzzUnity.Burst.CodeGen.BurstILPostProcessor
info: Unity.ILPP.Runner.PostProcessingPipeline[0]
      running zzzUnity.Burst.CodeGen.BurstILPostProcessor
info: Microsoft.AspNetCore.Routing.EndpointMiddleware[1]
      Executed endpoint 'gRPC - /UnityILPP.PostProcessing/PostProcessAssembly'
info: Microsoft.AspNetCore.Hosting.Diagnostics[2]
      Request finished HTTP/2 POST http://ilpp/UnityILPP.PostProcessing/PostProcessAssembly application/grpc - - 200 - application/grpc 83.0346ms
info: Unity.ILPP.Runner.PostProcessingPipeline[0]
      Processing assembly Library/Bee/artifacts/1900b0aE.dag/Unity.RenderPipelines.ShaderGraph.ShaderGraphLibrary.dll, with 119 defines and 221 references
info: Unity.ILPP.Runner.PostProcessingPipeline[0]
      processors: zzzUnity.Burst.CodeGen.BurstILPostProcessor
info: Unity.ILPP.Runner.PostProcessingPipeline[0]
      running zzzUnity.Burst.CodeGen.BurstILPostProcessor
info: Microsoft.AspNetCore.Routing.EndpointMiddleware[1]
      Executed endpoint 'gRPC - /UnityILPP.PostProcessing/PostProcessAssembly'
info: Microsoft.AspNetCore.Hosting.Diagnostics[2]
      Request finished HTTP/2 POST http://ilpp/UnityILPP.PostProcessing/PostProcessAssembly application/grpc - - 200 - application/grpc 24.5061ms
info: Microsoft.AspNetCore.Routing.EndpointMiddleware[1]
      Executed endpoint 'gRPC - /UnityILPP.PostProcessing/PostProcessAssembly'
info: Microsoft.AspNetCore.Hosting.Diagnostics[2]
      Request finished HTTP/2 POST http://ilpp/UnityILPP.PostProcessing/PostProcessAssembly application/grpc - - 200 - application/grpc 28.0371ms
info: Microsoft.AspNetCore.Hosting.Diagnostics[1]
      Request starting HTTP/2 POST http://ilpp/UnityILPP.PostProcessing/PostProcessAssembly application/grpc -
info: Microsoft.AspNetCore.Routing.EndpointMiddleware[0]
      Executing endpoint 'gRPC - /UnityILPP.PostProcessing/PostProcessAssembly'
info: Unity.ILPP.Runner.PostProcessingPipeline[0]
      Processing assembly Library/Bee/artifacts/1900b0aE.dag/Unity.RenderPipelines.Core.ShaderLibrary.dll, with 119 defines and 221 references
info: Unity.ILPP.Runner.PostProcessingPipeline[0]
      processors: zzzUnity.Burst.CodeGen.BurstILPostProcessor
info: Microsoft.AspNetCore.Hosting.Diagnostics[1]
      Request starting HTTP/2 POST http://ilpp/UnityILPP.PostProcessing/PostProcessAssembly application/grpc -
info: Microsoft.AspNetCore.Routing.EndpointMiddleware[0]
      Executing endpoint 'gRPC - /UnityILPP.PostProcessing/PostProcessAssembly'
info: Unity.ILPP.Runner.PostProcessingPipeline[0]
      running zzzUnity.Burst.CodeGen.BurstILPostProcessor
info: Microsoft.AspNetCore.Hosting.Diagnostics[1]
      Request starting HTTP/2 POST http://ilpp/UnityILPP.PostProcessing/PostProcessAssembly application/grpc -
info: Microsoft.AspNetCore.Routing.EndpointMiddleware[0]
      Executing endpoint 'gRPC - /UnityILPP.PostProcessing/PostProcessAssembly'
info: Unity.ILPP.Runner.PostProcessingPipeline[0]
      Processing assembly Library/Bee/artifacts/1900b0aE.dag/Unity.RenderPipelines.Universal.Runtime.dll, with 124 defines and 227 references
info: Unity.ILPP.Runner.PostProcessingPipeline[0]
      processors: zzzUnity.Burst.CodeGen.BurstILPostProcessor
info: Unity.ILPP.Runner.PostProcessingPipeline[0]
      Processing assembly Library/Bee/artifacts/1900b0aE.dag/Unity.RenderPipelines.Universal.Config.Runtime.dll, with 119 defines and 222 references
info: Unity.ILPP.Runner.PostProcessingPipeline[0]
      processors: zzzUnity.Burst.CodeGen.BurstILPostProcessor
info: Unity.ILPP.Runner.PostProcessingPipeline[0]
      running zzzUnity.Burst.CodeGen.BurstILPostProcessor
info: Unity.ILPP.Runner.PostProcessingPipeline[0]
      running zzzUnity.Burst.CodeGen.BurstILPostProcessor
info: Unity.ILPP.Runner.PostProcessingAssemblyLoadContext[0]
      Resolved Unity.Burst.Cecil.Rocks, Version=0.11.4.0, Culture=neutral, PublicKeyToken=50cebf1cceb9d05e with Library\PackageCache\com.unity.burst@1.8.21\Unity.Burst.CodeGen\Unity.Burst.Cecil.Rocks.dll
info: Microsoft.AspNetCore.Hosting.Diagnostics[1]
      Request starting HTTP/2 POST http://ilpp/UnityILPP.PostProcessing/PostProcessAssembly application/grpc -
info: Microsoft.AspNetCore.Routing.EndpointMiddleware[0]
      Executing endpoint 'gRPC - /UnityILPP.PostProcessing/PostProcessAssembly'
info: Unity.ILPP.Runner.PostProcessingPipeline[0]
      Processing assembly Library/Bee/artifacts/1900b0aE.dag/Unity.Burst.dll, with 119 defines and 210 references
info: Unity.ILPP.Runner.PostProcessingPipeline[0]
      processors: zzzUnity.Burst.CodeGen.BurstILPostProcessor
info: Microsoft.AspNetCore.Routing.EndpointMiddleware[1]
      Executed endpoint 'gRPC - /UnityILPP.PostProcessing/PostProcessAssembly'
info: Microsoft.AspNetCore.Hosting.Diagnostics[2]
      Request finished HTTP/2 POST http://ilpp/UnityILPP.PostProcessing/PostProcessAssembly application/grpc - - 200 - application/grpc 30.7907ms
info: Microsoft.AspNetCore.Hosting.Diagnostics[1]
      Request starting HTTP/2 POST http://ilpp/UnityILPP.PostProcessing/PostProcessAssembly application/grpc -
info: Microsoft.AspNetCore.Routing.EndpointMiddleware[0]
      Executing endpoint 'gRPC - /UnityILPP.PostProcessing/PostProcessAssembly'
info: Unity.ILPP.Runner.PostProcessingPipeline[0]
      Processing assembly Library/Bee/artifacts/1900b0aE.dag/Unity.VisualScripting.SettingsProvider.Editor.dll, with 117 defines and 233 references
info: Unity.ILPP.Runner.PostProcessingPipeline[0]
      processors: zzzUnity.Burst.CodeGen.BurstILPostProcessor
info: Unity.ILPP.Runner.PostProcessingPipeline[0]
      running zzzUnity.Burst.CodeGen.BurstILPostProcessor
info: Microsoft.AspNetCore.Routing.EndpointMiddleware[1]
      Executed endpoint 'gRPC - /UnityILPP.PostProcessing/PostProcessAssembly'
info: Microsoft.AspNetCore.Hosting.Diagnostics[2]
      Request finished HTTP/2 POST http://ilpp/UnityILPP.PostProcessing/PostProcessAssembly application/grpc - - 200 - application/grpc 38.1446ms
info: Unity.ILPP.Runner.PostProcessingPipeline[0]
      running zzzUnity.Burst.CodeGen.BurstILPostProcessor
info: Microsoft.AspNetCore.Hosting.Diagnostics[1]
      Request starting HTTP/2 POST http://ilpp/UnityILPP.PostProcessing/PostProcessAssembly application/grpc -
info: Microsoft.AspNetCore.Routing.EndpointMiddleware[0]
      Executing endpoint 'gRPC - /UnityILPP.PostProcessing/PostProcessAssembly'
info: Unity.ILPP.Runner.PostProcessingPipeline[0]
      Processing assembly Library/Bee/artifacts/1900b0aE.dag/Unity.VisualScripting.Flow.Editor.dll, with 117 defines and 231 references
info: Unity.ILPP.Runner.PostProcessingPipeline[0]
      processors: zzzUnity.Burst.CodeGen.BurstILPostProcessor
info: Microsoft.AspNetCore.Hosting.Diagnostics[1]
      Request starting HTTP/2 POST http://ilpp/UnityILPP.PostProcessing/PostProcessAssembly application/grpc -
info: Microsoft.AspNetCore.Routing.EndpointMiddleware[0]
      Executing endpoint 'gRPC - /UnityILPP.PostProcessing/PostProcessAssembly'
info: Unity.ILPP.Runner.PostProcessingPipeline[0]
      Processing assembly Library/Bee/artifacts/1900b0aE.dag/Unity.Collections.BurstCompatibilityGen.dll, with 117 defines and 230 references
info: Unity.ILPP.Runner.PostProcessingPipeline[0]
      processors: zzzUnity.Burst.CodeGen.BurstILPostProcessor
info: Microsoft.AspNetCore.Hosting.Diagnostics[1]
      Request starting HTTP/2 POST http://ilpp/UnityILPP.PostProcessing/PostProcessAssembly application/grpc -
info: Microsoft.AspNetCore.Routing.EndpointMiddleware[0]
      Executing endpoint 'gRPC - /UnityILPP.PostProcessing/PostProcessAssembly'
info: Unity.ILPP.Runner.PostProcessingPipeline[0]
      running zzzUnity.Burst.CodeGen.BurstILPostProcessor
info: Unity.ILPP.Runner.PostProcessingPipeline[0]
      running zzzUnity.Burst.CodeGen.BurstILPostProcessor
info: Microsoft.AspNetCore.Routing.EndpointMiddleware[1]
      Executed endpoint 'gRPC - /UnityILPP.PostProcessing/PostProcessAssembly'
info: Microsoft.AspNetCore.Hosting.Diagnostics[2]
      Request finished HTTP/2 POST http://ilpp/UnityILPP.PostProcessing/PostProcessAssembly application/grpc - - 200 - application/grpc 91.3086ms
info: Unity.ILPP.Runner.PostProcessingPipeline[0]
      Processing assembly Library/Bee/artifacts/1900b0aE.dag/Unity.Searcher.Editor.dll, with 117 defines and 228 references
info: Unity.ILPP.Runner.PostProcessingPipeline[0]
      processors: zzzUnity.Burst.CodeGen.BurstILPostProcessor
info: Unity.ILPP.Runner.PostProcessingPipeline[0]
      running zzzUnity.Burst.CodeGen.BurstILPostProcessor
info: Microsoft.AspNetCore.Routing.EndpointMiddleware[1]
      Executed endpoint 'gRPC - /UnityILPP.PostProcessing/PostProcessAssembly'
info: Microsoft.AspNetCore.Hosting.Diagnostics[2]
      Request finished HTTP/2 POST http://ilpp/UnityILPP.PostProcessing/PostProcessAssembly application/grpc - - 200 - application/grpc 67.2158ms
info: Microsoft.AspNetCore.Routing.EndpointMiddleware[1]
      Executed endpoint 'gRPC - /UnityILPP.PostProcessing/PostProcessAssembly'
info: Microsoft.AspNetCore.Hosting.Diagnostics[2]
      Request finished HTTP/2 POST http://ilpp/UnityILPP.PostProcessing/PostProcessAssembly application/grpc - - 200 - application/grpc 201.3041ms
info: Microsoft.AspNetCore.Routing.EndpointMiddleware[1]
      Executed endpoint 'gRPC - /UnityILPP.PostProcessing/PostProcessAssembly'
info: Microsoft.AspNetCore.Hosting.Diagnostics[2]
      Request finished HTTP/2 POST http://ilpp/UnityILPP.PostProcessing/PostProcessAssembly application/grpc - - 200 - application/grpc 109.3032ms
info: Microsoft.AspNetCore.Hosting.Diagnostics[1]
      Request starting HTTP/2 POST http://ilpp/UnityILPP.PostProcessing/PostProcessAssembly application/grpc -
info: Microsoft.AspNetCore.Routing.EndpointMiddleware[0]
      Executing endpoint 'gRPC - /UnityILPP.PostProcessing/PostProcessAssembly'
info: Unity.ILPP.Runner.PostProcessingPipeline[0]
      Processing assembly Library/Bee/artifacts/1900b0aE.dag/Unity.2D.Common.Path.Editor.dll, with 117 defines and 228 references
info: Unity.ILPP.Runner.PostProcessingPipeline[0]
      processors: zzzUnity.Burst.CodeGen.BurstILPostProcessor
info: Microsoft.AspNetCore.Routing.EndpointMiddleware[1]
      Executed endpoint 'gRPC - /UnityILPP.PostProcessing/PostProcessAssembly'
info: Microsoft.AspNetCore.Hosting.Diagnostics[2]
      Request finished HTTP/2 POST http://ilpp/UnityILPP.PostProcessing/PostProcessAssembly application/grpc - - 200 - application/grpc 208.1602ms
info: Microsoft.AspNetCore.Hosting.Diagnostics[1]
      Request starting HTTP/2 POST http://ilpp/UnityILPP.PostProcessing/PostProcessAssembly application/grpc -
info: Microsoft.AspNetCore.Routing.EndpointMiddleware[0]
      Executing endpoint 'gRPC - /UnityILPP.PostProcessing/PostProcessAssembly'
info: Microsoft.AspNetCore.Hosting.Diagnostics[1]
      Request starting HTTP/2 POST http://ilpp/UnityILPP.PostProcessing/PostProcessAssembly application/grpc -
info: Microsoft.AspNetCore.Routing.EndpointMiddleware[0]
      Executing endpoint 'gRPC - /UnityILPP.PostProcessing/PostProcessAssembly'
info: Microsoft.AspNetCore.Hosting.Diagnostics[1]
      Request starting HTTP/2 POST http://ilpp/UnityILPP.PostProcessing/PostProcessAssembly application/grpc -
info: Microsoft.AspNetCore.Routing.EndpointMiddleware[0]
      Executing endpoint 'gRPC - /UnityILPP.PostProcessing/PostProcessAssembly'
info: Microsoft.AspNetCore.Hosting.Diagnostics[1]
      Request starting HTTP/2 POST http://ilpp/UnityILPP.PostProcessing/PostProcessAssembly application/grpc -
info: Microsoft.AspNetCore.Routing.EndpointMiddleware[0]
      Executing endpoint 'gRPC - /UnityILPP.PostProcessing/PostProcessAssembly'
info: Unity.ILPP.Runner.PostProcessingPipeline[0]
      Processing assembly Library/Bee/artifacts/1900b0aE.dag/Unity.PlasticSCM.Editor.dll, with 117 defines and 220 references
info: Unity.ILPP.Runner.PostProcessingPipeline[0]
      processors: zzzUnity.Burst.CodeGen.BurstILPostProcessor
info: Unity.ILPP.Runner.PostProcessingPipeline[0]
      Processing assembly Library/Bee/artifacts/1900b0aE.dag/Cinemachine.dll, with 127 defines and 225 references
info: Unity.ILPP.Runner.PostProcessingPipeline[0]
      processors: zzzUnity.Burst.CodeGen.BurstILPostProcessor
info: Unity.ILPP.Runner.PostProcessingPipeline[0]
      Processing assembly Library/Bee/artifacts/1900b0aE.dag/Unity.2D.Tilemap.Editor.dll, with 117 defines and 228 references
info: Unity.ILPP.Runner.PostProcessingPipeline[0]
      processors: zzzUnity.Burst.CodeGen.BurstILPostProcessor
info: Unity.ILPP.Runner.PostProcessingPipeline[0]
      running zzzUnity.Burst.CodeGen.BurstILPostProcessor
info: Microsoft.AspNetCore.Hosting.Diagnostics[1]
      Request starting HTTP/2 POST http://ilpp/UnityILPP.PostProcessing/PostProcessAssembly application/grpc -
info: Microsoft.AspNetCore.Routing.EndpointMiddleware[0]
      Executing endpoint 'gRPC - /UnityILPP.PostProcessing/PostProcessAssembly'
info: Microsoft.AspNetCore.Routing.EndpointMiddleware[1]
      Executed endpoint 'gRPC - /UnityILPP.PostProcessing/PostProcessAssembly'
info: Microsoft.AspNetCore.Hosting.Diagnostics[2]
      Request finished HTTP/2 POST http://ilpp/UnityILPP.PostProcessing/PostProcessAssembly application/grpc - - 200 - application/grpc 31.8817ms
info: Unity.ILPP.Runner.PostProcessingPipeline[0]
      Processing assembly Library/Bee/artifacts/1900b0aE.dag/Unity.ShaderGraph.Utilities.dll, with 117 defines and 228 references
info: Unity.ILPP.Runner.PostProcessingPipeline[0]
      processors: zzzUnity.Burst.CodeGen.BurstILPostProcessor
info: Unity.ILPP.Runner.PostProcessingPipeline[0]
      Processing assembly Library/Bee/artifacts/1900b0aE.dag/Unity.2D.SpriteShape.Editor.dll, with 117 defines and 233 references
info: Unity.ILPP.Runner.PostProcessingPipeline[0]
      processors: zzzUnity.Burst.CodeGen.BurstILPostProcessor
info: Microsoft.AspNetCore.Hosting.Diagnostics[1]
      Request starting HTTP/2 POST http://ilpp/UnityILPP.PostProcessing/PostProcessAssembly application/grpc -
info: Microsoft.AspNetCore.Routing.EndpointMiddleware[0]
      Executing endpoint 'gRPC - /UnityILPP.PostProcessing/PostProcessAssembly'
info: Unity.ILPP.Runner.PostProcessingPipeline[0]
      running zzzUnity.Burst.CodeGen.BurstILPostProcessor
info: Microsoft.AspNetCore.Hosting.Diagnostics[1]
      Request starting HTTP/2 POST http://ilpp/UnityILPP.PostProcessing/PostProcessAssembly application/grpc -
info: Microsoft.AspNetCore.Routing.EndpointMiddleware[0]
      Executing endpoint 'gRPC - /UnityILPP.PostProcessing/PostProcessAssembly'
info: Unity.ILPP.Runner.PostProcessingPipeline[0]
      Processing assembly Library/Bee/artifacts/1900b0aE.dag/Unity.PlasticSCM.Editor.Entities.dll, with 117 defines and 229 references
info: Unity.ILPP.Runner.PostProcessingPipeline[0]
      processors: zzzUnity.Burst.CodeGen.BurstILPostProcessor
info: Unity.ILPP.Runner.PostProcessingPipeline[0]
      Processing assembly Library/Bee/artifacts/1900b0aE.dag/UnityEditor.UI.dll, with 120 defines and 227 references
info: Unity.ILPP.Runner.PostProcessingPipeline[0]
      running zzzUnity.Burst.CodeGen.BurstILPostProcessor
info: Unity.ILPP.Runner.PostProcessingPipeline[0]
      processors: zzzUnity.Burst.CodeGen.BurstILPostProcessor
info: Unity.ILPP.Runner.PostProcessingPipeline[0]
      running zzzUnity.Burst.CodeGen.BurstILPostProcessor
info: Microsoft.AspNetCore.Routing.EndpointMiddleware[1]
      Executed endpoint 'gRPC - /UnityILPP.PostProcessing/PostProcessAssembly'
info: Microsoft.AspNetCore.Hosting.Diagnostics[2]
      Request finished HTTP/2 POST http://ilpp/UnityILPP.PostProcessing/PostProcessAssembly application/grpc - - 200 - application/grpc 61.6213ms
info: Microsoft.AspNetCore.Routing.EndpointMiddleware[1]
      Executed endpoint 'gRPC - /UnityILPP.PostProcessing/PostProcessAssembly'
info: Microsoft.AspNetCore.Hosting.Diagnostics[2]
      Request finished HTTP/2 POST http://ilpp/UnityILPP.PostProcessing/PostProcessAssembly application/grpc - - 200 - application/grpc 5.9294ms
info: Unity.ILPP.Runner.PostProcessingPipeline[0]
      running zzzUnity.Burst.CodeGen.BurstILPostProcessor
info: Microsoft.AspNetCore.Routing.EndpointMiddleware[1]
      Executed endpoint 'gRPC - /UnityILPP.PostProcessing/PostProcessAssembly'
info: Microsoft.AspNetCore.Hosting.Diagnostics[2]
      Request finished HTTP/2 POST http://ilpp/UnityILPP.PostProcessing/PostProcessAssembly application/grpc - - 200 - application/grpc 110.2631ms
info: Unity.ILPP.Runner.PostProcessingPipeline[0]
      running zzzUnity.Burst.CodeGen.BurstILPostProcessor
info: Unity.ILPP.Runner.PostProcessingPipeline[0]
      running zzzUnity.Burst.CodeGen.BurstILPostProcessor
info: Unity.ILPP.Runner.PostProcessingPipeline[0]
      running zzzUnity.Burst.CodeGen.BurstILPostProcessor
info: Microsoft.AspNetCore.Routing.EndpointMiddleware[1]
      Executed endpoint 'gRPC - /UnityILPP.PostProcessing/PostProcessAssembly'
info: Microsoft.AspNetCore.Hosting.Diagnostics[2]
      Request finished HTTP/2 POST http://ilpp/UnityILPP.PostProcessing/PostProcessAssembly application/grpc - - 200 - application/grpc 143.6569ms
info: Microsoft.AspNetCore.Routing.EndpointMiddleware[1]
      Executed endpoint 'gRPC - /UnityILPP.PostProcessing/PostProcessAssembly'
info: Microsoft.AspNetCore.Hosting.Diagnostics[2]
      Request finished HTTP/2 POST http://ilpp/UnityILPP.PostProcessing/PostProcessAssembly application/grpc - - 200 - application/grpc 486.4926ms
info: Microsoft.AspNetCore.Hosting.Diagnostics[1]
      Request starting HTTP/2 POST http://ilpp/UnityILPP.PostProcessing/PostProcessAssembly application/grpc -
info: Microsoft.AspNetCore.Routing.EndpointMiddleware[0]
      Executing endpoint 'gRPC - /UnityILPP.PostProcessing/PostProcessAssembly'
info: Microsoft.AspNetCore.Routing.EndpointMiddleware[1]
      Executed endpoint 'gRPC - /UnityILPP.PostProcessing/PostProcessAssembly'
info: Microsoft.AspNetCore.Hosting.Diagnostics[2]
      Request finished HTTP/2 POST http://ilpp/UnityILPP.PostProcessing/PostProcessAssembly application/grpc - - 200 - application/grpc 140.4639ms
info: Microsoft.AspNetCore.Routing.EndpointMiddleware[1]
      Executed endpoint 'gRPC - /UnityILPP.PostProcessing/PostProcessAssembly'
info: Microsoft.AspNetCore.Hosting.Diagnostics[2]
      Request finished HTTP/2 POST http://ilpp/UnityILPP.PostProcessing/PostProcessAssembly application/grpc - - 200 - application/grpc 149.8155ms
info: Unity.ILPP.Runner.PostProcessingPipeline[0]
      Processing assembly Library/Bee/artifacts/1900b0aE.dag/Unity.2D.Common.Editor.dll, with 117 defines and 232 references
info: Unity.ILPP.Runner.PostProcessingPipeline[0]
      processors: zzzUnity.Burst.CodeGen.BurstILPostProcessor
info: Unity.ILPP.Runner.PostProcessingPipeline[0]
      running zzzUnity.Burst.CodeGen.BurstILPostProcessor
info: Microsoft.AspNetCore.Hosting.Diagnostics[1]
      Request starting HTTP/2 POST http://ilpp/UnityILPP.PostProcessing/PostProcessAssembly application/grpc -
info: Microsoft.AspNetCore.Routing.EndpointMiddleware[0]
      Executing endpoint 'gRPC - /UnityILPP.PostProcessing/PostProcessAssembly'
info: Unity.ILPP.Runner.PostProcessingPipeline[0]
      Processing assembly Library/Bee/artifacts/1900b0aE.dag/Unity.RenderPipelines.Universal.Editor.dll, with 118 defines and 234 references
info: Unity.ILPP.Runner.PostProcessingPipeline[0]
      processors: zzzUnity.Burst.CodeGen.BurstILPostProcessor
info: Microsoft.AspNetCore.Hosting.Diagnostics[1]
      Request starting HTTP/2 POST http://ilpp/UnityILPP.PostProcessing/PostProcessAssembly application/grpc -
info: Microsoft.AspNetCore.Routing.EndpointMiddleware[0]
      Executing endpoint 'gRPC - /UnityILPP.PostProcessing/PostProcessAssembly'
info: Unity.ILPP.Runner.PostProcessingPipeline[0]
      running zzzUnity.Burst.CodeGen.BurstILPostProcessor
info: Microsoft.AspNetCore.Routing.EndpointMiddleware[1]
      Executed endpoint 'gRPC - /UnityILPP.PostProcessing/PostProcessAssembly'
info: Microsoft.AspNetCore.Hosting.Diagnostics[2]
      Request finished HTTP/2 POST http://ilpp/UnityILPP.PostProcessing/PostProcessAssembly application/grpc - - 200 - application/grpc 47.7962ms
info: Unity.ILPP.Runner.PostProcessingPipeline[0]
      Processing assembly Library/Bee/artifacts/1900b0aE.dag/PsdPlugin.dll, with 117 defines and 229 references
info: Unity.ILPP.Runner.PostProcessingPipeline[0]
      processors: zzzUnity.Burst.CodeGen.BurstILPostProcessor
info: Unity.ILPP.Runner.PostProcessingPipeline[0]
      running zzzUnity.Burst.CodeGen.BurstILPostProcessor
info: Microsoft.AspNetCore.Routing.EndpointMiddleware[1]
      Executed endpoint 'gRPC - /UnityILPP.PostProcessing/PostProcessAssembly'
info: Microsoft.AspNetCore.Hosting.Diagnostics[2]
      Request finished HTTP/2 POST http://ilpp/UnityILPP.PostProcessing/PostProcessAssembly application/grpc - - 200 - application/grpc 316.3813ms
info: Microsoft.AspNetCore.Hosting.Diagnostics[1]
      Request starting HTTP/2 POST http://ilpp/UnityILPP.PostProcessing/PostProcessAssembly application/grpc -
info: Microsoft.AspNetCore.Routing.EndpointMiddleware[0]
      Executing endpoint 'gRPC - /UnityILPP.PostProcessing/PostProcessAssembly'
info: Unity.ILPP.Runner.PostProcessingPipeline[0]
      Processing assembly Library/Bee/artifacts/1900b0aE.dag/Unity.2D.Tilemap.Extras.Editor.dll, with 117 defines and 230 references
info: Unity.ILPP.Runner.PostProcessingPipeline[0]
      processors: zzzUnity.Burst.CodeGen.BurstILPostProcessor
info: Unity.ILPP.Runner.PostProcessingPipeline[0]
      running zzzUnity.Burst.CodeGen.BurstILPostProcessor
info: Microsoft.AspNetCore.Hosting.Diagnostics[1]
      Request starting HTTP/2 POST http://ilpp/UnityILPP.PostProcessing/PostProcessAssembly application/grpc -
info: Microsoft.AspNetCore.Routing.EndpointMiddleware[0]
      Executing endpoint 'gRPC - /UnityILPP.PostProcessing/PostProcessAssembly'
info: Microsoft.AspNetCore.Hosting.Diagnostics[1]
      Request starting HTTP/2 POST http://ilpp/UnityILPP.PostProcessing/PostProcessAssembly application/grpc -
info: Microsoft.AspNetCore.Routing.EndpointMiddleware[0]
      Executing endpoint 'gRPC - /UnityILPP.PostProcessing/PostProcessAssembly'
info: Microsoft.AspNetCore.Routing.EndpointMiddleware[1]
      Executed endpoint 'gRPC - /UnityILPP.PostProcessing/PostProcessAssembly'
info: Microsoft.AspNetCore.Hosting.Diagnostics[2]
      Request finished HTTP/2 POST http://ilpp/UnityILPP.PostProcessing/PostProcessAssembly application/grpc - - 200 - application/grpc 23.0252ms
info: Microsoft.AspNetCore.Routing.EndpointMiddleware[1]
      Executed endpoint 'gRPC - /UnityILPP.PostProcessing/PostProcessAssembly'
info: Microsoft.AspNetCore.Hosting.Diagnostics[2]
      Request finished HTTP/2 POST http://ilpp/UnityILPP.PostProcessing/PostProcessAssembly application/grpc - - 200 - application/grpc 142.9865ms
info: Unity.ILPP.Runner.PostProcessingPipeline[0]
      Processing assembly Library/Bee/artifacts/1900b0aE.dag/Unity.Burst.Editor.dll, with 117 defines and 229 references
info: Unity.ILPP.Runner.PostProcessingPipeline[0]
      processors: zzzUnity.Burst.CodeGen.BurstILPostProcessor
info: Unity.ILPP.Runner.PostProcessingPipeline[0]
      running zzzUnity.Burst.CodeGen.BurstILPostProcessor
info: Microsoft.AspNetCore.Hosting.Diagnostics[1]
      Request starting HTTP/2 POST http://ilpp/UnityILPP.PostProcessing/PostProcessAssembly application/grpc -
info: Microsoft.AspNetCore.Routing.EndpointMiddleware[0]
      Executing endpoint 'gRPC - /UnityILPP.PostProcessing/PostProcessAssembly'
info: Unity.ILPP.Runner.PostProcessingPipeline[0]
      Processing assembly Library/Bee/artifacts/1900b0aE.dag/Unity.TextMeshPro.Editor.dll, with 117 defines and 229 references
info: Unity.ILPP.Runner.PostProcessingPipeline[0]
      Processing assembly Library/Bee/artifacts/1900b0aE.dag/Unity.ShaderGraph.Editor.dll, with 117 defines and 232 references
info: Unity.ILPP.Runner.PostProcessingPipeline[0]
      processors: zzzUnity.Burst.CodeGen.BurstILPostProcessor
info: Unity.ILPP.Runner.PostProcessingPipeline[0]
      processors: zzzUnity.Burst.CodeGen.BurstILPostProcessor
info: Microsoft.AspNetCore.Hosting.Diagnostics[1]
      Request starting HTTP/2 POST http://ilpp/UnityILPP.PostProcessing/PostProcessAssembly application/grpc -
info: Microsoft.AspNetCore.Routing.EndpointMiddleware[0]
      Executing endpoint 'gRPC - /UnityILPP.PostProcessing/PostProcessAssembly'
info: Unity.ILPP.Runner.PostProcessingPipeline[0]
      running zzzUnity.Burst.CodeGen.BurstILPostProcessor
info: Microsoft.AspNetCore.Routing.EndpointMiddleware[1]
      Executed endpoint 'gRPC - /UnityILPP.PostProcessing/PostProcessAssembly'
info: Microsoft.AspNetCore.Hosting.Diagnostics[2]
      Request finished HTTP/2 POST http://ilpp/UnityILPP.PostProcessing/PostProcessAssembly application/grpc - - 200 - application/grpc 31.1997ms
info: Unity.ILPP.Runner.PostProcessingPipeline[0]
      Processing assembly Library/Bee/artifacts/1900b0aE.dag/Unity.2D.Animation.Editor.dll, with 117 defines and 237 references
info: Unity.ILPP.Runner.PostProcessingPipeline[0]
      processors: zzzUnity.Burst.CodeGen.BurstILPostProcessor
info: Unity.ILPP.Runner.PostProcessingPipeline[0]
      running zzzUnity.Burst.CodeGen.BurstILPostProcessor
info: Unity.ILPP.Runner.PostProcessingPipeline[0]
      running zzzUnity.Burst.CodeGen.BurstILPostProcessor
info: Microsoft.AspNetCore.Routing.EndpointMiddleware[1]
      Executed endpoint 'gRPC - /UnityILPP.PostProcessing/PostProcessAssembly'
info: Microsoft.AspNetCore.Hosting.Diagnostics[2]
      Request finished HTTP/2 POST http://ilpp/UnityILPP.PostProcessing/PostProcessAssembly application/grpc - - 200 - application/grpc 98.2942ms
info: Microsoft.AspNetCore.Hosting.Diagnostics[1]
      Request starting HTTP/2 POST http://ilpp/UnityILPP.PostProcessing/PostProcessAssembly application/grpc -
info: Microsoft.AspNetCore.Routing.EndpointMiddleware[0]
      Executing endpoint 'gRPC - /UnityILPP.PostProcessing/PostProcessAssembly'
info: Microsoft.AspNetCore.Routing.EndpointMiddleware[1]
      Executed endpoint 'gRPC - /UnityILPP.PostProcessing/PostProcessAssembly'
info: Microsoft.AspNetCore.Hosting.Diagnostics[2]
      Request finished HTTP/2 POST http://ilpp/UnityILPP.PostProcessing/PostProcessAssembly application/grpc - - 200 - application/grpc 118.8032ms
info: Microsoft.AspNetCore.Hosting.Diagnostics[1]
      Request starting HTTP/2 POST http://ilpp/UnityILPP.PostProcessing/PostProcessAssembly application/grpc -
info: Microsoft.AspNetCore.Routing.EndpointMiddleware[0]
      Executing endpoint 'gRPC - /UnityILPP.PostProcessing/PostProcessAssembly'
info: Microsoft.AspNetCore.Hosting.Diagnostics[1]
      Request starting HTTP/2 POST http://ilpp/UnityILPP.PostProcessing/PostProcessAssembly application/grpc -
info: Microsoft.AspNetCore.Hosting.Diagnostics[1]
      Request starting HTTP/2 POST http://ilpp/UnityILPP.PostProcessing/PostProcessAssembly application/grpc -
info: Microsoft.AspNetCore.Routing.EndpointMiddleware[0]
      Executing endpoint 'gRPC - /UnityILPP.PostProcessing/PostProcessAssembly'
info: Microsoft.AspNetCore.Routing.EndpointMiddleware[0]
      Executing endpoint 'gRPC - /UnityILPP.PostProcessing/PostProcessAssembly'
info: Microsoft.AspNetCore.Hosting.Diagnostics[1]
      Request starting HTTP/2 POST http://ilpp/UnityILPP.PostProcessing/PostProcessAssembly application/grpc -
info: Microsoft.AspNetCore.Routing.EndpointMiddleware[0]
      Executing endpoint 'gRPC - /UnityILPP.PostProcessing/PostProcessAssembly'
info: Unity.ILPP.Runner.PostProcessingPipeline[0]
      Processing assembly Library/Bee/artifacts/1900b0aE.dag/Unity.RenderPipelines.Core.Editor.dll, with 118 defines and 230 references
info: Unity.ILPP.Runner.PostProcessingPipeline[0]
      processors: zzzUnity.Burst.CodeGen.BurstILPostProcessor
info: Unity.ILPP.Runner.PostProcessingPipeline[0]
      running zzzUnity.Burst.CodeGen.BurstILPostProcessor
info: Unity.ILPP.Runner.PostProcessingPipeline[0]
      Processing assembly Library/Bee/artifacts/1900b0aE.dag/Unity.Timeline.Editor.dll, with 118 defines and 229 references
info: Unity.ILPP.Runner.PostProcessingPipeline[0]
      processors: zzzUnity.Burst.CodeGen.BurstILPostProcessor
info: Unity.ILPP.Runner.PostProcessingPipeline[0]
      Processing assembly Library/Bee/artifacts/1900b0aE.dag/com.unity.cinemachine.editor.dll, with 125 defines and 235 references
info: Unity.ILPP.Runner.PostProcessingPipeline[0]
      processors: zzzUnity.Burst.CodeGen.BurstILPostProcessor
info: Unity.ILPP.Runner.PostProcessingPipeline[0]
      running zzzUnity.Burst.CodeGen.BurstILPostProcessor
info: Unity.ILPP.Runner.PostProcessingPipeline[0]
      Processing assembly Library/Bee/artifacts/1900b0aE.dag/Unity.Mathematics.Editor.dll, with 117 defines and 229 references
info: Unity.ILPP.Runner.PostProcessingPipeline[0]
      processors: zzzUnity.Burst.CodeGen.BurstILPostProcessor
info: Microsoft.AspNetCore.Hosting.Diagnostics[1]
      Request starting HTTP/2 POST http://ilpp/UnityILPP.PostProcessing/PostProcessAssembly application/grpc -
info: Microsoft.AspNetCore.Routing.EndpointMiddleware[0]
      Executing endpoint 'gRPC - /UnityILPP.PostProcessing/PostProcessAssembly'
info: Unity.ILPP.Runner.PostProcessingPipeline[0]
      Processing assembly Library/Bee/artifacts/1900b0aE.dag/Unity.2D.Aseprite.Common.dll, with 117 defines and 231 references
info: Unity.ILPP.Runner.PostProcessingPipeline[0]
      processors: zzzUnity.Burst.CodeGen.BurstILPostProcessor
info: Unity.ILPP.Runner.PostProcessingPipeline[0]
      running zzzUnity.Burst.CodeGen.BurstILPostProcessor
info: Unity.ILPP.Runner.PostProcessingPipeline[0]
      running zzzUnity.Burst.CodeGen.BurstILPostProcessor
info: Unity.ILPP.Runner.PostProcessingPipeline[0]
      running zzzUnity.Burst.CodeGen.BurstILPostProcessor
info: Unity.ILPP.Runner.PostProcessingPipeline[0]
      Processing assembly Library/Bee/artifacts/1900b0aE.dag/Unity.VisualScripting.Core.Editor.dll, with 117 defines and 229 references
info: Unity.ILPP.Runner.PostProcessingPipeline[0]
      processors: zzzUnity.Burst.CodeGen.BurstILPostProcessor
info: Microsoft.AspNetCore.Routing.EndpointMiddleware[1]
      Executed endpoint 'gRPC - /UnityILPP.PostProcessing/PostProcessAssembly'
info: Microsoft.AspNetCore.Hosting.Diagnostics[2]
      Request finished HTTP/2 POST http://ilpp/UnityILPP.PostProcessing/PostProcessAssembly application/grpc - - 200 - application/grpc 94.0617ms
info: Unity.ILPP.Runner.PostProcessingPipeline[0]
      running zzzUnity.Burst.CodeGen.BurstILPostProcessor
info: Microsoft.AspNetCore.Routing.EndpointMiddleware[1]
      Executed endpoint 'gRPC - /UnityILPP.PostProcessing/PostProcessAssembly'
info: Microsoft.AspNetCore.Hosting.Diagnostics[2]
      Request finished HTTP/2 POST http://ilpp/UnityILPP.PostProcessing/PostProcessAssembly application/grpc - - 200 - application/grpc 170.7068ms
info: Microsoft.AspNetCore.Hosting.Diagnostics[1]
      Request starting HTTP/2 POST http://ilpp/UnityILPP.PostProcessing/PostProcessAssembly application/grpc -
info: Microsoft.AspNetCore.Routing.EndpointMiddleware[0]
      Executing endpoint 'gRPC - /UnityILPP.PostProcessing/PostProcessAssembly'
info: Microsoft.AspNetCore.Hosting.Diagnostics[1]
      Request starting HTTP/2 POST http://ilpp/UnityILPP.PostProcessing/PostProcessAssembly application/grpc -
info: Microsoft.AspNetCore.Routing.EndpointMiddleware[0]
      Executing endpoint 'gRPC - /UnityILPP.PostProcessing/PostProcessAssembly'
info: Unity.ILPP.Runner.PostProcessingPipeline[0]
      Processing assembly Library/Bee/artifacts/1900b0aE.dag/Unity.CollabProxy.Editor.dll, with 117 defines and 229 references
info: Unity.ILPP.Runner.PostProcessingPipeline[0]
      processors: zzzUnity.Burst.CodeGen.BurstILPostProcessor
info: Unity.ILPP.Runner.PostProcessingPipeline[0]
      running zzzUnity.Burst.CodeGen.BurstILPostProcessor
info: Microsoft.AspNetCore.Hosting.Diagnostics[1]
      Request starting HTTP/2 POST http://ilpp/UnityILPP.PostProcessing/PostProcessAssembly application/grpc -
info: Microsoft.AspNetCore.Routing.EndpointMiddleware[0]
      Executing endpoint 'gRPC - /UnityILPP.PostProcessing/PostProcessAssembly'
info: Unity.ILPP.Runner.PostProcessingPipeline[0]
      Processing assembly Library/Bee/artifacts/1900b0aE.dag/Unity.2D.Psdimporter.Editor.dll, with 117 defines and 237 references
info: Unity.ILPP.Runner.PostProcessingPipeline[0]
      processors: zzzUnity.Burst.CodeGen.BurstILPostProcessor
info: Microsoft.AspNetCore.Routing.EndpointMiddleware[1]
      Executed endpoint 'gRPC - /UnityILPP.PostProcessing/PostProcessAssembly'
info: Microsoft.AspNetCore.Routing.EndpointMiddleware[1]
      Executed endpoint 'gRPC - /UnityILPP.PostProcessing/PostProcessAssembly'
info: Microsoft.AspNetCore.Hosting.Diagnostics[2]
      Request finished HTTP/2 POST http://ilpp/UnityILPP.PostProcessing/PostProcessAssembly application/grpc - - 200 - application/grpc 4.1310ms
info: Microsoft.AspNetCore.Hosting.Diagnostics[2]
      Request finished HTTP/2 POST http://ilpp/UnityILPP.PostProcessing/PostProcessAssembly application/grpc - - 200 - application/grpc 45.5955ms
info: Unity.ILPP.Runner.PostProcessingPipeline[0]
      Processing assembly Library/Bee/artifacts/1900b0aE.dag/PPv2URPConverters.dll, with 117 defines and 232 references
info: Unity.ILPP.Runner.PostProcessingPipeline[0]
      processors: zzzUnity.Burst.CodeGen.BurstILPostProcessor
info: Unity.ILPP.Runner.PostProcessingPipeline[0]
      running zzzUnity.Burst.CodeGen.BurstILPostProcessor
info: Unity.ILPP.Runner.PostProcessingPipeline[0]
      running zzzUnity.Burst.CodeGen.BurstILPostProcessor
info: Microsoft.AspNetCore.Hosting.Diagnostics[1]
      Request starting HTTP/2 POST http://ilpp/UnityILPP.PostProcessing/PostProcessAssembly application/grpc -
info: Microsoft.AspNetCore.Routing.EndpointMiddleware[0]
      Executing endpoint 'gRPC - /UnityILPP.PostProcessing/PostProcessAssembly'
info: Unity.ILPP.Runner.PostProcessingPipeline[0]
      Processing assembly Library/Bee/artifacts/1900b0aE.dag/Unity.Collections.DocCodeSamples.dll, with 117 defines and 229 references
info: Unity.ILPP.Runner.PostProcessingPipeline[0]
      processors: zzzUnity.Burst.CodeGen.BurstILPostProcessor
info: Microsoft.AspNetCore.Routing.EndpointMiddleware[1]
      Executed endpoint 'gRPC - /UnityILPP.PostProcessing/PostProcessAssembly'
info: Microsoft.AspNetCore.Hosting.Diagnostics[2]
      Request finished HTTP/2 POST http://ilpp/UnityILPP.PostProcessing/PostProcessAssembly application/grpc - - 200 - application/grpc 9.6695ms
info: Unity.ILPP.Runner.PostProcessingPipeline[0]
      running zzzUnity.Burst.CodeGen.BurstILPostProcessor
info: Microsoft.AspNetCore.Hosting.Diagnostics[1]
      Request starting HTTP/2 POST http://ilpp/UnityILPP.PostProcessing/PostProcessAssembly application/grpc -
info: Microsoft.AspNetCore.Routing.EndpointMiddleware[0]
      Executing endpoint 'gRPC - /UnityILPP.PostProcessing/PostProcessAssembly'
info: Microsoft.AspNetCore.Routing.EndpointMiddleware[1]
      Executed endpoint 'gRPC - /UnityILPP.PostProcessing/PostProcessAssembly'
info: Microsoft.AspNetCore.Hosting.Diagnostics[2]
      Request finished HTTP/2 POST http://ilpp/UnityILPP.PostProcessing/PostProcessAssembly application/grpc - - 200 - application/grpc 208.6568ms
info: Unity.ILPP.Runner.PostProcessingPipeline[0]
      Processing assembly Library/Bee/artifacts/1900b0aE.dag/Unity.2D.IK.Editor.dll, with 117 defines and 234 references
info: Unity.ILPP.Runner.PostProcessingPipeline[0]
      processors: zzzUnity.Burst.CodeGen.BurstILPostProcessor
info: Microsoft.AspNetCore.Routing.EndpointMiddleware[1]
      Executed endpoint 'gRPC - /UnityILPP.PostProcessing/PostProcessAssembly'
info: Microsoft.AspNetCore.Hosting.Diagnostics[2]
      Request finished HTTP/2 POST http://ilpp/UnityILPP.PostProcessing/PostProcessAssembly application/grpc - - 200 - application/grpc 82.5390ms
info: Unity.ILPP.Runner.PostProcessingPipeline[0]
      running zzzUnity.Burst.CodeGen.BurstILPostProcessor
info: Microsoft.AspNetCore.Hosting.Diagnostics[1]
      Request starting HTTP/2 POST http://ilpp/UnityILPP.PostProcessing/PostProcessAssembly application/grpc -
info: Microsoft.AspNetCore.Routing.EndpointMiddleware[0]
      Executing endpoint 'gRPC - /UnityILPP.PostProcessing/PostProcessAssembly'
info: Unity.ILPP.Runner.PostProcessingPipeline[0]
      Processing assembly Library/Bee/artifacts/1900b0aE.dag/Unity.VisualScripting.State.Editor.dll, with 117 defines and 233 references
info: Unity.ILPP.Runner.PostProcessingPipeline[0]
      processors: zzzUnity.Burst.CodeGen.BurstILPostProcessor
info: Microsoft.AspNetCore.Routing.EndpointMiddleware[1]
      Executed endpoint 'gRPC - /UnityILPP.PostProcessing/PostProcessAssembly'
info: Microsoft.AspNetCore.Hosting.Diagnostics[2]
      Request finished HTTP/2 POST http://ilpp/UnityILPP.PostProcessing/PostProcessAssembly application/grpc - - 200 - application/grpc 84.3219ms
info: Unity.ILPP.Runner.PostProcessingPipeline[0]
      running zzzUnity.Burst.CodeGen.BurstILPostProcessor
info: Microsoft.AspNetCore.Hosting.Diagnostics[1]
      Request starting HTTP/2 POST http://ilpp/UnityILPP.PostProcessing/PostProcessAssembly application/grpc -
info: Microsoft.AspNetCore.Routing.EndpointMiddleware[0]
      Executing endpoint 'gRPC - /UnityILPP.PostProcessing/PostProcessAssembly'
info: Unity.ILPP.Runner.PostProcessingPipeline[0]
      Processing assembly Library/Bee/artifacts/1900b0aE.dag/Unity.2D.PixelPerfect.Editor.dll, with 119 defines and 231 references
info: Unity.ILPP.Runner.PostProcessingPipeline[0]
      processors: zzzUnity.Burst.CodeGen.BurstILPostProcessor
info: Unity.ILPP.Runner.PostProcessingPipeline[0]
      running zzzUnity.Burst.CodeGen.BurstILPostProcessor
info: Microsoft.AspNetCore.Routing.EndpointMiddleware[1]
      Executed endpoint 'gRPC - /UnityILPP.PostProcessing/PostProcessAssembly'
info: Microsoft.AspNetCore.Hosting.Diagnostics[2]
      Request finished HTTP/2 POST http://ilpp/UnityILPP.PostProcessing/PostProcessAssembly application/grpc - - 200 - application/grpc 11.9669ms
info: Microsoft.AspNetCore.Routing.EndpointMiddleware[1]
      Executed endpoint 'gRPC - /UnityILPP.PostProcessing/PostProcessAssembly'
info: Microsoft.AspNetCore.Hosting.Diagnostics[2]
      Request finished HTTP/2 POST http://ilpp/UnityILPP.PostProcessing/PostProcessAssembly application/grpc - - 200 - application/grpc 228.8061ms
info: Microsoft.AspNetCore.Hosting.Diagnostics[1]
      Request starting HTTP/2 POST http://ilpp/UnityILPP.PostProcessing/PostProcessAssembly application/grpc -
info: Microsoft.AspNetCore.Routing.EndpointMiddleware[0]
      Executing endpoint 'gRPC - /UnityILPP.PostProcessing/PostProcessAssembly'
info: Microsoft.AspNetCore.Hosting.Diagnostics[1]
      Request starting HTTP/2 POST http://ilpp/UnityILPP.PostProcessing/PostProcessAssembly application/grpc -
info: Microsoft.AspNetCore.Routing.EndpointMiddleware[0]
      Executing endpoint 'gRPC - /UnityILPP.PostProcessing/PostProcessAssembly'
info: Unity.ILPP.Runner.PostProcessingPipeline[0]
      Processing assembly Library/Bee/artifacts/1900b0aE.dag/Unity.InternalAPIEditorBridge.001.dll, with 117 defines and 229 references
info: Unity.ILPP.Runner.PostProcessingPipeline[0]
      processors: zzzUnity.Burst.CodeGen.BurstILPostProcessor
info: Unity.ILPP.Runner.PostProcessingPipeline[0]
      running zzzUnity.Burst.CodeGen.BurstILPostProcessor
info: Microsoft.AspNetCore.Routing.EndpointMiddleware[1]
      Executed endpoint 'gRPC - /UnityILPP.PostProcessing/PostProcessAssembly'
info: Microsoft.AspNetCore.Hosting.Diagnostics[2]
      Request finished HTTP/2 POST http://ilpp/UnityILPP.PostProcessing/PostProcessAssembly application/grpc - - 200 - application/grpc 507.0946ms
info: Microsoft.AspNetCore.Routing.EndpointMiddleware[1]
      Executed endpoint 'gRPC - /UnityILPP.PostProcessing/PostProcessAssembly'
info: Microsoft.AspNetCore.Hosting.Diagnostics[2]
      Request finished HTTP/2 POST http://ilpp/UnityILPP.PostProcessing/PostProcessAssembly application/grpc - - 200 - application/grpc 79.7925ms
info: Microsoft.AspNetCore.Routing.EndpointMiddleware[1]
      Executed endpoint 'gRPC - /UnityILPP.PostProcessing/PostProcessAssembly'
info: Microsoft.AspNetCore.Hosting.Diagnostics[1]
      Request starting HTTP/2 POST http://ilpp/UnityILPP.PostProcessing/PostProcessAssembly application/grpc -
info: Microsoft.AspNetCore.Routing.EndpointMiddleware[0]
      Executing endpoint 'gRPC - /UnityILPP.PostProcessing/PostProcessAssembly'
info: Microsoft.AspNetCore.Hosting.Diagnostics[2]
      Request finished HTTP/2 POST http://ilpp/UnityILPP.PostProcessing/PostProcessAssembly application/grpc - - 200 - application/grpc 26.5496ms
info: Unity.ILPP.Runner.PostProcessingPipeline[0]
      Processing assembly Library/Bee/artifacts/1900b0aE.dag/Unity.2D.Sprite.Editor.dll, with 117 defines and 228 references
info: Unity.ILPP.Runner.PostProcessingPipeline[0]
      processors: zzzUnity.Burst.CodeGen.BurstILPostProcessor
info: Unity.ILPP.Runner.PostProcessingPipeline[0]
      Processing assembly Library/Bee/artifacts/1900b0aE.dag/Unity.2D.Aseprite.Editor.dll, with 118 defines and 234 references
info: Unity.ILPP.Runner.PostProcessingPipeline[0]
      processors: zzzUnity.Burst.CodeGen.BurstILPostProcessor
info: Unity.ILPP.Runner.PostProcessingPipeline[0]
      running zzzUnity.Burst.CodeGen.BurstILPostProcessor
info: Unity.ILPP.Runner.PostProcessingPipeline[0]
      running zzzUnity.Burst.CodeGen.BurstILPostProcessor
info: Microsoft.AspNetCore.Hosting.Diagnostics[1]
      Request starting HTTP/2 POST http://ilpp/UnityILPP.PostProcessing/PostProcessAssembly application/grpc -
info: Microsoft.AspNetCore.Routing.EndpointMiddleware[0]
      Executing endpoint 'gRPC - /UnityILPP.PostProcessing/PostProcessAssembly'
info: Microsoft.AspNetCore.Routing.EndpointMiddleware[1]
      Executed endpoint 'gRPC - /UnityILPP.PostProcessing/PostProcessAssembly'
info: Microsoft.AspNetCore.Hosting.Diagnostics[2]
      Request finished HTTP/2 POST http://ilpp/UnityILPP.PostProcessing/PostProcessAssembly application/grpc - - 200 - application/grpc 78.0727ms
info: Unity.ILPP.Runner.PostProcessingPipeline[0]
      Processing assembly Library/Bee/artifacts/1900b0aE.dag/Unity.VisualScripting.Shared.Editor.dll, with 117 defines and 234 references
info: Unity.ILPP.Runner.PostProcessingPipeline[0]
      processors: zzzUnity.Burst.CodeGen.BurstILPostProcessor
info: Unity.ILPP.Runner.PostProcessingPipeline[0]
      running zzzUnity.Burst.CodeGen.BurstILPostProcessor
info: Microsoft.AspNetCore.Routing.EndpointMiddleware[1]
      Executed endpoint 'gRPC - /UnityILPP.PostProcessing/PostProcessAssembly'
info: Microsoft.AspNetCore.Hosting.Diagnostics[2]
      Request finished HTTP/2 POST http://ilpp/UnityILPP.PostProcessing/PostProcessAssembly application/grpc - - 200 - application/grpc 15.1622ms
info: Microsoft.AspNetCore.Routing.EndpointMiddleware[1]
      Executed endpoint 'gRPC - /UnityILPP.PostProcessing/PostProcessAssembly'
info: Microsoft.AspNetCore.Hosting.Diagnostics[2]
      Request finished HTTP/2 POST http://ilpp/UnityILPP.PostProcessing/PostProcessAssembly application/grpc - - 200 - application/grpc 543.7355ms
info: Microsoft.AspNetCore.Routing.EndpointMiddleware[1]
      Executed endpoint 'gRPC - /UnityILPP.PostProcessing/PostProcessAssembly'
info: Microsoft.AspNetCore.Hosting.Diagnostics[2]
      Request finished HTTP/2 POST http://ilpp/UnityILPP.PostProcessing/PostProcessAssembly application/grpc - - 200 - application/grpc 2064.6597ms
info: Microsoft.AspNetCore.Routing.EndpointMiddleware[1]
      Executed endpoint 'gRPC - /UnityILPP.PostProcessing/PostProcessAssembly'
info: Microsoft.AspNetCore.Hosting.Diagnostics[2]
      Request finished HTTP/2 POST http://ilpp/UnityILPP.PostProcessing/PostProcessAssembly application/grpc - - 200 - application/grpc 1828.2237ms
info: Microsoft.AspNetCore.Routing.EndpointMiddleware[1]
      Executed endpoint 'gRPC - /UnityILPP.PostProcessing/PostProcessAssembly'
info: Microsoft.AspNetCore.Routing.EndpointMiddleware[1]
      Executed endpoint 'gRPC - /UnityILPP.PostProcessing/PostProcessAssembly'
info: Microsoft.AspNetCore.Hosting.Diagnostics[2]
      Request finished HTTP/2 POST http://ilpp/UnityILPP.PostProcessing/PostProcessAssembly application/grpc - - 200 - application/grpc 191.7716ms
info: Microsoft.AspNetCore.Hosting.Diagnostics[2]
      Request finished HTTP/2 POST http://ilpp/UnityILPP.PostProcessing/PostProcessAssembly application/grpc - - 200 - application/grpc 1069.4807ms
info: Microsoft.AspNetCore.Routing.EndpointMiddleware[1]
      Executed endpoint 'gRPC - /UnityILPP.PostProcessing/PostProcessAssembly'
info: Microsoft.AspNetCore.Hosting.Diagnostics[2]
      Request finished HTTP/2 POST http://ilpp/UnityILPP.PostProcessing/PostProcessAssembly application/grpc - - 200 - application/grpc 1843.0924ms
info: Microsoft.AspNetCore.Routing.EndpointMiddleware[1]
      Executed endpoint 'gRPC - /UnityILPP.PostProcessing/PostProcessAssembly'
info: Microsoft.AspNetCore.Hosting.Diagnostics[2]
      Request finished HTTP/2 POST http://ilpp/UnityILPP.PostProcessing/PostProcessAssembly application/grpc - - 200 - application/grpc 839.9019ms
info: Microsoft.AspNetCore.Hosting.Diagnostics[1]
      Request starting HTTP/2 POST http://ilpp/UnityILPP.PostProcessing/PostProcessAssembly application/grpc -
info: Microsoft.AspNetCore.Routing.EndpointMiddleware[0]
      Executing endpoint 'gRPC - /UnityILPP.PostProcessing/PostProcessAssembly'
info: Unity.ILPP.Runner.PostProcessingPipeline[0]
      Processing assembly Library/Bee/artifacts/1900b0aE.dag/Assembly-CSharp.dll, with 119 defines and 265 references
info: Unity.ILPP.Runner.PostProcessingPipeline[0]
      processors: zzzUnity.Burst.CodeGen.BurstILPostProcessor
info: Unity.ILPP.Runner.PostProcessingPipeline[0]
      running zzzUnity.Burst.CodeGen.BurstILPostProcessor
info: Microsoft.AspNetCore.Routing.EndpointMiddleware[1]
      Executed endpoint 'gRPC - /UnityILPP.PostProcessing/PostProcessAssembly'
info: Microsoft.AspNetCore.Hosting.Diagnostics[2]
      Request finished HTTP/2 POST http://ilpp/UnityILPP.PostProcessing/PostProcessAssembly application/grpc - - 200 - application/grpc 25.0614ms
info: Microsoft.AspNetCore.Hosting.Diagnostics[1]
      Request starting HTTP/2 POST http://ilpp/UnityILPP.PostProcessing/PostProcessAssembly application/grpc -
info: Microsoft.AspNetCore.Routing.EndpointMiddleware[0]
      Executing endpoint 'gRPC - /UnityILPP.PostProcessing/PostProcessAssembly'
info: Unity.ILPP.Runner.PostProcessingPipeline[0]
      Processing assembly Library/Bee/artifacts/1900b0aE.dag/Assembly-CSharp-Editor.dll, with 117 defines and 285 references
info: Unity.ILPP.Runner.PostProcessingPipeline[0]
      processors: zzzUnity.Burst.CodeGen.BurstILPostProcessor
info: Unity.ILPP.Runner.PostProcessingPipeline[0]
      running zzzUnity.Burst.CodeGen.BurstILPostProcessor
info: Microsoft.AspNetCore.Routing.EndpointMiddleware[1]
      Executed endpoint 'gRPC - /UnityILPP.PostProcessing/PostProcessAssembly'
info: Microsoft.AspNetCore.Hosting.Diagnostics[2]
      Request finished HTTP/2 POST http://ilpp/UnityILPP.PostProcessing/PostProcessAssembly application/grpc - - 200 - application/grpc 16.1470ms
ExitCode: 0 Duration: 10s
Finished compiling graph: 832 nodes, 12153 flattened edges (9671 ToBuild, 136 ToUse), maximum node priority 849
[           0s] Delete 95 artifact files that are no longer in use. (like Library\Bee\artifacts\mvdfrm\UnityEngine.RuntimeInitializeOnLoadManagerInitializerModule.dll_D12EA0AA45947105.mvfrm)
[  3/829    0s] MovedFromExtractor Library/Bee/artifacts/mvdfrm/UnityEngine.UnityWebRequestModule.dll_C00D2175C14AF323.mvfrm
[  4/829    0s] MovedFromExtractor Library/Bee/artifacts/mvdfrm/UnityEngine.UnityWebRequestTextureModule.dll_29B1E2CEDA4789DC.mvfrm
[  5/829    0s] MovedFromExtractor Library/Bee/artifacts/mvdfrm/UnityEngine.UnityWebRequestAssetBundleModule.dll_1476367436BD4543.mvfrm
[  6/829    0s] MovedFromExtractor Library/Bee/artifacts/mvdfrm/UnityEditor.PresetsUIModule.dll_4DDA86605BEA0B16.mvfrm
[  7/829    0s] MovedFromExtractor Library/Bee/artifacts/mvdfrm/UnityEngine.UnityCurlModule.dll_94166AD8A40279A4.mvfrm
[  8/829    0s] MovedFromExtractor Library/Bee/artifacts/mvdfrm/UnityEngine.UnityWebRequestWWWModule.dll_ACF0AB618FB486D8.mvfrm
[  9/829    0s] MovedFromExtractor Library/Bee/artifacts/mvdfrm/UnityEngine.VRModule.dll_A58FAFCF95B1157D.mvfrm
[ 10/829    0s] MovedFromExtractor Library/Bee/artifacts/mvdfrm/UnityEngine.UnityWebRequestAudioModule.dll_51928CEBC7723927.mvfrm
[ 11/829    0s] MovedFromExtractor Library/Bee/artifacts/mvdfrm/UnityEngine.XRModule.dll_D84E72D41EEB62DB.mvfrm
[ 12/829    0s] MovedFromExtractor Library/Bee/artifacts/mvdfrm/UnityEngine.WindModule.dll_511121F08E888839.mvfrm
[ 13/829    0s] MovedFromExtractor Library/Bee/artifacts/mvdfrm/UnityEngine.RuntimeInitializeOnLoadManagerInitializerModule.dll_7C16D61D56818815.mvfrm
[ 14/829    0s] MovedFromExtractor Library/Bee/artifacts/mvdfrm/UnityEngine.VirtualTexturingModule.dll_6C893B021039B06E.mvfrm
[ 15/829    0s] MovedFromExtractor Library/Bee/artifacts/mvdfrm/UnityEngine.ProfilerModule.dll_E5CD37A37549D2FA.mvfrm
[ 16/829    0s] MovedFromExtractor Library/Bee/artifacts/mvdfrm/UnityEngine.VFXModule.dll_FEEF9C059DB8A89B.mvfrm
[ 17/829    0s] MovedFromExtractor Library/Bee/artifacts/mvdfrm/UnityEngine.UnityTestProtocolModule.dll_A93CC1394C5F6012.mvfrm
[ 18/829    0s] MovedFromExtractor Library/Bee/artifacts/mvdfrm/UnityEngine.PropertiesModule.dll_B1C51F5097CED1C4.mvfrm
[ 19/829    0s] MovedFromExtractor Library/Bee/artifacts/mvdfrm/UnityEngine.VideoModule.dll_E040970016DABE8E.mvfrm
[ 20/829    0s] MovedFromExtractor Library/Bee/artifacts/mvdfrm/UnityEngine.VehiclesModule.dll_2B49F7EC561A1B88.mvfrm
[ 21/829    0s] MovedFromExtractor Library/Bee/artifacts/mvdfrm/UnityEngine.UmbraModule.dll_360BBEADE16F4E5C.mvfrm
[ 22/829    0s] MovedFromExtractor Library/Bee/artifacts/mvdfrm/UnityEngine.UnityAnalyticsModule.dll_1247DC34E0A5BCF2.mvfrm
[ 23/829    0s] MovedFromExtractor Library/Bee/artifacts/mvdfrm/UnityEngine.SharedInternalsModule.dll_327F58A12D8453F4.mvfrm
[ 24/829    0s] MovedFromExtractor Library/Bee/artifacts/mvdfrm/UnityEngine.StreamingModule.dll_158EB6F783763EF5.mvfrm
[ 25/829    0s] MovedFromExtractor Library/Bee/artifacts/mvdfrm/UnityEngine.UIModule.dll_52BD8949F3F69005.mvfrm
[ 26/829    0s] MovedFromExtractor Library/Bee/artifacts/mvdfrm/UnityEngine.UnityConnectModule.dll_AE95229E6A4BA086.mvfrm
[ 27/829    0s] MovedFromExtractor Library/Bee/artifacts/mvdfrm/UnityEngine.TLSModule.dll_7E110396C74B3F2E.mvfrm
[ 28/829    0s] MovedFromExtractor Library/Bee/artifacts/mvdfrm/UnityEngine.TilemapModule.dll_99A74C14B7E3DED1.mvfrm
[ 29/829    0s] MovedFromExtractor Library/Bee/artifacts/mvdfrm/UnityEngine.UnityAnalyticsCommonModule.dll_74D4F6515AF00CED.mvfrm
[ 30/829    0s] MovedFromExtractor Library/Bee/artifacts/mvdfrm/UnityEngine.TextRenderingModule.dll_F081C1B146D7F232.mvfrm
[ 31/829    0s] MovedFromExtractor Library/Bee/artifacts/mvdfrm/UnityEngine.UIElementsModule.dll_DCA21A6C17C7270C.mvfrm
[ 32/829    0s] MovedFromExtractor Library/Bee/artifacts/mvdfrm/UnityEngine.ScreenCaptureModule.dll_C7424FA68FA0723D.mvfrm
[ 33/829    0s] MovedFromExtractor Library/Bee/artifacts/mvdfrm/UnityEngine.TextCoreTextEngineModule.dll_E22E66059FF4CA6C.mvfrm
[ 34/829    0s] MovedFromExtractor Library/Bee/artifacts/mvdfrm/UnityEngine.TextCoreFontEngineModule.dll_9A462F941071114E.mvfrm
[ 35/829    0s] MovedFromExtractor Library/Bee/artifacts/mvdfrm/UnityEngine.SubsystemsModule.dll_D863B904149AEB15.mvfrm
[ 36/829    0s] MovedFromExtractor Library/Bee/artifacts/mvdfrm/UnityEngine.TerrainPhysicsModule.dll_F323143E4DC16583.mvfrm
[ 37/829    0s] MovedFromExtractor Library/Bee/artifacts/mvdfrm/UnityEngine.TerrainModule.dll_FAAAE493A026FDC8.mvfrm
[ 38/829    0s] MovedFromExtractor Library/Bee/artifacts/mvdfrm/UnityEngine.SubstanceModule.dll_F239CB40CEC93D03.mvfrm
[ 39/829    0s] MovedFromExtractor Library/Bee/artifacts/mvdfrm/UnityEngine.SpriteShapeModule.dll_0F451026A3DC03CF.mvfrm
[ 40/829    0s] MovedFromExtractor Library/Bee/artifacts/mvdfrm/UnityEditor.DeviceSimulatorModule.dll_3CCF59A9C476932C.mvfrm
[ 41/829    0s] MovedFromExtractor Library/Bee/artifacts/mvdfrm/UnityEditor.DiagnosticsModule.dll_26EB2ECD32FC1A7A.mvfrm
[ 42/829    0s] MovedFromExtractor Library/Bee/artifacts/mvdfrm/UnityEditor.GraphViewModule.dll_92744D7E5991B311.mvfrm
[ 43/829    0s] MovedFromExtractor Library/Bee/artifacts/mvdfrm/UnityEditor.EditorToolbarModule.dll_F6FE3C907C96137C.mvfrm
[ 44/829    0s] MovedFromExtractor Library/Bee/artifacts/mvdfrm/UnityEditor.QuickSearchModule.dll_B1FAAFDA8BD316D3.mvfrm
[ 45/829    0s] MovedFromExtractor Library/Bee/artifacts/mvdfrm/UnityEditor.dll_5FA2B8CAC2D2E9E0.mvfrm
[ 46/829    0s] MovedFromExtractor Library/Bee/artifacts/mvdfrm/UnityEngine.SpriteMaskModule.dll_6DB652A246530302.mvfrm
[ 47/829    0s] MovedFromExtractor Library/Bee/artifacts/mvdfrm/UnityEditor.CoreModule.dll_B7A17375554C9EA5.mvfrm
[ 48/829    0s] MovedFromExtractor Library/Bee/artifacts/mvdfrm/UnityEditor.SceneTemplateModule.dll_1A9DAD4E7B82BDB4.mvfrm
[ 49/829    0s] MovedFromExtractor Library/Bee/artifacts/mvdfrm/UnityEditor.SceneViewModule.dll_D12430864EB4801F.mvfrm
[ 50/829    0s] MovedFromExtractor Library/Bee/artifacts/mvdfrm/UnityEditor.UIBuilderModule.dll_E6FCFA9ACC4A2C45.mvfrm
[ 51/829    0s] MovedFromExtractor Library/Bee/artifacts/mvdfrm/UnityEditor.TextCoreTextEngineModule.dll_63CEEAB28CF70BA1.mvfrm
[ 52/829    0s] MovedFromExtractor Library/Bee/artifacts/mvdfrm/UnityEditor.UIElementsSamplesModule.dll_ED7A0B46F2640ABC.mvfrm
[ 53/829    0s] MovedFromExtractor Library/Bee/artifacts/mvdfrm/UnityEditor.TextCoreFontEngineModule.dll_1BE6B440FD735283.mvfrm
[ 54/829    0s] MovedFromExtractor Library/Bee/artifacts/mvdfrm/UnityEngine.AccessibilityModule.dll_4D4318E57BF8E551.mvfrm
[ 55/829    0s] MovedFromExtractor Library/Bee/artifacts/mvdfrm/UnityEngine.AIModule.dll_5749EB1C97AF8A59.mvfrm
[ 56/829    0s] MovedFromExtractor Library/Bee/artifacts/mvdfrm/UnityEditor.UIElementsModule.dll_DBF3AD2415830DC1.mvfrm
[ 57/829    0s] MovedFromExtractor Library/Bee/artifacts/mvdfrm/UnityEngine.AndroidJNIModule.dll_5A3C95F75EA27C97.mvfrm
[ 58/829    0s] MovedFromExtractor Library/Bee/artifacts/mvdfrm/UnityEditor.UnityConnectModule.dll_C1359E8F6FC39FDB.mvfrm
[ 59/829    0s] MovedFromExtractor Library/Bee/artifacts/mvdfrm/UnityEngine.AudioModule.dll_BB3712955448A2E9.mvfrm
[ 60/829    0s] MovedFromExtractor Library/Bee/artifacts/mvdfrm/UnityEngine.ARModule.dll_10BCB01FF4CCE922.mvfrm
[ 61/829    0s] MovedFromExtractor Library/Bee/artifacts/mvdfrm/UnityEngine.AssetBundleModule.dll_F5E3E2CBEE39CBC5.mvfrm
[ 62/829    0s] MovedFromExtractor Library/Bee/artifacts/mvdfrm/UnityEngine.AnimationModule.dll_60F9C9A733EE87B7.mvfrm
[ 63/829    0s] MovedFromExtractor Library/Bee/artifacts/mvdfrm/UnityEngine.ClothModule.dll_221F6F902E6581CD.mvfrm
[ 64/829    0s] MovedFromExtractor Library/Bee/artifacts/mvdfrm/UnityEngine.ClusterInputModule.dll_40D213A5214B72A1.mvfrm
[ 65/829    0s] MovedFromExtractor Library/Bee/artifacts/mvdfrm/UnityEngine.ClusterRendererModule.dll_427C1C1B3431A0B0.mvfrm
[ 66/829    0s] MovedFromExtractor Library/Bee/artifacts/mvdfrm/UnityEngine.ContentLoadModule.dll_8EFA3C0CBCBC73B2.mvfrm
[ 67/829    0s] MovedFromExtractor Library/Bee/artifacts/mvdfrm/UnityEngine.CrashReportingModule.dll_9F96221EC66CDF68.mvfrm
[ 68/829    0s] MovedFromExtractor Library/Bee/artifacts/mvdfrm/UnityEngine.dll_9246FFA3214676C5.mvfrm
[ 69/829    0s] MovedFromExtractor Library/Bee/artifacts/mvdfrm/UnityEngine.CoreModule.dll_DAC246C7FD5209D0.mvfrm
[ 70/829    0s] MovedFromExtractor Library/Bee/artifacts/mvdfrm/UnityEngine.GameCenterModule.dll_8489E01224E36D88.mvfrm
[ 73/829    0s] WriteText Library/Bee/artifacts/1900b0aE.dag/UnityEngine.TestRunner.dll.mvfrm.rsp
[ 74/829    0s] WriteText Library/Bee/artifacts/1900b0aE.dag/UnityEngine.TestRunner.rsp
[ 75/829    0s] MovedFromExtractor Library/Bee/artifacts/mvdfrm/UnityEngine.DirectorModule.dll_B386FE6CDBF04BED.mvfrm
[ 76/829    0s] MovedFromExtractor Library/Bee/artifacts/mvdfrm/UnityEngine.DSPGraphModule.dll_B8D85FD64E511D0E.mvfrm
[ 77/829    0s] MovedFromExtractor Library/Bee/artifacts/mvdfrm/UnityEngine.HotReloadModule.dll_E24287AD0F21A339.mvfrm
[ 78/829    0s] MovedFromExtractor Library/Bee/artifacts/mvdfrm/UnityEngine.GIModule.dll_EF86342A335E7273.mvfrm
[ 79/829    0s] MovedFromExtractor Library/Bee/artifacts/mvdfrm/UnityEngine.ImageConversionModule.dll_AE6E19CBB65658A4.mvfrm
[ 80/829    0s] MovedFromExtractor Library/Bee/artifacts/mvdfrm/UnityEngine.InputLegacyModule.dll_8728FDEA862B81B6.mvfrm
[ 81/829    0s] MovedFromExtractor Library/Bee/artifacts/mvdfrm/UnityEngine.GridModule.dll_B83362B615A69FC7.mvfrm
[ 84/829    0s] WriteText Library/Bee/artifacts/1900b0aE.dag/UnityEngine.UI.dll.mvfrm.rsp
[ 85/829    0s] WriteText Library/Bee/artifacts/1900b0aE.dag/UnityEngine.UI.rsp
[ 86/829    0s] MovedFromExtractor Library/Bee/artifacts/mvdfrm/UnityEngine.Physics2DModule.dll_AD9FB997D4EB7F4C.mvfrm
[ 87/829    0s] WriteText Library/Bee/artifacts/1900b0aE.dag/UnityEditor.TestRunner.dll.mvfrm.rsp
[ 88/829    0s] WriteText Library/Bee/artifacts/1900b0aE.dag/UnityEditor.TestRunner.rsp
[ 91/829    0s] WriteText Library/Bee/artifacts/1900b0aE.dag/UnityEditor.UI.dll.mvfrm.rsp
[ 92/829    0s] WriteText Library/Bee/artifacts/1900b0aE.dag/UnityEditor.UI.rsp
[ 95/829    0s] MovedFromExtractor Library/Bee/artifacts/mvdfrm/UnityEngine.IMGUIModule.dll_F396B1FC1A7A36CA.mvfrm
[ 96/829    0s] WriteText Library/Bee/artifacts/1900b0aE.dag/Unity.Burst.dll.mvfrm.rsp
[ 97/829    0s] WriteText Library/Bee/artifacts/1900b0aE.dag/Unity.Burst.rsp
[104/829    0s] WriteText Library/Bee/artifacts/1900b0aE.dag/Unity.Mathematics.dll.mvfrm.rsp
[105/829    0s] WriteText Library/Bee/artifacts/1900b0aE.dag/Unity.Mathematics.rsp
[108/829    0s] WriteText Library/Bee/artifacts/1900b0aE.dag/Unity.RenderPipelines.Core.Runtime.dll.mvfrm.rsp
[109/829    0s] WriteText Library/Bee/artifacts/1900b0aE.dag/Unity.RenderPipelines.Core.Runtime.rsp
[110/829    0s] MovedFromExtractor Library/Bee/artifacts/mvdfrm/UnityEngine.JSONSerializeModule.dll_AD5AA2217B3445DB.mvfrm
[111/829    0s] MovedFromExtractor Library/Bee/artifacts/mvdfrm/UnityEngine.ParticleSystemModule.dll_F2A86B6B347E6AF6.mvfrm
[112/829    0s] MovedFromExtractor Library/Bee/artifacts/mvdfrm/UnityEngine.InputModule.dll_21ACDA45CA80C78D.mvfrm
[113/829    0s] MovedFromExtractor Library/Bee/artifacts/mvdfrm/UnityEngine.PerformanceReportingModule.dll_D996390D41076E8F.mvfrm
[114/829    0s] MovedFromExtractor Library/Bee/artifacts/mvdfrm/UnityEngine.LocalizationModule.dll_7F1EDDF7B8C7659A.mvfrm
[115/829    0s] WriteText Library/Bee/artifacts/1900b0aE.dag/Unity.Burst.CodeGen.dll.mvfrm.rsp
[116/829    0s] WriteText Library/Bee/artifacts/1900b0aE.dag/Unity.Burst.CodeGen.rsp
[117/829    0s] WriteText Library/Bee/artifacts/1900b0aE.dag/Unity.VisualScripting.Core.dll.mvfrm.rsp
[120/829    0s] WriteText Library/Bee/artifacts/1900b0aE.dag/Unity.VisualScripting.Core.rsp
[135/829    0s] WriteText Library/Bee/artifacts/1900b0aE.dag/Unity.2D.Sprite.Editor.dll.mvfrm.rsp
[138/829    0s] WriteText Library/Bee/artifacts/1900b0aE.dag/Unity.2D.Sprite.Editor.rsp
[139/829    0s] WriteText Library/Bee/artifacts/1900b0aE.dag/Unity.2D.Common.Runtime.dll.mvfrm.rsp
[140/829    0s] WriteText Library/Bee/artifacts/1900b0aE.dag/Unity.RenderPipeline.Universal.ShaderLibrary.dll.mvfrm.rsp
[143/829    0s] WriteText Library/Bee/artifacts/1900b0aE.dag/Unity.RenderPipelines.Universal.2D.Internal.dll.mvfrm.rsp
[144/829    0s] WriteText Library/Bee/artifacts/1900b0aE.dag/Unity.RenderPipelines.Universal.Config.Runtime.dll.mvfrm.rsp
[145/829    0s] WriteText Library/Bee/artifacts/1900b0aE.dag/Unity.2D.Common.Runtime.rsp
[146/829    0s] WriteText Library/Bee/artifacts/1900b0aE.dag/Unity.RenderPipeline.Universal.ShaderLibrary.rsp
[147/829    0s] WriteText Library/Bee/artifacts/1900b0aE.dag/Unity.RenderPipelines.Universal.Config.Runtime.rsp
[148/829    0s] WriteText Library/Bee/artifacts/1900b0aE.dag/Unity.RenderPipelines.Universal.2D.Internal.rsp
[153/829    0s] WriteText Library/Bee/artifacts/1900b0aE.dag/Unity.RenderPipelines.Core.Editor.dll.mvfrm.rsp
[154/829    0s] WriteText Library/Bee/artifacts/1900b0aE.dag/Unity.InternalAPIEngineBridge.001.dll.mvfrm.rsp
[155/829    0s] WriteText Library/Bee/artifacts/1900b0aE.dag/Unity.VisualScripting.Flow.dll.mvfrm.rsp
[156/829    0s] WriteText Library/Bee/artifacts/1900b0aE.dag/Unity.Collections.dll.mvfrm.rsp
[159/829    0s] WriteText Library/Bee/artifacts/1900b0aE.dag/Unity.RenderPipelines.Core.Editor.rsp
[160/829    0s] WriteText Library/Bee/artifacts/1900b0aE.dag/Unity.InternalAPIEngineBridge.001.rsp
[161/829    0s] WriteText Library/Bee/artifacts/1900b0aE.dag/Unity.VisualScripting.Flow.rsp
[162/829    0s] WriteText Library/Bee/artifacts/1900b0aE.dag/Unity.Collections.rsp
[163/829    0s] WriteText Library/Bee/artifacts/1900b0aE.dag/Unity.VisualScripting.Core.Editor.dll.mvfrm.rsp
[164/829    0s] WriteText Library/Bee/artifacts/1900b0aE.dag/Unity.Searcher.Editor.dll.mvfrm.rsp
[167/829    0s] WriteText Library/Bee/artifacts/1900b0aE.dag/Unity.VisualScripting.Core.Editor.rsp
[168/829    0s] WriteText Library/Bee/artifacts/1900b0aE.dag/Unity.Searcher.Editor.rsp
[169/829    0s] WriteText Library/Bee/artifacts/1900b0aE.dag/Unity.ShaderGraph.Utilities.dll.mvfrm.rsp
[172/829    0s] WriteText Library/Bee/artifacts/1900b0aE.dag/Unity.ShaderGraph.Utilities.rsp
[173/829    0s] WriteText Library/Bee/artifacts/1900b0aE.dag/Unity.RenderPipelines.Universal.Runtime.dll.mvfrm.rsp
[174/829    0s] WriteText Library/Bee/artifacts/1900b0aE.dag/Unity.RenderPipelines.Universal.Runtime.rsp
[187/829    0s] WriteText Library/Bee/artifacts/1900b0aE.dag/Unity.InternalAPIEditorBridge.001.dll.mvfrm.rsp
[188/829    0s] WriteText Library/Bee/artifacts/1900b0aE.dag/Unity.InternalAPIEditorBridge.001.rsp
[189/829    0s] WriteText Library/Bee/artifacts/1900b0aE.dag/Unity.2D.Common.Editor.dll.mvfrm.rsp
[190/829    0s] WriteResponseFile Library/Bee/artifacts/rsp/4747638433968585886.rsp
[191/829    0s] WriteText Library/Bee/artifacts/1900b0aE.dag/Unity.2D.Common.Editor.rsp
[192/829    0s] WriteText Library/Bee/artifacts/1900b0aE.dag/Unity.Burst.Editor.dll.mvfrm.rsp
[193/829    0s] WriteText Library/Bee/artifacts/1900b0aE.dag/Unity.Mathematics.Editor.dll.mvfrm.rsp
[195/829    0s] WriteText Library/Bee/artifacts/1900b0aE.dag/Unity.ShaderGraph.Editor.dll.mvfrm.rsp
[197/829    0s] WriteText Library/Bee/artifacts/1900b0aE.dag/Unity.ShaderGraph.Editor.rsp
[198/829    0s] WriteText Library/Bee/artifacts/1900b0aE.dag/Unity.Burst.Editor.rsp
[199/829    0s] WriteText Library/Bee/artifacts/1900b0aE.dag/Unity.Mathematics.Editor.rsp
[200/829    0s] WriteText Library/Bee/artifacts/1900b0aE.dag/Unity.2D.Animation.Runtime.dll.mvfrm.rsp
[201/829    0s] WriteText Library/Bee/artifacts/1900b0aE.dag/Unity.VisualScripting.Flow.Editor.dll.mvfrm.rsp
[202/829    0s] WriteText Library/Bee/artifacts/1900b0aE.dag/Unity.VisualScripting.State.dll.mvfrm.rsp
[203/829    0s] WriteText Library/Bee/artifacts/1900b0aE.dag/Unity.2D.Animation.Runtime.rsp
[204/829    0s] WriteText Library/Bee/artifacts/1900b0aE.dag/Unity.VisualScripting.State.rsp
[205/829    0s] WriteText Library/Bee/artifacts/1900b0aE.dag/Unity.VisualScripting.Flow.Editor.rsp
[208/829    0s] WriteText Library/Bee/artifacts/1900b0aE.dag/Unity.Timeline.dll.mvfrm.rsp
[211/829    0s] WriteText Library/Bee/artifacts/1900b0aE.dag/Unity.Timeline.rsp
[215/829    0s] WriteText Library/Bee/artifacts/1900b0aE.dag/Unity.RenderPipelines.Universal.Editor.dll.mvfrm.rsp
[231/829    0s] WriteText Library/Bee/artifacts/1900b0aE.dag/Unity.2D.PixelPerfect.dll.mvfrm.rsp
[232/829    0s] WriteText Library/Bee/artifacts/1900b0aE.dag/Unity.RenderPipelines.Universal.Editor.rsp
[233/829    0s] WriteText Library/Bee/artifacts/1900b0aE.dag/Unity.2D.PixelPerfect.rsp
[234/829    0s] WriteText Library/Bee/artifacts/1900b0aE.dag/Unity.2D.Animation.Editor.dll.mvfrm.rsp
[235/829    0s] WriteText Library/Bee/artifacts/1900b0aE.dag/Unity.2D.Animation.Editor.rsp
[236/829    0s] WriteText Library/Bee/artifacts/1900b0aE.dag/Unity.TextMeshPro.dll.mvfrm.rsp
[237/829    0s] WriteText Library/Bee/artifacts/1900b0aE.dag/Unity.2D.Tilemap.Editor.dll.mvfrm.rsp
[238/829    0s] WriteText Library/Bee/artifacts/1900b0aE.dag/Unity.2D.Tilemap.Extras.dll.mvfrm.rsp
[239/829    0s] WriteText Library/Bee/artifacts/1900b0aE.dag/Unity.VisualScripting.State.Editor.dll.mvfrm.rsp
[240/829    0s] WriteText Library/Bee/artifacts/1900b0aE.dag/Unity.2D.IK.Runtime.dll.mvfrm.rsp
[241/829    0s] WriteText Library/Bee/artifacts/1900b0aE.dag/Unity.2D.Aseprite.Common.dll.mvfrm.rsp
[242/829    0s] WriteText Library/Bee/artifacts/1900b0aE.dag/Unity.2D.SpriteShape.Runtime.dll.mvfrm.rsp
[243/829    0s] WriteText Library/Bee/artifacts/1900b0aE.dag/Unity.2D.Common.Path.Editor.dll.mvfrm.rsp
[246/829    0s] WriteText Library/Bee/artifacts/1900b0aE.dag/Unity.2D.IK.Runtime.rsp
[248/829    0s] WriteText Library/Bee/artifacts/1900b0aE.dag/Unity.2D.Aseprite.Common.rsp
[249/829    0s] WriteText Library/Bee/artifacts/1900b0aE.dag/Unity.VisualScripting.State.Editor.rsp
[250/829    0s] WriteText Library/Bee/artifacts/1900b0aE.dag/Unity.2D.Tilemap.Extras.rsp
[251/829    0s] WriteText Library/Bee/artifacts/1900b0aE.dag/Unity.2D.Tilemap.Editor.rsp
[253/829    0s] WriteText Library/Bee/artifacts/1900b0aE.dag/Unity.2D.SpriteShape.Runtime.rsp
[254/829    0s] WriteText Library/Bee/artifacts/1900b0aE.dag/Unity.TextMeshPro.rsp
[255/829    0s] WriteText Library/Bee/artifacts/1900b0aE.dag/Unity.2D.Common.Path.Editor.rsp
[258/829    0s] WriteText Library/Bee/artifacts/1900b0aE.dag/Unity.Timeline.Editor.dll.mvfrm.rsp
[259/829    0s] WriteText Library/Bee/artifacts/1900b0aE.dag/PsdPlugin.dll.mvfrm.rsp
[260/829    0s] WriteText Library/Bee/artifacts/1900b0aE.dag/Unity.Timeline.Editor.rsp
[265/829    0s] WriteText Library/Bee/artifacts/1900b0aE.dag/Unity.PlasticSCM.Editor.dll.mvfrm.rsp
[266/829    0s] WriteText Library/Bee/artifacts/1900b0aE.dag/PsdPlugin.rsp
[293/829    0s] WriteText Library/Bee/artifacts/1900b0aE.dag/Unity.PlasticSCM.Editor.rsp
[294/829    0s] WriteText Library/Bee/artifacts/1900b0aE.dag/Unity.Rider.Editor.dll.mvfrm.rsp
[295/829    0s] WriteText Library/Bee/artifacts/1900b0aE.dag/Unity.VisualStudio.Editor.dll.mvfrm.rsp
[296/829    0s] WriteText Library/Bee/artifacts/1900b0aE.dag/Cinemachine.dll.mvfrm.rsp
[297/829    0s] WriteText Library/Bee/artifacts/1900b0aE.dag/Unity.RenderPipelines.Core.ShaderLibrary.dll.mvfrm.rsp
[298/829    0s] WriteText Library/Bee/artifacts/1900b0aE.dag/Unity.2D.Aseprite.Editor.dll.mvfrm.rsp
[299/829    0s] WriteText Library/Bee/artifacts/1900b0aE.dag/Unity.2D.IK.Editor.dll.mvfrm.rsp
[300/829    0s] WriteText Library/Bee/artifacts/1900b0aE.dag/Unity.2D.PixelPerfect.Editor.dll.mvfrm.rsp
[301/829    0s] MovedFromExtractor Library/Bee/artifacts/mvdfrm/UnityEditor.WindowsStandalone.Extensions.dll_05605AE3083EBA4B.mvfrm
[302/829    0s] WriteText Library/Bee/artifacts/1900b0aE.dag/Unity.VisualScripting.SettingsProvider.Editor.dll.mvfrm.rsp
[303/829    0s] WriteText Library/Bee/artifacts/1900b0aE.dag/Unity.TextMeshPro.Editor.dll.mvfrm.rsp
[304/829    0s] WriteText Library/Bee/artifacts/1900b0aE.dag/Unity.2D.Psdimporter.Editor.dll.mvfrm.rsp
[305/829    0s] WriteText Library/Bee/artifacts/1900b0aE.dag/Unity.VisualScripting.Shared.Editor.dll.mvfrm.rsp
[306/829    0s] WriteText Library/Bee/artifacts/1900b0aE.dag/Unity.2D.SpriteShape.Editor.dll.mvfrm.rsp
[307/829    0s] WriteText Library/Bee/artifacts/1900b0aE.dag/Unity.RenderPipelines.Universal.Shaders.dll.mvfrm.rsp
[308/829    0s] WriteText Library/Bee/artifacts/1900b0aE.dag/Unity.RenderPipelines.ShaderGraph.ShaderGraphLibrary.dll.mvfrm.rsp
[309/829    0s] WriteText Library/Bee/artifacts/1900b0aE.dag/Unity.2D.Tilemap.Extras.Editor.dll.mvfrm.rsp
[310/829    0s] WriteText Library/Bee/artifacts/1900b0aE.dag/Cinemachine.rsp
[311/829    0s] WriteText Library/Bee/artifacts/1900b0aE.dag/Unity.VisualStudio.Editor.rsp
[312/829    0s] WriteText Library/Bee/artifacts/1900b0aE.dag/Unity.Rider.Editor.rsp
[313/829    0s] WriteText Library/Bee/artifacts/1900b0aE.dag/Unity.RenderPipelines.ShaderGraph.ShaderGraphLibrary.rsp
[314/829    0s] WriteText Library/Bee/artifacts/1900b0aE.dag/Unity.RenderPipelines.Universal.Shaders.rsp
[315/829    0s] WriteText Library/Bee/artifacts/1900b0aE.dag/Unity.2D.IK.Editor.rsp
[316/829    0s] WriteText Library/Bee/artifacts/1900b0aE.dag/Unity.2D.PixelPerfect.Editor.rsp
[317/829    0s] WriteText Library/Bee/artifacts/1900b0aE.dag/Unity.VisualScripting.Shared.Editor.rsp
[318/829    0s] WriteText Library/Bee/artifacts/1900b0aE.dag/Unity.VisualScripting.SettingsProvider.Editor.rsp
[319/829    0s] WriteText Library/Bee/artifacts/1900b0aE.dag/Unity.TextMeshPro.Editor.rsp
[320/829    0s] WriteText Library/Bee/artifacts/1900b0aE.dag/Unity.2D.Psdimporter.Editor.rsp
[321/829    0s] WriteText Library/Bee/artifacts/1900b0aE.dag/Unity.2D.Aseprite.Editor.rsp
[322/829    0s] WriteText Library/Bee/artifacts/1900b0aE.dag/Unity.RenderPipelines.Core.ShaderLibrary.rsp
[323/829    0s] WriteText Library/Bee/artifacts/1900b0aE.dag/Unity.2D.SpriteShape.Editor.rsp
[328/829    0s] WriteText Library/Bee/artifacts/1900b0aE.dag/Unity.2D.Tilemap.Extras.Editor.rsp
[329/829    0s] WriteText Library/Bee/artifacts/1900b0aE.dag/com.unity.cinemachine.editor.dll.mvfrm.rsp
[330/829    0s] WriteText Library/Bee/artifacts/1900b0aE.dag/PPv2URPConverters.dll.mvfrm.rsp
[331/829    0s] WriteText Library/Bee/artifacts/1900b0aE.dag/com.unity.cinemachine.editor.rsp
[334/829    0s] WriteText Library/Bee/artifacts/1900b0aE.dag/PPv2URPConverters.rsp
[335/829    0s] WriteText Library/Bee/artifacts/1900b0aE.dag/Assembly-CSharp.dll.mvfrm.rsp
[336/829    0s] WriteText Library/Bee/artifacts/1900b0aE.dag/Assembly-CSharp.rsp
[337/829    0s] WriteText Library/Bee/artifacts/1900b0aE.dag/Assembly-CSharp-Editor.dll.mvfrm.rsp
[338/829    0s] WriteText Library/Bee/artifacts/1900b0aE.dag/Unity.CollabProxy.Editor.dll.mvfrm.rsp
[339/829    0s] WriteText Library/Bee/artifacts/1900b0aE.dag/Unity.PlasticSCM.Editor.Entities.dll.mvfrm.rsp
[340/829    0s] WriteText Library/Bee/artifacts/1900b0aE.dag/Unity.Collections.DocCodeSamples.dll.mvfrm.rsp
[343/829    0s] WriteText Library/Bee/artifacts/1900b0aE.dag/Unity.Collections.BurstCompatibilityGen.dll.mvfrm.rsp
[352/829    0s] WriteText Library/Bee/artifacts/1900b0aE.dag/Unity.PlasticSCM.Editor.Entities.rsp
[353/829    0s] WriteText Library/Bee/artifacts/1900b0aE.dag/Unity.Collections.BurstCompatibilityGen.rsp
[354/829    0s] WriteText Library/Bee/artifacts/1900b0aE.dag/Unity.CollabProxy.Editor.rsp
[355/829    0s] WriteText Library/Bee/artifacts/1900b0aE.dag/Assembly-CSharp-Editor.rsp
[356/829    0s] WriteText Library/Bee/artifacts/1900b0aE.dag/Unity.Collections.DocCodeSamples.rsp
[357/829    0s] WriteResponseFile Library/Bee/artifacts/rsp/4691676790321305727.rsp
[358/829    0s] WriteResponseFile Library/Bee/artifacts/rsp/3410860103080533286.rsp
[359/829    0s] WriteResponseFile Library/Bee/artifacts/rsp/13686715218353603589.rsp
[360/829    0s] WriteResponseFile Library/Bee/artifacts/rsp/1418726328684876121.rsp
[361/829    0s] WriteResponseFile Library/Bee/artifacts/rsp/10654656162358534522.rsp
[362/829    0s] MovedFromExtractor Library/Bee/artifacts/mvdfrm/Unity.VisualScripting.Antlr3.Runtime.dll_FBC62C826EB2B4B0.mvfrm
[363/829    0s] WriteResponseFile Library/Bee/artifacts/rsp/11344994280883157806.rsp
[364/829    0s] WriteResponseFile Library/Bee/artifacts/rsp/5916180605834378387.rsp
[365/829    0s] WriteResponseFile Library/Bee/artifacts/rsp/4014436084419441659.rsp
[366/829    0s] WriteResponseFile Library/Bee/artifacts/rsp/9870516708743257357.rsp
[367/829    0s] WriteResponseFile Library/Bee/artifacts/rsp/18218310762646611085.rsp
[368/829    0s] WriteResponseFile Library/Bee/artifacts/rsp/3961525668064847622.rsp
[369/829    0s] WriteResponseFile Library/Bee/artifacts/rsp/5546506141355401238.rsp
[370/829    0s] WriteResponseFile Library/Bee/artifacts/rsp/5803490648119114145.rsp
[371/829    0s] WriteResponseFile Library/Bee/artifacts/rsp/8899139255040401798.rsp
[372/829    0s] WriteResponseFile Library/Bee/artifacts/rsp/10571807241835812913.rsp
[373/829    0s] WriteResponseFile Library/Bee/artifacts/rsp/3258459190130463912.rsp
[374/829    0s] WriteResponseFile Library/Bee/artifacts/rsp/7038082120299526273.rsp
[375/829    0s] WriteResponseFile Library/Bee/artifacts/rsp/2157608619508796868.rsp
[376/829    0s] WriteResponseFile Library/Bee/artifacts/rsp/17525389461119239690.rsp
[377/829    0s] WriteResponseFile Library/Bee/artifacts/rsp/15085861467720516389.rsp
[378/829    0s] WriteResponseFile Library/Bee/artifacts/rsp/5249134988916615986.rsp
[379/829    0s] WriteResponseFile Library/Bee/artifacts/rsp/11932646040550446581.rsp
[380/829    0s] WriteResponseFile Library/Bee/artifacts/rsp/1410676725171572189.rsp
[381/829    0s] WriteResponseFile Library/Bee/artifacts/rsp/8654950501350094070.rsp
[382/829    0s] WriteResponseFile Library/Bee/artifacts/rsp/10678863128556690338.rsp
[383/829    0s] WriteResponseFile Library/Bee/artifacts/rsp/3648465134513896125.rsp
[384/829    0s] WriteResponseFile Library/Bee/artifacts/rsp/10010842633742469623.rsp
[385/829    0s] WriteResponseFile Library/Bee/artifacts/rsp/16942202937359522267.rsp
[386/829    0s] WriteResponseFile Library/Bee/artifacts/rsp/15312589170787849123.rsp
[387/829    0s] WriteResponseFile Library/Bee/artifacts/rsp/4772145154433932943.rsp
[388/829    0s] WriteResponseFile Library/Bee/artifacts/rsp/12248871281822510316.rsp
[389/829    0s] WriteResponseFile Library/Bee/artifacts/rsp/2240406767038398906.rsp
[390/829    0s] WriteResponseFile Library/Bee/artifacts/rsp/9321109326917711913.rsp
[391/829    0s] WriteResponseFile Library/Bee/artifacts/rsp/3938377011463375229.rsp
[392/829    0s] WriteResponseFile Library/Bee/artifacts/rsp/14814235663552238418.rsp
[393/829    0s] WriteResponseFile Library/Bee/artifacts/rsp/11295897478892413411.rsp
[394/829    0s] WriteResponseFile Library/Bee/artifacts/rsp/5806762800881712256.rsp
[395/829    0s] WriteResponseFile Library/Bee/artifacts/rsp/3043913547040211301.rsp
[396/829    0s] WriteResponseFile Library/Bee/artifacts/rsp/13445476680238899994.rsp
[397/829    0s] WriteResponseFile Library/Bee/artifacts/rsp/7634377931854478575.rsp
[398/829    0s] WriteResponseFile Library/Bee/artifacts/rsp/6947401630772442630.rsp
[399/829    0s] WriteResponseFile Library/Bee/artifacts/rsp/6413563044966999158.rsp
[400/829    0s] WriteResponseFile Library/Bee/artifacts/rsp/15394042617203071315.rsp
[401/829    0s] WriteResponseFile Library/Bee/artifacts/rsp/9703144790800738880.rsp
[402/829    0s] WriteResponseFile Library/Bee/artifacts/rsp/9675442845102135732.rsp
[403/829    0s] WriteResponseFile Library/Bee/artifacts/rsp/3388064732626934676.rsp
[404/829    0s] WriteResponseFile Library/Bee/artifacts/rsp/9111662996337956171.rsp
[405/829    0s] WriteResponseFile Library/Bee/artifacts/rsp/10292501669419677951.rsp
[406/829    0s] WriteResponseFile Library/Bee/artifacts/rsp/8336928665352126947.rsp
[407/829    0s] WriteResponseFile Library/Bee/artifacts/rsp/12697856024727907050.rsp
[408/829    0s] WriteResponseFile Library/Bee/artifacts/rsp/2781082588993088484.rsp
[409/829    0s] WriteResponseFile Library/Bee/artifacts/rsp/7759033573704817190.rsp
[410/829    0s] WriteResponseFile Library/Bee/artifacts/rsp/1723042715960067801.rsp
[411/829    0s] WriteResponseFile Library/Bee/artifacts/rsp/17738801749825545598.rsp
[412/829    0s] WriteResponseFile Library/Bee/artifacts/rsp/17766336155681823506.rsp
[413/829    0s] WriteResponseFile Library/Bee/artifacts/rsp/15183149355271759364.rsp
[414/829    0s] WriteResponseFile Library/Bee/artifacts/rsp/6210570011482043853.rsp
[415/829    0s] WriteResponseFile Library/Bee/artifacts/rsp/13439087796855272166.rsp
[416/829    0s] WriteResponseFile Library/Bee/artifacts/rsp/2499735490941455596.rsp
[417/829    0s] WriteResponseFile Library/Bee/artifacts/rsp/5521740788080646575.rsp
[418/829    0s] WriteResponseFile Library/Bee/artifacts/rsp/3818794330681902346.rsp
[419/829    0s] WriteResponseFile Library/Bee/artifacts/rsp/12812556936427222528.rsp
[420/829    0s] WriteResponseFile Library/Bee/artifacts/rsp/6841316898876630997.rsp
[421/829    0s] MovedFromExtractor Library/Bee/artifacts/mvdfrm/Unity.Collections.LowLevel.ILSupport.dll_2E40CE80E145E521.mvfrm
[422/829    0s] MovedFromExtractor Library/Bee/artifacts/mvdfrm/UnityEngine.PhysicsModule.dll_E0646924CA68B4DA.mvfrm
[423/829    0s] MovedFromExtractor Library/Bee/artifacts/mvdfrm/UnityEditor.Graphs.dll_67842BF8639E43D7.mvfrm
[424/829    0s] MovedFromExtractor Library/Bee/artifacts/mvdfrm/Unity.Plastic.Antlr3.Runtime.dll_1CA22262BA8948B6.mvfrm
[425/829    0s] MovedFromExtractor Library/Bee/artifacts/mvdfrm/Unity.VisualScripting.IonicZip.dll_840FAE5C8A141D5B.mvfrm
[426/829    0s] MovedFromExtractor Library/Bee/artifacts/mvdfrm/Unity.VisualScripting.TextureAssets.dll_E1772EF4FEB70289.mvfrm
[427/829    0s] MovedFromExtractor Library/Bee/artifacts/mvdfrm/Unity.Plastic.Newtonsoft.Json.dll_1963981EAB24D61F.mvfrm
[428/829    0s] MovedFromExtractor Library/Bee/artifacts/mvdfrm/Unity.VisualScripting.YamlDotNet.dll_4A5905A13DE9A491.mvfrm
[429/829    0s] MovedFromExtractor Library/Bee/artifacts/mvdfrm/UnityEngine.NVIDIAModule.dll_E6E66A6F609F983C.mvfrm
[430/829    0s] MovedFromExtractor Library/Bee/artifacts/mvdfrm/Unity.Burst.Unsafe.dll_9114B60CAAEDAE3B.mvfrm
[431/829    0s] MovedFromExtractor Library/Bee/artifacts/mvdfrm/Unity.Burst.Cecil.Mdb.dll_A9FCAC3B680B6215.mvfrm
[432/829    0s] MovedFromExtractor Library/Bee/artifacts/mvdfrm/Unity.Burst.Cecil.Pdb.dll_C14F24AAE6C06398.mvfrm
[433/829    0s] MovedFromExtractor Library/Bee/artifacts/mvdfrm/Unity.Burst.Cecil.dll_42E116EB0234A8D8.mvfrm
[434/829    0s] MovedFromExtractor Library/Bee/artifacts/mvdfrm/Unity.CompilationPipeline.Common.dll_FC6B2BC965F778B3.mvfrm
[435/829    0s] MovedFromExtractor Library/Bee/artifacts/mvdfrm/Unity.Burst.Cecil.Rocks.dll_757AC0409981C6B8.mvfrm
[436/829    0s] MovedFromExtractorCombine Library/Bee/artifacts/1900b0aE.dag/UnityEngine.TestRunner.dll.mvfrm
[437/829    0s] MovedFromExtractorCombine Library/Bee/artifacts/1900b0aE.dag/UnityEngine.UI.dll.mvfrm
[437/829    0s] Csc Library/Bee/artifacts/1900b0aE.dag/UnityEngine.TestRunner.dll (+2 others) [CacheHit 893f2ad4d679dfa1531f6a0e1d07031800000000000000000000000000000003]
[438/829   1790624545s] Csc Library/Bee/artifacts/1900b0aE.dag/UnityEngine.TestRunner.dll (+2 others)
[440/829    0s] CopyFiles Library/ScriptAssemblies/UnityEngine.TestRunner.dll
[441/829    0s] CopyFiles Library/ScriptAssemblies/UnityEngine.TestRunner.pdb
[440/829    0s] Csc Library/Bee/artifacts/1900b0aE.dag/UnityEngine.UI.dll (+2 others) [CacheHit 550676ea1499f96111f5c53ee32f28a700000000000000000000000000000003]
[442/829   1790624545s] Csc Library/Bee/artifacts/1900b0aE.dag/UnityEngine.UI.dll (+2 others)
[444/829    0s] MovedFromExtractor Library/Bee/artifacts/mvdfrm/UnityEngine.TestRunner.ref.dll_E55D0F7C63F01D9E.mvfrm
[445/829    0s] MovedFromExtractor Library/Bee/artifacts/mvdfrm/UnityEngine.UI.ref.dll_08FEAA520A2EFD60.mvfrm
[446/829    0s] MovedFromExtractorCombine Library/Bee/artifacts/1900b0aE.dag/UnityEditor.TestRunner.dll.mvfrm
[444/829    0s] Csc Library/Bee/artifacts/1900b0aE.dag/UnityEditor.TestRunner.dll (+2 others) [CacheHit 8e25ef8cf7a5468c4a7ceab9e167401000000000000000000000000000000003]
[447/829   1790624545s] Csc Library/Bee/artifacts/1900b0aE.dag/UnityEditor.TestRunner.dll (+2 others)
[449/829    0s] CopyFiles Library/ScriptAssemblies/UnityEditor.TestRunner.pdb
[450/829    0s] CopyFiles Library/ScriptAssemblies/UnityEditor.TestRunner.dll
[451/829    0s] MovedFromExtractor Library/Bee/artifacts/mvdfrm/UnityEditor.TestRunner.ref.dll_193EC4CE382CBFB3.mvfrm
[452/829    0s] MovedFromExtractorCombine Library/Bee/artifacts/1900b0aE.dag/UnityEditor.UI.dll.mvfrm
[449/829    0s] Csc Library/Bee/artifacts/1900b0aE.dag/UnityEditor.UI.dll (+2 others) [CacheHit 36bbb87d355e7033e2023578f8ec448e00000000000000000000000000000003]
[453/829   1790624545s] Csc Library/Bee/artifacts/1900b0aE.dag/UnityEditor.UI.dll (+2 others)
[455/829    0s] MovedFromExtractor Library/Bee/artifacts/mvdfrm/UnityEditor.UI.ref.dll_4C98D3F7040CD4F5.mvfrm
[456/829    0s] MovedFromExtractorCombine Library/Bee/artifacts/1900b0aE.dag/Unity.VisualStudio.Editor.dll.mvfrm
[457/829    0s] MovedFromExtractorCombine Library/Bee/artifacts/1900b0aE.dag/Unity.TextMeshPro.dll.mvfrm
[458/829    0s] MovedFromExtractorCombine Library/Bee/artifacts/1900b0aE.dag/Unity.Mathematics.dll.mvfrm
[459/829    0s] MovedFromExtractorCombine Library/Bee/artifacts/1900b0aE.dag/Unity.VisualScripting.Core.dll.mvfrm
[460/829    0s] MovedFromExtractorCombine Library/Bee/artifacts/1900b0aE.dag/Unity.PlasticSCM.Editor.dll.mvfrm
[461/829    0s] MovedFromExtractorCombine Library/Bee/artifacts/1900b0aE.dag/Unity.Searcher.Editor.dll.mvfrm
[462/829    0s] MovedFromExtractorCombine Library/Bee/artifacts/1900b0aE.dag/Unity.Rider.Editor.dll.mvfrm
[463/829    0s] MovedFromExtractorCombine Library/Bee/artifacts/1900b0aE.dag/Unity.2D.Common.Path.Editor.dll.mvfrm
[464/829    0s] MovedFromExtractorCombine Library/Bee/artifacts/1900b0aE.dag/Unity.Timeline.dll.mvfrm
[465/829    0s] MovedFromExtractorCombine Library/Bee/artifacts/1900b0aE.dag/Unity.RenderPipelines.Universal.2D.Internal.dll.mvfrm
[466/829    0s] MovedFromExtractorCombine Library/Bee/artifacts/1900b0aE.dag/Unity.2D.Tilemap.Editor.dll.mvfrm
[467/829    0s] MovedFromExtractorCombine Library/Bee/artifacts/1900b0aE.dag/Unity.2D.Sprite.Editor.dll.mvfrm
[468/829    0s] MovedFromExtractorCombine Library/Bee/artifacts/1900b0aE.dag/Unity.Burst.dll.mvfrm
[469/829    0s] MovedFromExtractorCombine Library/Bee/artifacts/1900b0aE.dag/Unity.ShaderGraph.Utilities.dll.mvfrm
[470/829    0s] MovedFromExtractorCombine Library/Bee/artifacts/1900b0aE.dag/Unity.RenderPipelines.Core.Runtime.dll.mvfrm
[471/829    0s] MovedFromExtractorCombine Library/Bee/artifacts/1900b0aE.dag/Unity.2D.PixelPerfect.dll.mvfrm
[467/829    0s] Csc Library/Bee/artifacts/1900b0aE.dag/Unity.TextMeshPro.dll (+2 others) [CacheHit 845c716c05bdb5901f3619a8d20a2d1400000000000000000000000000000003]
[472/829   1790624546s] Csc Library/Bee/artifacts/1900b0aE.dag/Unity.TextMeshPro.dll (+2 others)
[474/829    0s] MovedFromExtractorCombine Library/Bee/artifacts/1900b0aE.dag/Unity.2D.Tilemap.Extras.dll.mvfrm
[469/829    0s] Csc Library/Bee/artifacts/1900b0aE.dag/Unity.ShaderGraph.Utilities.dll (+2 others) [CacheHit 8cc1eb27f601456de6c5bf30b5ca56e400000000000000000000000000000003]
[475/829   1790624546s] Csc Library/Bee/artifacts/1900b0aE.dag/Unity.ShaderGraph.Utilities.dll (+2 others)
[477/829    0s] MovedFromExtractorCombine Library/Bee/artifacts/1900b0aE.dag/Unity.InternalAPIEngineBridge.001.dll.mvfrm
[471/829    0s] Csc Library/Bee/artifacts/1900b0aE.dag/Unity.VisualScripting.Core.dll (+2 others) [CacheHit 299cacaaba95892b477ccbed847882b200000000000000000000000000000003]
[478/829   1790624546s] Csc Library/Bee/artifacts/1900b0aE.dag/Unity.VisualScripting.Core.dll (+2 others)
[472/829    0s] Csc Library/Bee/artifacts/1900b0aE.dag/Unity.RenderPipelines.Universal.2D.Internal.dll (+2 others) [CacheHit dafdf1b84eff0f59234d324a26d085c000000000000000000000000000000003]
[480/829   1790624546s] Csc Library/Bee/artifacts/1900b0aE.dag/Unity.RenderPipelines.Universal.2D.Internal.dll (+2 others)
[473/829    0s] Csc Library/Bee/artifacts/1900b0aE.dag/Unity.Timeline.dll (+2 others) [CacheHit cd7e077f46a722ae00ae9158c0ffaf0c00000000000000000000000000000003]
[482/829   1790624546s] Csc Library/Bee/artifacts/1900b0aE.dag/Unity.Timeline.dll (+2 others)
[474/829    0s] Csc Library/Bee/artifacts/1900b0aE.dag/Unity.2D.Common.Path.Editor.dll (+2 others) [CacheHit 0e61a74be8e5b0c471a572c4d08d6b8400000000000000000000000000000003]
[484/829   1790624546s] Csc Library/Bee/artifacts/1900b0aE.dag/Unity.2D.Common.Path.Editor.dll (+2 others)
[475/829    0s] Csc Library/Bee/artifacts/1900b0aE.dag/Unity.RenderPipelines.Core.Runtime.dll (+2 others) [CacheHit 58dbf70cb63b0dacc9b51abf58035baa00000000000000000000000000000003]
[486/829   1790624546s] Csc Library/Bee/artifacts/1900b0aE.dag/Unity.RenderPipelines.Core.Runtime.dll (+2 others)
[476/829    0s] Csc Library/Bee/artifacts/1900b0aE.dag/Unity.2D.Sprite.Editor.dll (+2 others) [CacheHit 558034ce283bfd121962dad3d0cfb83d00000000000000000000000000000003]
[488/829   1790624546s] Csc Library/Bee/artifacts/1900b0aE.dag/Unity.2D.Sprite.Editor.dll (+2 others)
[490/829    0s] MovedFromExtractorCombine Library/Bee/artifacts/1900b0aE.dag/Unity.RenderPipelines.Core.ShaderLibrary.dll.mvfrm
[478/829    0s] Csc Library/Bee/artifacts/1900b0aE.dag/Unity.Mathematics.dll (+2 others) [CacheHit 414faaf876058ecdac987b1d73d72bb900000000000000000000000000000003]
[491/829   1790624546s] Csc Library/Bee/artifacts/1900b0aE.dag/Unity.Mathematics.dll (+2 others)
[479/829    0s] Csc Library/Bee/artifacts/1900b0aE.dag/Unity.2D.Tilemap.Editor.dll (+2 others) [CacheHit 659ad916fe608eeb1580d977f6f448be00000000000000000000000000000003]
[493/829   1790624546s] Csc Library/Bee/artifacts/1900b0aE.dag/Unity.2D.Tilemap.Editor.dll (+2 others)
[480/829    0s] Csc Library/Bee/artifacts/1900b0aE.dag/Unity.2D.Tilemap.Extras.dll (+2 others) [CacheHit ca53faaed9ae62b390357d7953f6564500000000000000000000000000000003]
[495/829   1790624546s] Csc Library/Bee/artifacts/1900b0aE.dag/Unity.2D.Tilemap.Extras.dll (+2 others)
[481/829    0s] Csc Library/Bee/artifacts/1900b0aE.dag/Unity.PlasticSCM.Editor.dll (+2 others) [CacheHit 87fa118aca546354b49b4ab6957eaf1d00000000000000000000000000000003]
[497/829   1790624546s] Csc Library/Bee/artifacts/1900b0aE.dag/Unity.PlasticSCM.Editor.dll (+2 others)
[482/829    0s] Csc Library/Bee/artifacts/1900b0aE.dag/Unity.Searcher.Editor.dll (+2 others) [CacheHit d2a9cedffac2bacdad3095950e20ca5000000000000000000000000000000003]
[499/829   1790624546s] Csc Library/Bee/artifacts/1900b0aE.dag/Unity.Searcher.Editor.dll (+2 others)
[483/829    0s] Csc Library/Bee/artifacts/1900b0aE.dag/Unity.2D.PixelPerfect.dll (+2 others) [CacheHit 6cb75920f348bb6c53b9abc12080be7700000000000000000000000000000003]
[501/829   1790624546s] Csc Library/Bee/artifacts/1900b0aE.dag/Unity.2D.PixelPerfect.dll (+2 others)
[484/829    0s] Csc Library/Bee/artifacts/1900b0aE.dag/Unity.Burst.dll (+2 others) [CacheHit 87a915fd22f8071a774fd7d95cb7ed8900000000000000000000000000000003]
[503/829   1790624546s] Csc Library/Bee/artifacts/1900b0aE.dag/Unity.Burst.dll (+2 others)
[505/829    0s] MovedFromExtractorCombine Library/Bee/artifacts/1900b0aE.dag/Unity.RenderPipelines.Universal.Shaders.dll.mvfrm
[486/829    0s] Csc Library/Bee/artifacts/1900b0aE.dag/Unity.Rider.Editor.dll (+2 others) [CacheHit 791686b59244139b9e1b618be3b91ac400000000000000000000000000000003]
[506/829   1790624546s] Csc Library/Bee/artifacts/1900b0aE.dag/Unity.Rider.Editor.dll (+2 others)
[487/829    0s] Csc Library/Bee/artifacts/1900b0aE.dag/Unity.InternalAPIEngineBridge.001.dll (+2 others) [CacheHit f706e04ea71a079359affcae590ac39e00000000000000000000000000000003]
[508/829   1790624546s] Csc Library/Bee/artifacts/1900b0aE.dag/Unity.InternalAPIEngineBridge.001.dll (+2 others)
[510/829    0s] MovedFromExtractor Library/Bee/artifacts/mvdfrm/Unity.TextMeshPro.ref.dll_84A4293DBDD182DB.mvfrm
[511/829    0s] MovedFromExtractor Library/Bee/artifacts/mvdfrm/Unity.VisualScripting.Core.ref.dll_D75DF4EA1AFE54F4.mvfrm
[512/829    0s] MovedFromExtractor Library/Bee/artifacts/mvdfrm/Unity.RenderPipelines.Universal.2D.Internal.ref.dll_EF7AD60E316C51AB.mvfrm
[513/829    0s] MovedFromExtractor Library/Bee/artifacts/mvdfrm/Unity.2D.Tilemap.Extras.ref.dll_371E356D6F5B6577.mvfrm
[514/829    0s] MovedFromExtractor Library/Bee/artifacts/mvdfrm/Unity.Mathematics.ref.dll_E8EFDB1B8D5C174E.mvfrm
[515/829    0s] MovedFromExtractor Library/Bee/artifacts/mvdfrm/Unity.Searcher.Editor.ref.dll_12B7E1785E41BE0E.mvfrm
[494/829    0s] Csc Library/Bee/artifacts/1900b0aE.dag/Unity.RenderPipelines.Universal.Shaders.dll (+2 others) [CacheHit 2a5f9f53a97bcb0fc638bffcbaf80db400000000000000000000000000000003]
[516/829   1790624546s] Csc Library/Bee/artifacts/1900b0aE.dag/Unity.RenderPipelines.Universal.Shaders.dll (+2 others)
[518/829    0s] MovedFromExtractorCombine Library/Bee/artifacts/1900b0aE.dag/Unity.RenderPipelines.ShaderGraph.ShaderGraphLibrary.dll.mvfrm
[519/829    0s] MovedFromExtractor Library/Bee/artifacts/mvdfrm/Unity.2D.Common.Path.Editor.ref.dll_011CCB039EE5F887.mvfrm
[520/829    0s] MovedFromExtractor Library/Bee/artifacts/mvdfrm/Unity.ShaderGraph.Utilities.ref.dll_0524057423981A9D.mvfrm
[498/829    0s] Csc Library/Bee/artifacts/1900b0aE.dag/Unity.VisualStudio.Editor.dll (+2 others) [CacheHit 49727cb6470441a37b7e29d8119bfb2400000000000000000000000000000003]
[521/829   1790624546s] Csc Library/Bee/artifacts/1900b0aE.dag/Unity.VisualStudio.Editor.dll (+2 others)
[499/829    0s] Csc Library/Bee/artifacts/1900b0aE.dag/Unity.RenderPipelines.Core.ShaderLibrary.dll (+2 others) [CacheHit d56bf812cd6088d45d1b956ae1c94ee800000000000000000000000000000003]
[523/829   1790624546s] Csc Library/Bee/artifacts/1900b0aE.dag/Unity.RenderPipelines.Core.ShaderLibrary.dll (+2 others)
[525/829    0s] MovedFromExtractor Library/Bee/artifacts/mvdfrm/Unity.Timeline.ref.dll_621CDDF9C514DF8F.mvfrm
[526/829    0s] MovedFromExtractor Library/Bee/artifacts/mvdfrm/Unity.2D.Sprite.Editor.ref.dll_DDBAA27A82CE9E28.mvfrm
[527/829    0s] MovedFromExtractor Library/Bee/artifacts/mvdfrm/Unity.2D.Tilemap.Editor.ref.dll_436C0E2610862891.mvfrm
[528/829    0s] MovedFromExtractor Library/Bee/artifacts/mvdfrm/Unity.RenderPipelines.Core.Runtime.ref.dll_CE6A42C97D96EB0A.mvfrm
[529/829    0s] MovedFromExtractor Library/Bee/artifacts/mvdfrm/Unity.Burst.ref.dll_F30DFA20C0DD1968.mvfrm
[505/829    0s] Csc Library/Bee/artifacts/1900b0aE.dag/Unity.RenderPipelines.ShaderGraph.ShaderGraphLibrary.dll (+2 others) [CacheHit 0d017d3bebd10fddd3a3eb61d4432f9f00000000000000000000000000000003]
[530/829   1790624547s] Csc Library/Bee/artifacts/1900b0aE.dag/Unity.RenderPipelines.ShaderGraph.ShaderGraphLibrary.dll (+2 others)
[532/829    0s] MovedFromExtractor Library/Bee/artifacts/mvdfrm/Unity.2D.PixelPerfect.ref.dll_88C9F7A57CCB704B.mvfrm
[533/829    0s] MovedFromExtractorCombine Library/Bee/artifacts/1900b0aE.dag/Unity.VisualScripting.Flow.dll.mvfrm
[534/829    0s] MovedFromExtractorCombine Library/Bee/artifacts/1900b0aE.dag/Unity.TextMeshPro.Editor.dll.mvfrm
[535/829    0s] MovedFromExtractorCombine Library/Bee/artifacts/1900b0aE.dag/Unity.Mathematics.Editor.dll.mvfrm
[536/829    0s] MovedFromExtractorCombine Library/Bee/artifacts/1900b0aE.dag/Unity.2D.Common.Runtime.dll.mvfrm
[537/829    0s] MovedFromExtractorCombine Library/Bee/artifacts/1900b0aE.dag/Unity.VisualScripting.Core.Editor.dll.mvfrm
[538/829    0s] MovedFromExtractorCombine Library/Bee/artifacts/1900b0aE.dag/Unity.Timeline.Editor.dll.mvfrm
[513/829    0s] Csc Library/Bee/artifacts/1900b0aE.dag/Unity.VisualScripting.Flow.dll (+2 others) [CacheHit 594c9ba37e3ba916b7bb24c7db7843de00000000000000000000000000000003]
[539/829   1790624547s] Csc Library/Bee/artifacts/1900b0aE.dag/Unity.VisualScripting.Flow.dll (+2 others)
[541/829    0s] MovedFromExtractor Library/Bee/artifacts/mvdfrm/Unity.InternalAPIEngineBridge.001.ref.dll_B4F0ACC15A996E43.mvfrm
[542/829    0s] MovedFromExtractorCombine Library/Bee/artifacts/1900b0aE.dag/Unity.RenderPipeline.Universal.ShaderLibrary.dll.mvfrm
[543/829    0s] MovedFromExtractorCombine Library/Bee/artifacts/1900b0aE.dag/Unity.2D.Tilemap.Extras.Editor.dll.mvfrm
[544/829    0s] MovedFromExtractorCombine Library/Bee/artifacts/1900b0aE.dag/Unity.InternalAPIEditorBridge.001.dll.mvfrm
[545/829    0s] MovedFromExtractor Library/Bee/artifacts/mvdfrm/Unity.RenderPipelines.Universal.Shaders.ref.dll_9468B054363B0720.mvfrm
[546/829    0s] MovedFromExtractorCombine Library/Bee/artifacts/1900b0aE.dag/Unity.RenderPipelines.Universal.Config.Runtime.dll.mvfrm
[547/829    0s] MovedFromExtractor Library/Bee/artifacts/mvdfrm/Unity.Rider.Editor.ref.dll_9B5591808ABA37AF.mvfrm
[548/829    0s] MovedFromExtractorCombine Library/Bee/artifacts/1900b0aE.dag/Unity.RenderPipelines.Core.Editor.dll.mvfrm
[522/829    0s] Csc Library/Bee/artifacts/1900b0aE.dag/Unity.2D.Common.Runtime.dll (+2 others) [CacheHit 3b213b763cfb7ad9fc68c198d4032ab300000000000000000000000000000003]
[549/829   1790624547s] Csc Library/Bee/artifacts/1900b0aE.dag/Unity.2D.Common.Runtime.dll (+2 others)
[523/829    0s] Csc Library/Bee/artifacts/1900b0aE.dag/Unity.VisualScripting.Core.Editor.dll (+2 others) [CacheHit 0bde001013168cefe6999966e60bba3c00000000000000000000000000000003]
[551/829   1790624547s] Csc Library/Bee/artifacts/1900b0aE.dag/Unity.VisualScripting.Core.Editor.dll (+2 others)
[553/829    0s] MovedFromExtractor Library/Bee/artifacts/mvdfrm/Unity.RenderPipelines.Core.ShaderLibrary.ref.dll_7F2C410A434F5518.mvfrm
[554/829    0s] MovedFromExtractor Library/Bee/artifacts/mvdfrm/Unity.VisualStudio.Editor.ref.dll_3A975DBA53ABA4AD.mvfrm
[555/829    0s] MovedFromExtractorCombine Library/Bee/artifacts/1900b0aE.dag/Unity.Burst.CodeGen.dll.mvfrm
[527/829    0s] Csc Library/Bee/artifacts/1900b0aE.dag/Unity.RenderPipeline.Universal.ShaderLibrary.dll (+2 others) [CacheHit 5becb87123d6342fe813a888f899137600000000000000000000000000000003]
[556/829   1790624547s] Csc Library/Bee/artifacts/1900b0aE.dag/Unity.RenderPipeline.Universal.ShaderLibrary.dll (+2 others)
[558/829    0s] MovedFromExtractor Library/Bee/artifacts/mvdfrm/Unity.PlasticSCM.Editor.ref.dll_257AEB342BE77856.mvfrm
[529/829    0s] Csc Library/Bee/artifacts/1900b0aE.dag/Unity.Mathematics.Editor.dll (+2 others) [CacheHit a4f74ca944bcef92aaa879b0853299be00000000000000000000000000000003]
[559/829   1790624547s] Csc Library/Bee/artifacts/1900b0aE.dag/Unity.Mathematics.Editor.dll (+2 others)
[561/829    0s] MovedFromExtractorCombine Library/Bee/artifacts/1900b0aE.dag/Unity.Collections.dll.mvfrm
[531/829    0s] Csc Library/Bee/artifacts/1900b0aE.dag/Unity.RenderPipelines.Universal.Config.Runtime.dll (+2 others) [CacheHit 86e54a962547a9574462351ad092bb5c00000000000000000000000000000003]
[562/829   1790624547s] Csc Library/Bee/artifacts/1900b0aE.dag/Unity.RenderPipelines.Universal.Config.Runtime.dll (+2 others)
[532/829    0s] Csc Library/Bee/artifacts/1900b0aE.dag/Unity.2D.Tilemap.Extras.Editor.dll (+2 others) [CacheHit 2671f0ed24f345b59f182e2aac38f60900000000000000000000000000000003]
[564/829   1790624547s] Csc Library/Bee/artifacts/1900b0aE.dag/Unity.2D.Tilemap.Extras.Editor.dll (+2 others)
[533/829    0s] Csc Library/Bee/artifacts/1900b0aE.dag/Unity.InternalAPIEditorBridge.001.dll (+2 others) [CacheHit 93a6dbf00ddb25a08fe68dffae144e1c00000000000000000000000000000003]
[566/829   1790624547s] Csc Library/Bee/artifacts/1900b0aE.dag/Unity.InternalAPIEditorBridge.001.dll (+2 others)
[568/829    0s] MovedFromExtractorCombine Library/Bee/artifacts/1900b0aE.dag/Unity.Burst.Editor.dll.mvfrm
[535/829    0s] Csc Library/Bee/artifacts/1900b0aE.dag/Unity.RenderPipelines.Core.Editor.dll (+2 others) [CacheHit cc747e03d4ae3c4bdc211fdab7246bd500000000000000000000000000000003]
[535/829    0s] Csc Library/Bee/artifacts/1900b0aE.dag/Unity.Burst.CodeGen.dll (+2 others) [CacheHit a6ce625dc12a31285158efe51ebf4ea500000000000000000000000000000003]
[569/829   1790624547s] Csc Library/Bee/artifacts/1900b0aE.dag/Unity.RenderPipelines.Core.Editor.dll (+2 others)
[571/829   1790624547s] Csc Library/Bee/artifacts/1900b0aE.dag/Unity.Burst.CodeGen.dll (+2 others)
[537/829    0s] Csc Library/Bee/artifacts/1900b0aE.dag/Unity.TextMeshPro.Editor.dll (+2 others) [CacheHit 6a7ba8998f2194db479db94c128a843000000000000000000000000000000003]
[573/829   1790624547s] Csc Library/Bee/artifacts/1900b0aE.dag/Unity.TextMeshPro.Editor.dll (+2 others)
[538/829    0s] Csc Library/Bee/artifacts/1900b0aE.dag/Unity.Timeline.Editor.dll (+2 others) [CacheHit aa221e0fb6c43f2b62b5aee91667865400000000000000000000000000000003]
[575/829   1790624547s] Csc Library/Bee/artifacts/1900b0aE.dag/Unity.Timeline.Editor.dll (+2 others)
[539/829    0s] Csc Library/Bee/artifacts/1900b0aE.dag/Unity.Collections.dll (+2 others) [CacheHit 01d7c14cfa08d39c58dde7055d84254a00000000000000000000000000000003]
[577/829   1790624547s] Csc Library/Bee/artifacts/1900b0aE.dag/Unity.Collections.dll (+2 others)
[579/829    0s] MovedFromExtractorCombine Library/Bee/artifacts/1900b0aE.dag/Unity.2D.IK.Runtime.dll.mvfrm
[580/829    0s] MovedFromExtractorCombine Library/Bee/artifacts/1900b0aE.dag/Unity.2D.Aseprite.Common.dll.mvfrm
[581/829    0s] MovedFromExtractorCombine Library/Bee/artifacts/1900b0aE.dag/PsdPlugin.dll.mvfrm
[543/829    0s] Csc Library/Bee/artifacts/1900b0aE.dag/Unity.Burst.Editor.dll (+2 others) [CacheHit d74baf15d91b2d1fb448b831f03b1aeb00000000000000000000000000000003]
[582/829   1790624547s] Csc Library/Bee/artifacts/1900b0aE.dag/Unity.Burst.Editor.dll (+2 others)
[584/829    0s] MovedFromExtractor Library/Bee/artifacts/mvdfrm/Unity.VisualScripting.Flow.ref.dll_1E6ED5409D07C9A3.mvfrm
[585/829    0s] MovedFromExtractor Library/Bee/artifacts/mvdfrm/Unity.RenderPipeline.Universal.ShaderLibrary.ref.dll_5436F99F8BDCED8B.mvfrm
[586/829    0s] MovedFromExtractor Library/Bee/artifacts/mvdfrm/Unity.VisualScripting.Core.Editor.ref.dll_EDC8690F57C5BDFD.mvfrm
[547/829    0s] Csc Library/Bee/artifacts/1900b0aE.dag/PsdPlugin.dll (+2 others) [CacheHit 22bc162a90381d5c73d41bfe677041fe00000000000000000000000000000003]
[587/829   1790624547s] Csc Library/Bee/artifacts/1900b0aE.dag/PsdPlugin.dll (+2 others)
[548/829    0s] Csc Library/Bee/artifacts/1900b0aE.dag/Unity.2D.Aseprite.Common.dll (+2 others) [CacheHit 02ca3752b39d20372b1a0e498d6d7c6300000000000000000000000000000003]
[589/829   1790624547s] Csc Library/Bee/artifacts/1900b0aE.dag/Unity.2D.Aseprite.Common.dll (+2 others)
[549/829    0s] Csc Library/Bee/artifacts/1900b0aE.dag/Unity.2D.IK.Runtime.dll (+2 others) [CacheHit 0a107efd786b460ced8778511b31858f00000000000000000000000000000003]
[591/829   1790624547s] Csc Library/Bee/artifacts/1900b0aE.dag/Unity.2D.IK.Runtime.dll (+2 others)
[593/829    0s] MovedFromExtractor Library/Bee/artifacts/mvdfrm/Unity.RenderPipelines.ShaderGraph.ShaderGraphLibrary.ref.dll_1A2083B43FB0BF18.mvfrm
[594/829    0s] CopyFiles Library/ScriptAssemblies/Unity.Burst.CodeGen.dll
[595/829    0s] MovedFromExtractor Library/Bee/artifacts/mvdfrm/Unity.2D.Common.Runtime.ref.dll_77798F371487C3E9.mvfrm
[596/829    0s] CopyFiles Library/ScriptAssemblies/Unity.Burst.CodeGen.pdb
[597/829    0s] CopyFiles Library/ScriptAssemblies/Unity.VisualStudio.Editor.pdb
[598/829    0s] MovedFromExtractor Library/Bee/artifacts/mvdfrm/Unity.Mathematics.Editor.ref.dll_9A20CFD48BC11F43.mvfrm
[599/829    0s] CopyFiles Library/ScriptAssemblies/Unity.VisualStudio.Editor.dll
[600/829    0s] CopyFiles Library/ScriptAssemblies/Unity.Rider.Editor.dll
[601/829    0s] CopyFiles Library/ScriptAssemblies/Unity.Rider.Editor.pdb
[602/829    0s] MovedFromExtractor Library/Bee/artifacts/mvdfrm/Unity.InternalAPIEditorBridge.001.ref.dll_C275F416F58A86FE.mvfrm
[603/829    0s] MovedFromExtractor Library/Bee/artifacts/mvdfrm/Unity.TextMeshPro.Editor.ref.dll_159E061D77A10B86.mvfrm
[604/829    0s] MovedFromExtractor Library/Bee/artifacts/mvdfrm/Unity.RenderPipelines.Universal.Config.Runtime.ref.dll_5D92000A132D4840.mvfrm
[605/829    0s] MovedFromExtractor Library/Bee/artifacts/mvdfrm/Unity.2D.Tilemap.Extras.Editor.ref.dll_8DA00406C36CC6AA.mvfrm
[606/829    0s] MovedFromExtractor Library/Bee/artifacts/mvdfrm/Unity.Timeline.Editor.ref.dll_0D3D3C0B73557612.mvfrm
[607/829    0s] MovedFromExtractor Library/Bee/artifacts/mvdfrm/Unity.RenderPipelines.Core.Editor.ref.dll_46EB9B6930B27991.mvfrm
[608/829    0s] MovedFromExtractorCombine Library/Bee/artifacts/1900b0aE.dag/Unity.VisualScripting.Flow.Editor.dll.mvfrm
[609/829    0s] MovedFromExtractorCombine Library/Bee/artifacts/1900b0aE.dag/Unity.VisualScripting.State.dll.mvfrm
[610/829    0s] MovedFromExtractorCombine Library/Bee/artifacts/1900b0aE.dag/Unity.PlasticSCM.Editor.Entities.dll.mvfrm
[611/829    0s] MovedFromExtractorCombine Library/Bee/artifacts/1900b0aE.dag/Unity.CollabProxy.Editor.dll.mvfrm
[612/829    0s] MovedFromExtractor Library/Bee/artifacts/mvdfrm/Unity.Collections.ref.dll_656D7410E7809ECD.mvfrm
[613/829    0s] MovedFromExtractorCombine Library/Bee/artifacts/1900b0aE.dag/Unity.2D.Common.Editor.dll.mvfrm
[614/829    0s] MovedFromExtractorCombine Library/Bee/artifacts/1900b0aE.dag/Unity.2D.SpriteShape.Runtime.dll.mvfrm
[615/829    0s] MovedFromExtractor Library/Bee/artifacts/mvdfrm/Unity.Burst.Editor.ref.dll_E2F92DAB6C167CC9.mvfrm
[573/829    0s] Csc Library/Bee/artifacts/1900b0aE.dag/Unity.VisualScripting.Flow.Editor.dll (+2 others) [CacheHit af88680a5dd705a664af637ff1967cb800000000000000000000000000000003]
[616/829   1790624547s] Csc Library/Bee/artifacts/1900b0aE.dag/Unity.VisualScripting.Flow.Editor.dll (+2 others)
[574/829    0s] Csc Library/Bee/artifacts/1900b0aE.dag/Unity.VisualScripting.State.dll (+2 others) [CacheHit c01dd4d946f1ff929607ace9fe4cbbd800000000000000000000000000000003]
[618/829   1790624547s] Csc Library/Bee/artifacts/1900b0aE.dag/Unity.VisualScripting.State.dll (+2 others)
[575/829    0s] Csc Library/Bee/artifacts/1900b0aE.dag/Unity.CollabProxy.Editor.dll (+2 others) [CacheHit fe5f66883ecc4d9ee1dbac687f1f115e00000000000000000000000000000003]
[620/829   1790624547s] Csc Library/Bee/artifacts/1900b0aE.dag/Unity.CollabProxy.Editor.dll (+2 others)
[622/829    0s] MovedFromExtractor Library/Bee/artifacts/mvdfrm/Unity.2D.Aseprite.Common.ref.dll_8F79B00F05E033D6.mvfrm
[577/829    0s] Csc Library/Bee/artifacts/1900b0aE.dag/Unity.PlasticSCM.Editor.Entities.dll (+2 others) [CacheHit 8f05dcd52e30f191ca8b9472309aa0b800000000000000000000000000000003]
[623/829   1790624547s] Csc Library/Bee/artifacts/1900b0aE.dag/Unity.PlasticSCM.Editor.Entities.dll (+2 others)
[578/829    0s] Csc Library/Bee/artifacts/1900b0aE.dag/Unity.2D.Common.Editor.dll (+2 others) [CacheHit 9f10aaeac654d15538c55f01fbd12bec00000000000000000000000000000003]
[625/829   1790624547s] Csc Library/Bee/artifacts/1900b0aE.dag/Unity.2D.Common.Editor.dll (+2 others)
[579/829    0s] Csc Library/Bee/artifacts/1900b0aE.dag/Unity.2D.SpriteShape.Runtime.dll (+2 others) [CacheHit a104527b3bf015287da86a8b5d68d54300000000000000000000000000000003]
[627/829   1790624547s] Csc Library/Bee/artifacts/1900b0aE.dag/Unity.2D.SpriteShape.Runtime.dll (+2 others)
[629/829    0s] MovedFromExtractorCombine Library/Bee/artifacts/1900b0aE.dag/Unity.RenderPipelines.Universal.Runtime.dll.mvfrm
[630/829    0s] ILPP-Configuration Library/ilpp-configuration.nevergeneratedoutput
[631/829    0s] MovedFromExtractorCombine Library/Bee/artifacts/1900b0aE.dag/Unity.ShaderGraph.Editor.dll.mvfrm
[632/829    0s] MovedFromExtractor Library/Bee/artifacts/mvdfrm/Unity.2D.IK.Runtime.ref.dll_16F22BA31A1D34C0.mvfrm
[633/829    0s] MovedFromExtractorCombine Library/Bee/artifacts/1900b0aE.dag/Unity.2D.Animation.Runtime.dll.mvfrm
[634/829    0s] MovedFromExtractorCombine Library/Bee/artifacts/1900b0aE.dag/Unity.Collections.DocCodeSamples.dll.mvfrm
[586/829    0s] Csc Library/Bee/artifacts/1900b0aE.dag/Unity.RenderPipelines.Universal.Runtime.dll (+2 others) [CacheHit d5aa62b7d8f8a8d9b46f6b8416e7102500000000000000000000000000000003]
[635/829   1790624548s] Csc Library/Bee/artifacts/1900b0aE.dag/Unity.RenderPipelines.Universal.Runtime.dll (+2 others)
[637/829    0s] MovedFromExtractorCombine Library/Bee/artifacts/1900b0aE.dag/Unity.Collections.BurstCompatibilityGen.dll.mvfrm
[588/829    0s] Csc Library/Bee/artifacts/1900b0aE.dag/Unity.ShaderGraph.Editor.dll (+2 others) [CacheHit 47eb53c33e329cfc5f0762b2de76822800000000000000000000000000000003]
[638/829   1790624548s] Csc Library/Bee/artifacts/1900b0aE.dag/Unity.ShaderGraph.Editor.dll (+2 others)
[589/829    0s] Csc Library/Bee/artifacts/1900b0aE.dag/Unity.2D.Animation.Runtime.dll (+2 others) [CacheHit 5aa7bfbc1546f17e7371c833dfb0553500000000000000000000000000000003]
[640/829   1790624548s] Csc Library/Bee/artifacts/1900b0aE.dag/Unity.2D.Animation.Runtime.dll (+2 others)
[590/829    0s] Csc Library/Bee/artifacts/1900b0aE.dag/Unity.Collections.DocCodeSamples.dll (+2 others) [CacheHit cc54ed14f74842ba722b74a61500682c00000000000000000000000000000003]
[642/829   1790624548s] Csc Library/Bee/artifacts/1900b0aE.dag/Unity.Collections.DocCodeSamples.dll (+2 others)
[591/829    0s] Csc Library/Bee/artifacts/1900b0aE.dag/Unity.Collections.BurstCompatibilityGen.dll (+2 others) [CacheHit ef54b0099656484ea7d94c2e741da19300000000000000000000000000000003]
[644/829   1790624548s] Csc Library/Bee/artifacts/1900b0aE.dag/Unity.Collections.BurstCompatibilityGen.dll (+2 others)
[646/829    0s] MovedFromExtractor Library/Bee/artifacts/mvdfrm/Unity.VisualScripting.State.ref.dll_D91762B7076BE462.mvfrm
[647/829    0s] ILPostProcess Library/Bee/artifacts/1900b0aE.dag/post-processed/Unity.2D.IK.Runtime.dll (+pdb)
Processing assembly Library/Bee/artifacts/1900b0aE.dag/Unity.2D.IK.Runtime.dll, with 119 defines and 222 references

processors: zzzUnity.Burst.CodeGen.BurstILPostProcessor

running zzzUnity.Burst.CodeGen.BurstILPostProcessor
[648/829    0s] MovedFromExtractor Library/Bee/artifacts/mvdfrm/Unity.2D.Common.Editor.ref.dll_BD59A5CBF9D52B22.mvfrm
[649/829    0s] MovedFromExtractor Library/Bee/artifacts/mvdfrm/Unity.VisualScripting.Flow.Editor.ref.dll_6AF951BE66A4493E.mvfrm
[650/829    0s] ILPostProcess Library/Bee/artifacts/1900b0aE.dag/post-processed/Unity.InternalAPIEngineBridge.001.dll (+pdb)
Processing assembly Library/Bee/artifacts/1900b0aE.dag/Unity.InternalAPIEngineBridge.001.dll, with 119 defines and 221 references

processors: zzzUnity.Burst.CodeGen.BurstILPostProcessor

running zzzUnity.Burst.CodeGen.BurstILPostProcessor
[651/829    0s] ILPostProcess Library/Bee/artifacts/1900b0aE.dag/post-processed/Unity.RenderPipeline.Universal.ShaderLibrary.dll (+pdb)
Processing assembly Library/Bee/artifacts/1900b0aE.dag/Unity.RenderPipeline.Universal.ShaderLibrary.dll, with 119 defines and 222 references

processors: zzzUnity.Burst.CodeGen.BurstILPostProcessor

running zzzUnity.Burst.CodeGen.BurstILPostProcessor
[652/829    0s] ILPostProcess Library/Bee/artifacts/1900b0aE.dag/post-processed/Unity.Mathematics.dll (+pdb)
Processing assembly Library/Bee/artifacts/1900b0aE.dag/Unity.Mathematics.dll, with 119 defines and 221 references

processors: zzzUnity.Burst.CodeGen.BurstILPostProcessor

running zzzUnity.Burst.CodeGen.BurstILPostProcessor
[653/829    0s] MovedFromExtractor Library/Bee/artifacts/mvdfrm/Unity.2D.SpriteShape.Runtime.ref.dll_BCD600250821B9C8.mvfrm
[654/829    0s] ILPostProcess Library/Bee/artifacts/1900b0aE.dag/post-processed/Unity.TextMeshPro.dll (+pdb)
Processing assembly Library/Bee/artifacts/1900b0aE.dag/Unity.TextMeshPro.dll, with 120 defines and 221 references

processors: zzzUnity.Burst.CodeGen.BurstILPostProcessor

running zzzUnity.Burst.CodeGen.BurstILPostProcessor
[655/829    0s] ILPostProcess Library/Bee/artifacts/1900b0aE.dag/post-processed/Unity.2D.Tilemap.Extras.dll (+pdb)
Processing assembly Library/Bee/artifacts/1900b0aE.dag/Unity.2D.Tilemap.Extras.dll, with 119 defines and 221 references

processors: zzzUnity.Burst.CodeGen.BurstILPostProcessor

running zzzUnity.Burst.CodeGen.BurstILPostProcessor
[656/829    0s] ILPostProcess Library/Bee/artifacts/1900b0aE.dag/post-processed/Unity.RenderPipelines.Universal.2D.Internal.dll (+pdb)
Processing assembly Library/Bee/artifacts/1900b0aE.dag/Unity.RenderPipelines.Universal.2D.Internal.dll, with 119 defines and 221 references

processors: zzzUnity.Burst.CodeGen.BurstILPostProcessor

running zzzUnity.Burst.CodeGen.BurstILPostProcessor
[657/829    0s] ILPostProcess Library/Bee/artifacts/1900b0aE.dag/post-processed/Unity.VisualScripting.State.dll (+pdb)
Processing assembly Library/Bee/artifacts/1900b0aE.dag/Unity.VisualScripting.State.dll, with 119 defines and 223 references

processors: zzzUnity.Burst.CodeGen.BurstILPostProcessor

running zzzUnity.Burst.CodeGen.BurstILPostProcessor
[658/829    0s] ILPostProcess Library/Bee/artifacts/1900b0aE.dag/post-processed/Unity.VisualScripting.Core.dll (+pdb)
Processing assembly Library/Bee/artifacts/1900b0aE.dag/Unity.VisualScripting.Core.dll, with 122 defines and 221 references

processors: zzzUnity.Burst.CodeGen.BurstILPostProcessor

running zzzUnity.Burst.CodeGen.BurstILPostProcessor
[659/829    0s] MovedFromExtractorCombine Library/Bee/artifacts/1900b0aE.dag/Unity.VisualScripting.SettingsProvider.Editor.dll.mvfrm
[660/829    0s] MovedFromExtractorCombine Library/Bee/artifacts/1900b0aE.dag/Unity.VisualScripting.State.Editor.dll.mvfrm
[661/829    0s] ILPostProcess Library/Bee/artifacts/1900b0aE.dag/post-processed/Unity.RenderPipelines.Universal.Shaders.dll (+pdb)
Processing assembly Library/Bee/artifacts/1900b0aE.dag/Unity.RenderPipelines.Universal.Shaders.dll, with 119 defines and 221 references

processors: zzzUnity.Burst.CodeGen.BurstILPostProcessor

running zzzUnity.Burst.CodeGen.BurstILPostProcessor
[662/829    0s] ILPostProcess Library/Bee/artifacts/1900b0aE.dag/post-processed/Unity.RenderPipelines.Core.Runtime.dll (+pdb)
Processing assembly Library/Bee/artifacts/1900b0aE.dag/Unity.RenderPipelines.Core.Runtime.dll, with 121 defines and 221 references

processors: zzzUnity.Burst.CodeGen.BurstILPostProcessor

running zzzUnity.Burst.CodeGen.BurstILPostProcessor
[663/829    0s] MovedFromExtractor Library/Bee/artifacts/mvdfrm/Unity.RenderPipelines.Universal.Runtime.ref.dll_5400A10AF7CC6BEA.mvfrm
[664/829    0s] MovedFromExtractor Library/Bee/artifacts/mvdfrm/Unity.2D.Animation.Runtime.ref.dll_6747672A37E369F0.mvfrm
[665/829    0s] MovedFromExtractor Library/Bee/artifacts/mvdfrm/Unity.ShaderGraph.Editor.ref.dll_0F50152946DB09D0.mvfrm
[666/829    0s] ILPostProcess Library/Bee/artifacts/1900b0aE.dag/post-processed/Unity.2D.Common.Runtime.dll (+pdb)
Processing assembly Library/Bee/artifacts/1900b0aE.dag/Unity.2D.Common.Runtime.dll, with 119 defines and 222 references

processors: zzzUnity.Burst.CodeGen.BurstILPostProcessor

running zzzUnity.Burst.CodeGen.BurstILPostProcessor
[667/829    0s] ILPostProcess Library/Bee/artifacts/1900b0aE.dag/post-processed/Unity.VisualScripting.Flow.dll (+pdb)
Processing assembly Library/Bee/artifacts/1900b0aE.dag/Unity.VisualScripting.Flow.dll, with 124 defines and 222 references

processors: zzzUnity.Burst.CodeGen.BurstILPostProcessor

running zzzUnity.Burst.CodeGen.BurstILPostProcessor
[668/829    0s] ILPostProcess Library/Bee/artifacts/1900b0aE.dag/post-processed/Unity.2D.PixelPerfect.dll (+pdb)
Processing assembly Library/Bee/artifacts/1900b0aE.dag/Unity.2D.PixelPerfect.dll, with 120 defines and 221 references

processors: zzzUnity.Burst.CodeGen.BurstILPostProcessor

running zzzUnity.Burst.CodeGen.BurstILPostProcessor
[669/829    0s] MovedFromExtractorCombine Library/Bee/artifacts/1900b0aE.dag/Unity.2D.SpriteShape.Editor.dll.mvfrm
[670/829    0s] ILPostProcess Library/Bee/artifacts/1900b0aE.dag/post-processed/Unity.Timeline.dll (+pdb)
Processing assembly Library/Bee/artifacts/1900b0aE.dag/Unity.Timeline.dll, with 120 defines and 221 references

processors: zzzUnity.Burst.CodeGen.BurstILPostProcessor

running zzzUnity.Burst.CodeGen.BurstILPostProcessor
[614/829    0s] Csc Library/Bee/artifacts/1900b0aE.dag/Unity.VisualScripting.SettingsProvider.Editor.dll (+2 others) [CacheHit 749d4033bf8af0bc68ad1ad70b5270a200000000000000000000000000000003]
[671/829   1790624548s] Csc Library/Bee/artifacts/1900b0aE.dag/Unity.VisualScripting.SettingsProvider.Editor.dll (+2 others)
[673/829    0s] ILPostProcess Library/Bee/artifacts/1900b0aE.dag/post-processed/UnityEngine.UI.dll (+pdb)
Processing assembly Library/Bee/artifacts/1900b0aE.dag/UnityEngine.UI.dll, with 124 defines and 219 references

processors: zzzUnity.Burst.CodeGen.BurstILPostProcessor

running zzzUnity.Burst.CodeGen.BurstILPostProcessor
[674/829    0s] ILPostProcess Library/Bee/artifacts/1900b0aE.dag/post-processed/Unity.RenderPipelines.ShaderGraph.ShaderGraphLibrary.dll (+pdb)
Processing assembly Library/Bee/artifacts/1900b0aE.dag/Unity.RenderPipelines.ShaderGraph.ShaderGraphLibrary.dll, with 119 defines and 221 references

processors: zzzUnity.Burst.CodeGen.BurstILPostProcessor

running zzzUnity.Burst.CodeGen.BurstILPostProcessor
[617/829    0s] Csc Library/Bee/artifacts/1900b0aE.dag/Unity.VisualScripting.State.Editor.dll (+2 others) [CacheHit 508fa1767494cca1d0b5089297c8bf3400000000000000000000000000000003]
[675/829   1790624548s] Csc Library/Bee/artifacts/1900b0aE.dag/Unity.VisualScripting.State.Editor.dll (+2 others)
[620/829    0s] Csc Library/Bee/artifacts/1900b0aE.dag/Unity.2D.SpriteShape.Editor.dll (+2 others) [CacheHit 90613de84da63bd2e9b45e80cc56c41800000000000000000000000000000003]
[677/829   1790624548s] Csc Library/Bee/artifacts/1900b0aE.dag/Unity.2D.SpriteShape.Editor.dll (+2 others)
[679/829    0s] MovedFromExtractorCombine Library/Bee/artifacts/1900b0aE.dag/Cinemachine.dll.mvfrm
[680/829    0s] MovedFromExtractorCombine Library/Bee/artifacts/1900b0aE.dag/Unity.RenderPipelines.Universal.Editor.dll.mvfrm
[681/829    0s] MovedFromExtractorCombine Library/Bee/artifacts/1900b0aE.dag/Unity.2D.Animation.Editor.dll.mvfrm
[682/829    0s] ILPostProcess Library/Bee/artifacts/1900b0aE.dag/post-processed/Unity.RenderPipelines.Universal.Config.Runtime.dll (+pdb)
Processing assembly Library/Bee/artifacts/1900b0aE.dag/Unity.RenderPipelines.Universal.Config.Runtime.dll, with 119 defines and 222 references

processors: zzzUnity.Burst.CodeGen.BurstILPostProcessor

running zzzUnity.Burst.CodeGen.BurstILPostProcessor
[683/829    0s] MovedFromExtractorCombine Library/Bee/artifacts/1900b0aE.dag/Unity.2D.Aseprite.Editor.dll.mvfrm
[684/829    0s] ILPostProcess Library/Bee/artifacts/1900b0aE.dag/post-processed/Unity.VisualScripting.SettingsProvider.Editor.dll (+pdb)
Processing assembly Library/Bee/artifacts/1900b0aE.dag/Unity.VisualScripting.SettingsProvider.Editor.dll, with 117 defines and 233 references

processors: zzzUnity.Burst.CodeGen.BurstILPostProcessor

running zzzUnity.Burst.CodeGen.BurstILPostProcessor
[627/829    0s] Csc Library/Bee/artifacts/1900b0aE.dag/Unity.RenderPipelines.Universal.Editor.dll (+2 others) [CacheHit c3ef90ffdd20dd78525eaca41b3cfe7000000000000000000000000000000003]
[685/829   1790624548s] Csc Library/Bee/artifacts/1900b0aE.dag/Unity.RenderPipelines.Universal.Editor.dll (+2 others)
[628/829    0s] Csc Library/Bee/artifacts/1900b0aE.dag/Cinemachine.dll (+2 others) [CacheHit 185fb49003bbd3dac360776e4e0b64ae00000000000000000000000000000003]
[687/829   1790624548s] Csc Library/Bee/artifacts/1900b0aE.dag/Cinemachine.dll (+2 others)
[689/829    0s] ILPostProcess Library/Bee/artifacts/1900b0aE.dag/post-processed/Unity.Burst.dll (+pdb)
Processing assembly Library/Bee/artifacts/1900b0aE.dag/Unity.Burst.dll, with 119 defines and 210 references

processors: zzzUnity.Burst.CodeGen.BurstILPostProcessor

running zzzUnity.Burst.CodeGen.BurstILPostProcessor
[630/829    0s] Csc Library/Bee/artifacts/1900b0aE.dag/Unity.2D.Animation.Editor.dll (+2 others) [CacheHit f8e2426fecb30ff82c25c3f52bfa2f8a00000000000000000000000000000003]
[690/829   1790624548s] Csc Library/Bee/artifacts/1900b0aE.dag/Unity.2D.Animation.Editor.dll (+2 others)
[631/829    0s] Csc Library/Bee/artifacts/1900b0aE.dag/Unity.2D.Aseprite.Editor.dll (+2 others) [CacheHit 5bfb751e4c32700907a4bd1e40a97fc700000000000000000000000000000003]
[692/829   1790624548s] Csc Library/Bee/artifacts/1900b0aE.dag/Unity.2D.Aseprite.Editor.dll (+2 others)
[694/829    0s] ILPostProcess Library/Bee/artifacts/1900b0aE.dag/post-processed/Unity.VisualScripting.Flow.Editor.dll (+pdb)
Processing assembly Library/Bee/artifacts/1900b0aE.dag/Unity.VisualScripting.Flow.Editor.dll, with 117 defines and 231 references

processors: zzzUnity.Burst.CodeGen.BurstILPostProcessor

running zzzUnity.Burst.CodeGen.BurstILPostProcessor
[695/829    0s] ILPostProcess Library/Bee/artifacts/1900b0aE.dag/post-processed/Unity.RenderPipelines.Core.ShaderLibrary.dll (+pdb)
Processing assembly Library/Bee/artifacts/1900b0aE.dag/Unity.RenderPipelines.Core.ShaderLibrary.dll, with 119 defines and 221 references

processors: zzzUnity.Burst.CodeGen.BurstILPostProcessor

running zzzUnity.Burst.CodeGen.BurstILPostProcessor
[696/829    0s] MovedFromExtractor Library/Bee/artifacts/mvdfrm/Unity.VisualScripting.SettingsProvider.Editor.ref.dll_A1A44354E0B583A8.mvfrm
[697/829    0s] ILPostProcess Library/Bee/artifacts/1900b0aE.dag/post-processed/Unity.Searcher.Editor.dll (+pdb)
Processing assembly Library/Bee/artifacts/1900b0aE.dag/Unity.Searcher.Editor.dll, with 117 defines and 228 references

processors: zzzUnity.Burst.CodeGen.BurstILPostProcessor

running zzzUnity.Burst.CodeGen.BurstILPostProcessor
[698/829    0s] MovedFromExtractor Library/Bee/artifacts/mvdfrm/Unity.VisualScripting.State.Editor.ref.dll_E03858E727F23F6F.mvfrm
[699/829    0s] ILPostProcess Library/Bee/artifacts/1900b0aE.dag/post-processed/Unity.Collections.BurstCompatibilityGen.dll (+pdb)
Processing assembly Library/Bee/artifacts/1900b0aE.dag/Unity.Collections.BurstCompatibilityGen.dll, with 117 defines and 230 references

processors: zzzUnity.Burst.CodeGen.BurstILPostProcessor

running zzzUnity.Burst.CodeGen.BurstILPostProcessor
[700/829    0s] MovedFromExtractor Library/Bee/artifacts/mvdfrm/Unity.2D.SpriteShape.Editor.ref.dll_1AEEC37E15960FB3.mvfrm
[701/829    0s] ILPostProcess Library/Bee/artifacts/1900b0aE.dag/post-processed/Unity.2D.Common.Path.Editor.dll (+pdb)
Processing assembly Library/Bee/artifacts/1900b0aE.dag/Unity.2D.Common.Path.Editor.dll, with 117 defines and 228 references

processors: zzzUnity.Burst.CodeGen.BurstILPostProcessor

running zzzUnity.Burst.CodeGen.BurstILPostProcessor
[702/829    0s] ILPostProcess Library/Bee/artifacts/1900b0aE.dag/post-processed/Unity.PlasticSCM.Editor.Entities.dll (+pdb)
Processing assembly Library/Bee/artifacts/1900b0aE.dag/Unity.PlasticSCM.Editor.Entities.dll, with 117 defines and 229 references

processors: zzzUnity.Burst.CodeGen.BurstILPostProcessor

running zzzUnity.Burst.CodeGen.BurstILPostProcessor
[703/829    0s] ILPostProcess Library/Bee/artifacts/1900b0aE.dag/post-processed/UnityEditor.UI.dll (+pdb)
Processing assembly Library/Bee/artifacts/1900b0aE.dag/UnityEditor.UI.dll, with 120 defines and 227 references

processors: zzzUnity.Burst.CodeGen.BurstILPostProcessor

running zzzUnity.Burst.CodeGen.BurstILPostProcessor
[704/829    0s] MovedFromExtractor Library/Bee/artifacts/mvdfrm/Unity.RenderPipelines.Universal.Editor.ref.dll_0FF7AC68384616B1.mvfrm
[705/829    0s] ILPostProcess Library/Bee/artifacts/1900b0aE.dag/post-processed/Unity.2D.Tilemap.Editor.dll (+pdb)
Processing assembly Library/Bee/artifacts/1900b0aE.dag/Unity.2D.Tilemap.Editor.dll, with 117 defines and 228 references

processors: zzzUnity.Burst.CodeGen.BurstILPostProcessor

running zzzUnity.Burst.CodeGen.BurstILPostProcessor
[706/829    0s] ILPostProcess Library/Bee/artifacts/1900b0aE.dag/post-processed/Unity.RenderPipelines.Universal.Runtime.dll (+pdb)
Processing assembly Library/Bee/artifacts/1900b0aE.dag/Unity.RenderPipelines.Universal.Runtime.dll, with 124 defines and 227 references

processors: zzzUnity.Burst.CodeGen.BurstILPostProcessor

running zzzUnity.Burst.CodeGen.BurstILPostProcessor
[707/829    0s] ILPostProcess Library/Bee/artifacts/1900b0aE.dag/post-processed/Cinemachine.dll (+pdb)
Processing assembly Library/Bee/artifacts/1900b0aE.dag/Cinemachine.dll, with 127 defines and 225 references

processors: zzzUnity.Burst.CodeGen.BurstILPostProcessor

running zzzUnity.Burst.CodeGen.BurstILPostProcessor
[708/829    0s] ILPostProcess Library/Bee/artifacts/1900b0aE.dag/post-processed/Unity.PlasticSCM.Editor.dll (+pdb)
Processing assembly Library/Bee/artifacts/1900b0aE.dag/Unity.PlasticSCM.Editor.dll, with 117 defines and 220 references

processors: zzzUnity.Burst.CodeGen.BurstILPostProcessor

running zzzUnity.Burst.CodeGen.BurstILPostProcessor
[709/829    0s] MovedFromExtractorCombine Library/Bee/artifacts/1900b0aE.dag/Unity.VisualScripting.Shared.Editor.dll.mvfrm
[710/829    0s] MovedFromExtractor Library/Bee/artifacts/mvdfrm/Unity.2D.Animation.Editor.ref.dll_A13BD6459BB26E0B.mvfrm
[711/829    0s] ILPostProcess Library/Bee/artifacts/1900b0aE.dag/post-processed/Unity.2D.SpriteShape.Editor.dll (+pdb)
Processing assembly Library/Bee/artifacts/1900b0aE.dag/Unity.2D.SpriteShape.Editor.dll, with 117 defines and 233 references

processors: zzzUnity.Burst.CodeGen.BurstILPostProcessor

running zzzUnity.Burst.CodeGen.BurstILPostProcessor
[712/829    0s] MovedFromExtractor Library/Bee/artifacts/mvdfrm/Unity.2D.Aseprite.Editor.ref.dll_8C62A80A07075E58.mvfrm
[652/829    0s] Csc Library/Bee/artifacts/1900b0aE.dag/Unity.VisualScripting.Shared.Editor.dll (+2 others) [CacheHit 76f9da21526b6556659976a7d28f7e7100000000000000000000000000000003]
[713/829   1790624549s] Csc Library/Bee/artifacts/1900b0aE.dag/Unity.VisualScripting.Shared.Editor.dll (+2 others)
[715/829    0s] ILPostProcess Library/Bee/artifacts/1900b0aE.dag/post-processed/Unity.RenderPipelines.Universal.Editor.dll (+pdb)
Processing assembly Library/Bee/artifacts/1900b0aE.dag/Unity.RenderPipelines.Universal.Editor.dll, with 118 defines and 234 references

processors: zzzUnity.Burst.CodeGen.BurstILPostProcessor

running zzzUnity.Burst.CodeGen.BurstILPostProcessor
[716/829    0s] ILPostProcess Library/Bee/artifacts/1900b0aE.dag/post-processed/Unity.ShaderGraph.Utilities.dll (+pdb)
Processing assembly Library/Bee/artifacts/1900b0aE.dag/Unity.ShaderGraph.Utilities.dll, with 117 defines and 228 references

processors: zzzUnity.Burst.CodeGen.BurstILPostProcessor

running zzzUnity.Burst.CodeGen.BurstILPostProcessor
[717/829    0s] MovedFromExtractorCombine Library/Bee/artifacts/1900b0aE.dag/Unity.2D.PixelPerfect.Editor.dll.mvfrm
[718/829    0s] ILPostProcess Library/Bee/artifacts/1900b0aE.dag/post-processed/PsdPlugin.dll (+pdb)
Processing assembly Library/Bee/artifacts/1900b0aE.dag/PsdPlugin.dll, with 117 defines and 229 references

processors: zzzUnity.Burst.CodeGen.BurstILPostProcessor

running zzzUnity.Burst.CodeGen.BurstILPostProcessor
[719/829    0s] MovedFromExtractorCombine Library/Bee/artifacts/1900b0aE.dag/com.unity.cinemachine.editor.dll.mvfrm
[720/829    0s] ILPostProcess Library/Bee/artifacts/1900b0aE.dag/post-processed/Unity.2D.Tilemap.Extras.Editor.dll (+pdb)
Processing assembly Library/Bee/artifacts/1900b0aE.dag/Unity.2D.Tilemap.Extras.Editor.dll, with 117 defines and 230 references

processors: zzzUnity.Burst.CodeGen.BurstILPostProcessor

running zzzUnity.Burst.CodeGen.BurstILPostProcessor
[721/829    0s] ILPostProcess Library/Bee/artifacts/1900b0aE.dag/post-processed/Unity.TextMeshPro.Editor.dll (+pdb)
Processing assembly Library/Bee/artifacts/1900b0aE.dag/Unity.TextMeshPro.Editor.dll, with 117 defines and 229 references

processors: zzzUnity.Burst.CodeGen.BurstILPostProcessor

running zzzUnity.Burst.CodeGen.BurstILPostProcessor
[722/829    0s] MovedFromExtractorCombine Library/Bee/artifacts/1900b0aE.dag/Unity.2D.Psdimporter.Editor.dll.mvfrm
[658/829    0s] Csc Library/Bee/artifacts/1900b0aE.dag/Unity.2D.PixelPerfect.Editor.dll (+2 others) [CacheHit c05192624640fe6681c3937ed5b0794500000000000000000000000000000003]
[723/829   1790624549s] Csc Library/Bee/artifacts/1900b0aE.dag/Unity.2D.PixelPerfect.Editor.dll (+2 others)
[725/829    0s] MovedFromExtractorCombine Library/Bee/artifacts/1900b0aE.dag/Unity.2D.IK.Editor.dll.mvfrm
[726/829    0s] MovedFromExtractorCombine Library/Bee/artifacts/1900b0aE.dag/PPv2URPConverters.dll.mvfrm
[664/829    0s] Csc Library/Bee/artifacts/1900b0aE.dag/com.unity.cinemachine.editor.dll (+2 others) [CacheHit 9f384b3ba8f3ae2d30431512814380a200000000000000000000000000000003]
[727/829   1790624549s] Csc Library/Bee/artifacts/1900b0aE.dag/com.unity.cinemachine.editor.dll (+2 others)
[729/829    0s] ILPostProcess Library/Bee/artifacts/1900b0aE.dag/post-processed/Unity.ShaderGraph.Editor.dll (+pdb)
Processing assembly Library/Bee/artifacts/1900b0aE.dag/Unity.ShaderGraph.Editor.dll, with 117 defines and 232 references

processors: zzzUnity.Burst.CodeGen.BurstILPostProcessor

running zzzUnity.Burst.CodeGen.BurstILPostProcessor
[730/829    0s] ILPostProcess Library/Bee/artifacts/1900b0aE.dag/post-processed/Unity.Burst.Editor.dll (+pdb)
Processing assembly Library/Bee/artifacts/1900b0aE.dag/Unity.Burst.Editor.dll, with 117 defines and 229 references

processors: zzzUnity.Burst.CodeGen.BurstILPostProcessor

running zzzUnity.Burst.CodeGen.BurstILPostProcessor
[665/829    0s] Csc Library/Bee/artifacts/1900b0aE.dag/Unity.2D.IK.Editor.dll (+2 others) [CacheHit dd3bdfafa767985bc048f610fd56daf700000000000000000000000000000003]
[665/829    0s] Csc Library/Bee/artifacts/1900b0aE.dag/Unity.2D.Psdimporter.Editor.dll (+2 others) [CacheHit 7065c0c6c2746b06256fd6bdc1a0293900000000000000000000000000000003]
[731/829   1790624549s] Csc Library/Bee/artifacts/1900b0aE.dag/Unity.2D.IK.Editor.dll (+2 others)
[733/829   1790624549s] Csc Library/Bee/artifacts/1900b0aE.dag/Unity.2D.Psdimporter.Editor.dll (+2 others)
[667/829    0s] Csc Library/Bee/artifacts/1900b0aE.dag/PPv2URPConverters.dll (+2 others) [CacheHit 39bee8eb5a90eeb7efe9e396303ee50d00000000000000000000000000000003]
[735/829   1790624549s] Csc Library/Bee/artifacts/1900b0aE.dag/PPv2URPConverters.dll (+2 others)
[737/829    0s] MovedFromExtractor Library/Bee/artifacts/mvdfrm/Unity.VisualScripting.Shared.Editor.ref.dll_9669F6EBFF6DFFB7.mvfrm
[738/829    0s] ILPostProcess Library/Bee/artifacts/1900b0aE.dag/post-processed/Unity.Mathematics.Editor.dll (+pdb)
Processing assembly Library/Bee/artifacts/1900b0aE.dag/Unity.Mathematics.Editor.dll, with 117 defines and 229 references

processors: zzzUnity.Burst.CodeGen.BurstILPostProcessor

running zzzUnity.Burst.CodeGen.BurstILPostProcessor
[739/829    0s] MovedFromExtractor Library/Bee/artifacts/mvdfrm/Unity.2D.PixelPerfect.Editor.ref.dll_500201FE28D4C516.mvfrm
[740/829    0s] ILPostProcess Library/Bee/artifacts/1900b0aE.dag/post-processed/Unity.Timeline.Editor.dll (+pdb)
Processing assembly Library/Bee/artifacts/1900b0aE.dag/Unity.Timeline.Editor.dll, with 118 defines and 229 references

processors: zzzUnity.Burst.CodeGen.BurstILPostProcessor

running zzzUnity.Burst.CodeGen.BurstILPostProcessor
[741/829    0s] ILPostProcess Library/Bee/artifacts/1900b0aE.dag/post-processed/Unity.CollabProxy.Editor.dll (+pdb)
Processing assembly Library/Bee/artifacts/1900b0aE.dag/Unity.CollabProxy.Editor.dll, with 117 defines and 229 references

processors: zzzUnity.Burst.CodeGen.BurstILPostProcessor

running zzzUnity.Burst.CodeGen.BurstILPostProcessor
[742/829    0s] ILPostProcess Library/Bee/artifacts/1900b0aE.dag/post-processed/PPv2URPConverters.dll (+pdb)
Processing assembly Library/Bee/artifacts/1900b0aE.dag/PPv2URPConverters.dll, with 117 defines and 232 references

processors: zzzUnity.Burst.CodeGen.BurstILPostProcessor

running zzzUnity.Burst.CodeGen.BurstILPostProcessor
[743/829    0s] MovedFromExtractor Library/Bee/artifacts/mvdfrm/Unity.2D.IK.Editor.ref.dll_F60355C05B38283B.mvfrm
[744/829    0s] MovedFromExtractor Library/Bee/artifacts/mvdfrm/Unity.2D.Psdimporter.Editor.ref.dll_B76AC6E0D8C9839C.mvfrm
[745/829    0s] ILPostProcess Library/Bee/artifacts/1900b0aE.dag/post-processed/com.unity.cinemachine.editor.dll (+pdb)
Processing assembly Library/Bee/artifacts/1900b0aE.dag/com.unity.cinemachine.editor.dll, with 125 defines and 235 references

processors: zzzUnity.Burst.CodeGen.BurstILPostProcessor

running zzzUnity.Burst.CodeGen.BurstILPostProcessor
[746/829    0s] ILPostProcess Library/Bee/artifacts/1900b0aE.dag/post-processed/Unity.VisualScripting.Core.Editor.dll (+pdb)
Processing assembly Library/Bee/artifacts/1900b0aE.dag/Unity.VisualScripting.Core.Editor.dll, with 117 defines and 229 references

processors: zzzUnity.Burst.CodeGen.BurstILPostProcessor

running zzzUnity.Burst.CodeGen.BurstILPostProcessor
[747/829    0s] ILPostProcess Library/Bee/artifacts/1900b0aE.dag/post-processed/Unity.Collections.DocCodeSamples.dll (+pdb)
Processing assembly Library/Bee/artifacts/1900b0aE.dag/Unity.Collections.DocCodeSamples.dll, with 117 defines and 229 references

processors: zzzUnity.Burst.CodeGen.BurstILPostProcessor

running zzzUnity.Burst.CodeGen.BurstILPostProcessor
[748/829    0s] CopyFiles Library/ScriptAssemblies/Unity.RenderPipelines.Universal.Shaders.dll
[749/829    0s] CopyFiles Library/ScriptAssemblies/Unity.RenderPipeline.Universal.ShaderLibrary.dll
[750/829    0s] CopyFiles Library/ScriptAssemblies/Unity.RenderPipelines.Universal.Config.Runtime.dll
[751/829    0s] CopyFiles Library/ScriptAssemblies/Unity.2D.Tilemap.Extras.dll
[752/829    0s] CopyFiles Library/ScriptAssemblies/Unity.VisualScripting.State.dll
[753/829    0s] CopyFiles Library/ScriptAssemblies/Cinemachine.dll
[754/829    0s] CopyFiles Library/ScriptAssemblies/Unity.Mathematics.dll
[755/829    0s] CopyFiles Library/ScriptAssemblies/Unity.VisualScripting.Core.dll
[756/829    0s] CopyFiles Library/ScriptAssemblies/Unity.TextMeshPro.dll
[757/829    0s] ILPostProcess Library/Bee/artifacts/1900b0aE.dag/post-processed/Unity.2D.IK.Editor.dll (+pdb)
Processing assembly Library/Bee/artifacts/1900b0aE.dag/Unity.2D.IK.Editor.dll, with 117 defines and 234 references

processors: zzzUnity.Burst.CodeGen.BurstILPostProcessor

running zzzUnity.Burst.CodeGen.BurstILPostProcessor
[758/829    0s] ILPostProcess Library/Bee/artifacts/1900b0aE.dag/post-processed/Unity.VisualScripting.State.Editor.dll (+pdb)
Processing assembly Library/Bee/artifacts/1900b0aE.dag/Unity.VisualScripting.State.Editor.dll, with 117 defines and 233 references

processors: zzzUnity.Burst.CodeGen.BurstILPostProcessor

running zzzUnity.Burst.CodeGen.BurstILPostProcessor
[759/829    0s] CopyFiles Library/ScriptAssemblies/Unity.2D.IK.Runtime.dll
[760/829    0s] CopyFiles Library/ScriptAssemblies/Unity.InternalAPIEngineBridge.001.dll
[761/829    0s] CopyFiles Library/ScriptAssemblies/Unity.2D.PixelPerfect.dll
[762/829    0s] CopyFiles Library/ScriptAssemblies/Unity.RenderPipelines.Core.Runtime.dll
[763/829    0s] CopyFiles Library/ScriptAssemblies/Unity.2D.Common.Runtime.dll
[764/829    0s] CopyFiles Library/ScriptAssemblies/Unity.VisualScripting.Flow.dll
[765/829    0s] CopyFiles Library/ScriptAssemblies/Unity.RenderPipelines.ShaderGraph.ShaderGraphLibrary.dll
[766/829    0s] CopyFiles Library/ScriptAssemblies/Unity.RenderPipelines.Universal.Runtime.dll
[767/829    0s] CopyFiles Library/ScriptAssemblies/Unity.RenderPipelines.Core.ShaderLibrary.dll
[768/829    0s] CopyFiles Library/ScriptAssemblies/UnityEngine.UI.dll
[769/829    0s] CopyFiles Library/ScriptAssemblies/Unity.Burst.dll
[770/829    0s] CopyFiles Library/ScriptAssemblies/Unity.Timeline.dll
[771/829    0s] CopyFiles Library/ScriptAssemblies/Unity.RenderPipelines.Universal.2D.Internal.dll
[772/829    0s] CopyFiles Library/ScriptAssemblies/Unity.Collections.DocCodeSamples.dll
[773/829    0s] CopyFiles Library/ScriptAssemblies/Unity.Collections.DocCodeSamples.pdb
[774/829    0s] CopyFiles Library/ScriptAssemblies/com.unity.cinemachine.editor.dll
[775/829    0s] CopyFiles Library/ScriptAssemblies/com.unity.cinemachine.editor.pdb
[776/829    0s] CopyFiles Library/ScriptAssemblies/Unity.VisualScripting.Core.Editor.dll
[777/829    0s] CopyFiles Library/ScriptAssemblies/Unity.VisualScripting.Core.Editor.pdb
[778/829    0s] CopyFiles Library/ScriptAssemblies/PPv2URPConverters.dll
[779/829    0s] CopyFiles Library/ScriptAssemblies/Unity.2D.IK.Editor.dll
[780/829    0s] CopyFiles Library/ScriptAssemblies/Unity.2D.IK.Editor.pdb
[781/829    0s] CopyFiles Library/ScriptAssemblies/PPv2URPConverters.pdb
[782/829    0s] CopyFiles Library/ScriptAssemblies/Unity.Timeline.Editor.pdb
[783/829    0s] CopyFiles Library/ScriptAssemblies/Unity.CollabProxy.Editor.pdb
[784/829    0s] CopyFiles Library/ScriptAssemblies/Unity.Timeline.Editor.dll
[785/829    0s] CopyFiles Library/ScriptAssemblies/Unity.CollabProxy.Editor.dll
[786/829    0s] CopyFiles Library/ScriptAssemblies/Unity.Mathematics.Editor.pdb
[787/829    0s] CopyFiles Library/ScriptAssemblies/Unity.Mathematics.Editor.dll
[788/829    0s] CopyFiles Library/ScriptAssemblies/Unity.Burst.Editor.dll
[789/829    0s] CopyFiles Library/ScriptAssemblies/Unity.Burst.Editor.pdb
[790/829    0s] CopyFiles Library/ScriptAssemblies/Unity.ShaderGraph.Editor.pdb
[791/829    0s] CopyFiles Library/ScriptAssemblies/Unity.VisualScripting.State.Editor.pdb
[792/829    0s] CopyFiles Library/ScriptAssemblies/Unity.ShaderGraph.Editor.dll
[793/829    0s] CopyFiles Library/ScriptAssemblies/Unity.VisualScripting.State.Editor.dll
[794/829    0s] ILPostProcess Library/Bee/artifacts/1900b0aE.dag/post-processed/Unity.2D.Psdimporter.Editor.dll (+pdb)
Processing assembly Library/Bee/artifacts/1900b0aE.dag/Unity.2D.Psdimporter.Editor.dll, with 117 defines and 237 references

processors: zzzUnity.Burst.CodeGen.BurstILPostProcessor

running zzzUnity.Burst.CodeGen.BurstILPostProcessor
[795/829    0s] CopyFiles Library/ScriptAssemblies/Unity.TextMeshPro.Editor.dll
[796/829    0s] CopyFiles Library/ScriptAssemblies/Unity.TextMeshPro.Editor.pdb
[797/829    0s] CopyFiles Library/ScriptAssemblies/PsdPlugin.pdb
[798/829    0s] CopyFiles Library/ScriptAssemblies/PsdPlugin.dll
[799/829    0s] CopyFiles Library/ScriptAssemblies/Unity.2D.Tilemap.Extras.Editor.dll
[800/829    0s] CopyFiles Library/ScriptAssemblies/Unity.2D.Tilemap.Extras.Editor.pdb
[801/829    0s] CopyFiles Library/ScriptAssemblies/Unity.ShaderGraph.Utilities.dll
[802/829    0s] CopyFiles Library/ScriptAssemblies/Unity.ShaderGraph.Utilities.pdb
[803/829    0s] CopyFiles Library/ScriptAssemblies/Unity.RenderPipelines.Universal.Editor.pdb
[804/829    0s] CopyFiles Library/ScriptAssemblies/Unity.2D.SpriteShape.Editor.dll
[805/829    0s] CopyFiles Library/ScriptAssemblies/Unity.2D.SpriteShape.Editor.pdb
[806/829    0s] CopyFiles Library/ScriptAssemblies/Unity.RenderPipelines.Universal.Editor.dll
[807/829    0s] CopyFiles Library/ScriptAssemblies/Unity.PlasticSCM.Editor.pdb
[808/829    0s] CopyFiles Library/ScriptAssemblies/Unity.PlasticSCM.Editor.dll
[809/829    0s] CopyFiles Library/ScriptAssemblies/Unity.2D.Tilemap.Editor.dll
[810/829    0s] ILPostProcess Library/Bee/artifacts/1900b0aE.dag/post-processed/Unity.RenderPipelines.Core.Editor.dll (+pdb)
Processing assembly Library/Bee/artifacts/1900b0aE.dag/Unity.RenderPipelines.Core.Editor.dll, with 118 defines and 230 references

processors: zzzUnity.Burst.CodeGen.BurstILPostProcessor

running zzzUnity.Burst.CodeGen.BurstILPostProcessor
[811/829    0s] CopyFiles Library/ScriptAssemblies/Unity.RenderPipelines.Universal.Runtime.pdb
[812/829    0s] CopyFiles Library/ScriptAssemblies/Cinemachine.pdb
[813/829    0s] CopyFiles Library/ScriptAssemblies/Unity.2D.Tilemap.Editor.pdb
[814/829    0s] CopyFiles Library/ScriptAssemblies/UnityEditor.UI.dll
[815/829    0s] ILPostProcess Library/Bee/artifacts/1900b0aE.dag/post-processed/Unity.2D.PixelPerfect.Editor.dll (+pdb)
Processing assembly Library/Bee/artifacts/1900b0aE.dag/Unity.2D.PixelPerfect.Editor.dll, with 119 defines and 231 references

processors: zzzUnity.Burst.CodeGen.BurstILPostProcessor

running zzzUnity.Burst.CodeGen.BurstILPostProcessor
[816/829    0s] CopyFiles Library/ScriptAssemblies/UnityEditor.UI.pdb
[817/829    0s] CopyFiles Library/ScriptAssemblies/Unity.PlasticSCM.Editor.Entities.dll
[818/829    0s] CopyFiles Library/ScriptAssemblies/Unity.PlasticSCM.Editor.Entities.pdb
[819/829    0s] CopyFiles Library/ScriptAssemblies/Unity.2D.Common.Path.Editor.pdb
[820/829    0s] CopyFiles Library/ScriptAssemblies/Unity.Collections.BurstCompatibilityGen.pdb
[821/829    0s] CopyFiles Library/ScriptAssemblies/Unity.2D.Common.Path.Editor.dll
[822/829    0s] CopyFiles Library/ScriptAssemblies/Unity.Collections.BurstCompatibilityGen.dll
[823/829    0s] CopyFiles Library/ScriptAssemblies/Unity.Searcher.Editor.pdb
[824/829    0s] CopyFiles Library/ScriptAssemblies/Unity.RenderPipelines.Core.ShaderLibrary.pdb
[825/829    0s] CopyFiles Library/ScriptAssemblies/Unity.Searcher.Editor.dll
[826/829    0s] CopyFiles Library/ScriptAssemblies/Unity.VisualScripting.Flow.Editor.pdb
[827/829    0s] CopyFiles Library/ScriptAssemblies/Unity.VisualScripting.Flow.Editor.dll
[828/829    0s] CopyFiles Library/ScriptAssemblies/Unity.VisualScripting.SettingsProvider.Editor.pdb
[829/829    0s] CopyFiles Library/ScriptAssemblies/Unity.Burst.pdb
[830/829    0s] ILPostProcess Library/Bee/artifacts/1900b0aE.dag/post-processed/Unity.InternalAPIEditorBridge.001.dll (+pdb)
Processing assembly Library/Bee/artifacts/1900b0aE.dag/Unity.InternalAPIEditorBridge.001.dll, with 117 defines and 229 references

processors: zzzUnity.Burst.CodeGen.BurstILPostProcessor

running zzzUnity.Burst.CodeGen.BurstILPostProcessor
[831/829    0s] CopyFiles Library/ScriptAssemblies/Unity.VisualScripting.SettingsProvider.Editor.dll
[832/829    0s] CopyFiles Library/ScriptAssemblies/Unity.RenderPipelines.Universal.Config.Runtime.pdb
[833/829    0s] CopyFiles Library/ScriptAssemblies/UnityEngine.UI.pdb
[834/829    0s] CopyFiles Library/ScriptAssemblies/Unity.Timeline.pdb
[835/829    0s] CopyFiles Library/ScriptAssemblies/Unity.RenderPipelines.ShaderGraph.ShaderGraphLibrary.pdb
[836/829    0s] CopyFiles Library/ScriptAssemblies/Unity.2D.PixelPerfect.pdb
[837/829    0s] CopyFiles Library/ScriptAssemblies/Unity.VisualScripting.Flow.pdb
[838/829    0s] CopyFiles Library/ScriptAssemblies/Unity.2D.Common.Runtime.pdb
[839/829    0s] CopyFiles Library/ScriptAssemblies/Unity.RenderPipelines.Universal.Shaders.pdb
[840/829    0s] CopyFiles Library/ScriptAssemblies/Unity.RenderPipelines.Core.Runtime.pdb
[841/829    0s] CopyFiles Library/ScriptAssemblies/Unity.RenderPipelines.Universal.2D.Internal.pdb
[842/829    0s] CopyFiles Library/ScriptAssemblies/Unity.VisualScripting.State.pdb
[843/829    0s] CopyFiles Library/ScriptAssemblies/Unity.VisualScripting.Core.pdb
[844/829    0s] CopyFiles Library/ScriptAssemblies/Unity.2D.Tilemap.Extras.pdb
[845/829    0s] CopyFiles Library/ScriptAssemblies/Unity.TextMeshPro.pdb
[846/829    0s] CopyFiles Library/ScriptAssemblies/Unity.RenderPipeline.Universal.ShaderLibrary.pdb
[847/829    0s] CopyFiles Library/ScriptAssemblies/Unity.InternalAPIEngineBridge.001.pdb
[848/829    0s] CopyFiles Library/ScriptAssemblies/Unity.Mathematics.pdb
[849/829    0s] CopyFiles Library/ScriptAssemblies/Unity.2D.IK.Runtime.pdb
[850/829    0s] CopyFiles Library/ScriptAssemblies/Unity.RenderPipelines.Core.Editor.pdb
[851/829    0s] CopyFiles Library/ScriptAssemblies/Unity.RenderPipelines.Core.Editor.dll
[852/829    0s] CopyFiles Library/ScriptAssemblies/Unity.2D.Psdimporter.Editor.pdb
[853/829    0s] CopyFiles Library/ScriptAssemblies/Unity.2D.Psdimporter.Editor.dll
[854/829    0s] MovedFromExtractorCombine Library/Bee/artifacts/1900b0aE.dag/Assembly-CSharp.dll.mvfrm
[855/829    0s] CopyFiles Library/ScriptAssemblies/Unity.2D.PixelPerfect.Editor.pdb
[856/829    0s] CopyFiles Library/ScriptAssemblies/Unity.2D.PixelPerfect.Editor.dll
[857/829    0s] CopyFiles Library/ScriptAssemblies/Unity.InternalAPIEditorBridge.001.pdb
[858/829    0s] CopyFiles Library/ScriptAssemblies/Unity.InternalAPIEditorBridge.001.dll
[859/829    0s] MovedFromExtractorCombine Library/Bee/artifacts/1900b0aE.dag/Assembly-CSharp-Editor.dll.mvfrm
[860/829    0s] ILPostProcess Library/Bee/artifacts/1900b0aE.dag/post-processed/Unity.2D.Sprite.Editor.dll (+pdb)
Processing assembly Library/Bee/artifacts/1900b0aE.dag/Unity.2D.Sprite.Editor.dll, with 117 defines and 228 references

processors: zzzUnity.Burst.CodeGen.BurstILPostProcessor

running zzzUnity.Burst.CodeGen.BurstILPostProcessor
[861/829    0s] ILPostProcess Library/Bee/artifacts/1900b0aE.dag/post-processed/Unity.VisualScripting.Shared.Editor.dll (+pdb)
Processing assembly Library/Bee/artifacts/1900b0aE.dag/Unity.VisualScripting.Shared.Editor.dll, with 117 defines and 234 references

processors: zzzUnity.Burst.CodeGen.BurstILPostProcessor

running zzzUnity.Burst.CodeGen.BurstILPostProcessor
[862/829    0s] CopyFiles Library/ScriptAssemblies/Unity.2D.Sprite.Editor.dll
[863/829    0s] CopyFiles Library/ScriptAssemblies/Unity.2D.Sprite.Editor.pdb
[864/829    0s] CopyFiles Library/ScriptAssemblies/Unity.VisualScripting.Shared.Editor.dll
[865/829    0s] CopyFiles Library/ScriptAssemblies/Unity.VisualScripting.Shared.Editor.pdb
[866/829    0s] ILPostProcess Library/Bee/artifacts/1900b0aE.dag/post-processed/Unity.2D.Aseprite.Common.dll (+pdb)
Processing assembly Library/Bee/artifacts/1900b0aE.dag/Unity.2D.Aseprite.Common.dll, with 117 defines and 231 references

processors: zzzUnity.Burst.CodeGen.BurstILPostProcessor

running zzzUnity.Burst.CodeGen.BurstILPostProcessor
[867/829    1s] ILPostProcess Library/Bee/artifacts/1900b0aE.dag/post-processed/Unity.2D.Common.Editor.dll (+pdb)
Processing assembly Library/Bee/artifacts/1900b0aE.dag/Unity.2D.Common.Editor.dll, with 117 defines and 232 references

processors: zzzUnity.Burst.CodeGen.BurstILPostProcessor

running zzzUnity.Burst.CodeGen.BurstILPostProcessor
[868/829    2s] ILPostProcess Library/Bee/artifacts/1900b0aE.dag/post-processed/Unity.Collections.dll (+pdb)
Processing assembly Library/Bee/artifacts/1900b0aE.dag/Unity.Collections.dll, with 119 defines and 223 references

processors: zzzUnity.Burst.CodeGen.BurstILPostProcessor

running zzzUnity.Burst.CodeGen.BurstILPostProcessor
[869/829    2s] ILPostProcess Library/Bee/artifacts/1900b0aE.dag/post-processed/Unity.2D.Animation.Runtime.dll (+pdb)
Processing assembly Library/Bee/artifacts/1900b0aE.dag/Unity.2D.Animation.Runtime.dll, with 119 defines and 226 references

processors: zzzUnity.Burst.CodeGen.BurstILPostProcessor

running zzzUnity.Burst.CodeGen.BurstILPostProcessor
[870/829    0s] ILPostProcess Library/Bee/artifacts/1900b0aE.dag/post-processed/Unity.2D.Aseprite.Editor.dll (+pdb)
Processing assembly Library/Bee/artifacts/1900b0aE.dag/Unity.2D.Aseprite.Editor.dll, with 118 defines and 234 references

processors: zzzUnity.Burst.CodeGen.BurstILPostProcessor

running zzzUnity.Burst.CodeGen.BurstILPostProcessor
[871/829    2s] ILPostProcess Library/Bee/artifacts/1900b0aE.dag/post-processed/Unity.2D.SpriteShape.Runtime.dll (+pdb)
Processing assembly Library/Bee/artifacts/1900b0aE.dag/Unity.2D.SpriteShape.Runtime.dll, with 120 defines and 224 references

processors: zzzUnity.Burst.CodeGen.BurstILPostProcessor

running zzzUnity.Burst.CodeGen.BurstILPostProcessor
[872/829    0s] CopyFiles Library/ScriptAssemblies/Unity.2D.Animation.Runtime.pdb
[873/829    0s] CopyFiles Library/ScriptAssemblies/Unity.2D.Animation.Runtime.dll
[874/829    0s] CopyFiles Library/ScriptAssemblies/Unity.2D.Common.Editor.dll
[875/829    0s] CopyFiles Library/ScriptAssemblies/Unity.2D.Aseprite.Common.dll
[876/829    0s] CopyFiles Library/ScriptAssemblies/Unity.2D.Aseprite.Common.pdb
[877/829    0s] CopyFiles Library/ScriptAssemblies/Unity.2D.Common.Editor.pdb
[878/829    0s] CopyFiles Library/ScriptAssemblies/Unity.2D.SpriteShape.Runtime.pdb
[879/829    0s] CopyFiles Library/ScriptAssemblies/Unity.2D.Aseprite.Editor.pdb
[880/829    0s] CopyFiles Library/ScriptAssemblies/Unity.2D.SpriteShape.Runtime.dll
[881/829    0s] CopyFiles Library/ScriptAssemblies/Unity.2D.Aseprite.Editor.dll
[882/829    0s] CopyFiles Library/ScriptAssemblies/Unity.Collections.pdb
[883/829    0s] CopyFiles Library/ScriptAssemblies/Unity.Collections.dll
[884/829    1s] ILPostProcess Library/Bee/artifacts/1900b0aE.dag/post-processed/Unity.2D.Animation.Editor.dll (+pdb)
Processing assembly Library/Bee/artifacts/1900b0aE.dag/Unity.2D.Animation.Editor.dll, with 117 defines and 237 references

processors: zzzUnity.Burst.CodeGen.BurstILPostProcessor

running zzzUnity.Burst.CodeGen.BurstILPostProcessor
[885/829    0s] CopyFiles Library/ScriptAssemblies/Unity.2D.Animation.Editor.pdb
[886/829    0s] CopyFiles Library/ScriptAssemblies/Unity.2D.Animation.Editor.dll
[887/829    1s] Csc Library/Bee/artifacts/1900b0aE.dag/Assembly-CSharp.dll (+2 others)
Assets\scripts\ControlTouch.cs(15,18): warning CS0414: The field 'ControlTouch.ocultoPorCrafteo' is assigned but its value is never used
[888/829    0s] ILPostProcess Library/Bee/artifacts/1900b0aE.dag/post-processed/Assembly-CSharp.dll (+pdb)
Processing assembly Library/Bee/artifacts/1900b0aE.dag/Assembly-CSharp.dll, with 119 defines and 265 references

processors: zzzUnity.Burst.CodeGen.BurstILPostProcessor

running zzzUnity.Burst.CodeGen.BurstILPostProcessor
[889/829    0s] CopyFiles Library/ScriptAssemblies/Assembly-CSharp.pdb
[890/829    0s] CopyFiles Library/ScriptAssemblies/Assembly-CSharp.dll
[891/829    0s] Csc Library/Bee/artifacts/1900b0aE.dag/Assembly-CSharp-Editor.dll (+2 others)
[892/829    0s] ILPostProcess Library/Bee/artifacts/1900b0aE.dag/post-processed/Assembly-CSharp-Editor.dll (+pdb)
Processing assembly Library/Bee/artifacts/1900b0aE.dag/Assembly-CSharp-Editor.dll, with 117 defines and 285 references

processors: zzzUnity.Burst.CodeGen.BurstILPostProcessor

running zzzUnity.Burst.CodeGen.BurstILPostProcessor
[893/829    0s] CopyFiles Library/ScriptAssemblies/Assembly-CSharp-Editor.pdb
[894/829    0s] CopyFiles Library/ScriptAssemblies/Assembly-CSharp-Editor.dll
*** Tundra build success (10.05 seconds), 626 items updated, 829 evaluated
Assets\scripts\ControlTouch.cs(15,18): warning CS0414: The field 'ControlTouch.ocultoPorCrafteo' is assigned but its value is never used
AssetDatabase: script compilation time: 12.268790s
Total cache size 260557512
Total cache size after purge 260557512
Begin MonoManager ReloadAssembly
- Loaded All Assemblies, in  0.856 seconds
Refreshing native plugins compatible for Editor in 6.29 ms, found 5 plugins.
Preloading 0 native plugins for Editor in 0.00 ms.
Refreshing native plugins compatible for Editor in 5.64 ms, found 5 plugins.
Native extension for WindowsStandalone target not found
Mono: successfully reloaded assembly
- Finished resetting the current domain, in  4.364 seconds
Domain Reload Profiling: 5217ms
	BeginReloadAssembly (210ms)
		ExecutionOrderSort (0ms)
		DisableScriptedObjects (5ms)
		BackupInstance (0ms)
		ReleaseScriptingObjects (0ms)
		CreateAndSetChildDomain (28ms)
	RebuildCommonClasses (35ms)
	RebuildNativeTypeToScriptingClass (12ms)
	initialDomainReloadingComplete (36ms)
	LoadAllAssembliesAndSetupDomain (558ms)
		LoadAssemblies (441ms)
		RebuildTransferFunctionScriptingTraits (0ms)
		AnalyzeDomain (252ms)
			TypeCache.Refresh (202ms)
				TypeCache.ScanAssembly (183ms)
			ScanForSourceGeneratedMonoScriptInfo (33ms)
			ResolveRequiredComponents (12ms)
	FinalizeReload (4365ms)
		ReleaseScriptCaches (0ms)
		RebuildScriptCaches (0ms)
		SetupLoadedEditorAssemblies (4035ms)
			LogAssemblyErrors (0ms)
			InitializePlatformSupportModulesInManaged (7ms)
			SetLoadedEditorAssemblies (4ms)
			RefreshPlugins (0ms)
			BeforeProcessingInitializeOnLoad (88ms)
			ProcessInitializeOnLoadAttributes (3632ms)
			ProcessInitializeOnLoadMethodAttributes (295ms)
			AfterProcessingInitializeOnLoad (8ms)
			EditorAssembliesLoaded (1ms)
		ExecutionOrderSort2 (0ms)
		AwakeInstancesAfterBackupRestoration (14ms)
Asset Pipeline Refresh (id=11bcb8abf6b33eb4a9b91b5e8277f2c7): Total: 20.974 seconds - Initiated by InitialRefreshV2(ForceSynchronousImport)
	Summary:
		Imports: total=0 (actual=0, local cache=0, cache server=0)
		Asset DB Process Time: managed=0 ms, native=3313 ms
		Asset DB Callback time: managed=24 ms, native=0 ms
		Scripting: domain reloads=1, domain reload time=5313 ms, compile time=12271 ms, other=49 ms
		Project Asset Count: scripts=7517, non-scripts=19619
		Asset File Changes: new=0, changed=0, moved=0, deleted=0
		Scan Filter Count: 0
	InvokeBeforeRefreshCallbacks: 0.539ms
	ApplyChangesToAssetFolders: 0.054ms
	Scan: 953.576ms
	OnSourceAssetsModified: 0.003ms
	GetAllGuidsForCategorization: 3.166ms
	CategorizeAssets: 522.904ms
	ImportOutOfDateAssets: 4446.356ms (-7875.957ms without children)
		CompileScripts: 12271.366ms
		ReloadNativeAssets: 0.025ms
		UnloadImportedAssets: 37.375ms
		EnsureUptoDateAssetsAreRegisteredWithGuidPM: 8.061ms
		InitializingProgressBar: 0.004ms
		PostProcessAllAssetNotificationsAddChangedAssets: 0.000ms
		OnDemandSchedulerStart: 5.483ms
	PostProcessAllAssets: 24.719ms
	GatherAllCurrentPrimaryArtifactRevisions: 0.001ms
	UnloadStreamsBegin: 1.453ms
	PersistCurrentRevisions: 1.533ms
	UnloadStreamsEnd: 0.084ms
	GenerateScriptTypeHashes: 4.980ms
	Untracked: 15019.120ms
Application.AssetDatabase Initial Refresh End
Shader Hidden/ProbeVolume/VoxelizeScene is not supported: GPU does not support conservative rasterization
Scanning for USB devices : 2.171ms
Initializing Unity extensions:
[Licensing::Client] Successfully resolved entitlement details
[MODES] ModeService[none].Initialize
[MODES] ModeService[none].LoadModes
[MODES] Loading mode Default (0) for mode-current-id-Objetivo 15 version final
[PhysX] Initialized MultithreadedTaskDispatcher with 18 workers.
ProgressiveSceneManager::Cancel()
Unloading 8 Unused Serialized files (Serialized files now loaded: 0)
Unloading 124 unused Assets / (501.2 KB). Loaded Objects now: 6824.
Memory consumption went from 213.4 MB to 212.9 MB.
Total: 6.858800 ms (FindLiveObjects: 0.707000 ms CreateObjectMapping: 0.392800 ms MarkObjects: 5.358700 ms  DeleteObjects: 0.399300 ms)

Opening scene 'Assets/Scenes/certificado.unity'
[PhysX] Initialized MultithreadedTaskDispatcher with 18 workers.
Unloading 14 Unused Serialized files (Serialized files now loaded: 0)
Loaded scene 'Assets/Scenes/certificado.unity'
	Deserialize:            48.780 ms
	Integration:            333.817 ms
	Integration of assets:  10.363 ms
	Thread Wait Time:       0.038 ms
	Total Operation Time:   392.999 ms
Unloading 2 unused Assets / (1.0 KB). Loaded Objects now: 6994.
Memory consumption went from 226.4 MB to 226.4 MB.
Total: 5.815500 ms (FindLiveObjects: 0.392600 ms CreateObjectMapping: 0.136200 ms MarkObjects: 5.231300 ms  DeleteObjects: 0.054300 ms)

Start importing Assets/Scenes/certificado.unity using Guid(396c8ac08fe4ed341afc10c26d2b18e0) Importer(-1,00000000000000000000000000000000) [PhysX] Initialized MultithreadedTaskDispatcher with 18 workers.
 -> (artifact id: 'b93e22eead30a081a87f0d57085f3aac') in 0.016153 seconds
Refreshing native plugins compatible for Editor in 7.30 ms, found 5 plugins.
Preloading 0 native plugins for Editor in 0.00 ms.
Asset Pipeline Refresh (id=9304e49b750e7794396868ac5349476c): Total: 0.274 seconds - Initiated by StopAssetImportingV2(NoUpdateAssetOptions)
[Setup] Boton 'Imprimir' eliminado; BotonDescargar restaurado al centro
UnityEngine.StackTraceUtility:ExtractStackTrace ()
UnityEngine.DebugLogHandler:LogFormat (UnityEngine.LogType,UnityEngine.Object,string,object[])
UnityEngine.Logger:Log (UnityEngine.LogType,object)
UnityEngine.Debug:Log (object)
SetupCertificadoBotones:RevertirBotonImprimir () (at Assets/scripts/Editor/SetupCertificadoBotones.cs:52)
SetupCertificadoBotones:EjecutarBatch () (at Assets/scripts/Editor/SetupCertificadoBotones.cs:298)

(Filename: Assets/scripts/Editor/SetupCertificadoBotones.cs Line: 52)

[SetupCertificadoBotones] EjecutarBatch completado
UnityEngine.StackTraceUtility:ExtractStackTrace ()
UnityEngine.DebugLogHandler:LogFormat (UnityEngine.LogType,UnityEngine.Object,string,object[])
UnityEngine.Logger:Log (UnityEngine.LogType,object)
UnityEngine.Debug:Log (object)
SetupCertificadoBotones:EjecutarBatch () (at Assets/scripts/Editor/SetupCertificadoBotones.cs:299)

(Filename: Assets/scripts/Editor/SetupCertificadoBotones.cs Line: 299)

Batchmode quit successfully invoked - shutting down!
Curl error 42: Callback aborted
[PhysX] Initialized MultithreadedTaskDispatcher with 18 workers.
Input System module state changed to: ShutdownInProgress.
Input System polling thread exited.
Input System module state changed to: Shutdown.
[Licensing::IpcConnector] LicenseClient-sebas-notifications channel disconnected successfully.
[Licensing::IpcConnector] LicenseClient-sebas channel disconnected successfully.
Cleanup mono
abort_threads: Failed aborting id: 00000000000018FC, mono_thread_manage will ignore it

abort_threads: Failed aborting id: 0000000000000C54, mono_thread_manage will ignore it

abort_threads: Failed aborting id: 00000000000018FC, mono_thread_manage will ignore it

abort_threads: Failed aborting id: 0000000000000C54, mono_thread_manage will ignore it

debugger-agent: Unable to listen on 5780
[Performance] WinEditorMain                                                                                                  :        1 samples, Peak.  2.12 s (1.0x), Avg.  2.12 s, Total. 2.116 s (7.4%)
[Performance] WinEditorMain.ConfigureCrashHandler                                                                            :        1 samples, Peak.  42.1 us (1.0x), Avg.  42.1 us, Total. 42.10 us (0.0%)
[Performance] WinEditorMain.CurlRequestInitialize                                                                            :        1 samples, Peak.  1.57 ms (1.0x), Avg.  1.57 ms, Total. 1.566 ms (0.0%)
[Performance] WinEditorMain.SetupLogFile                                                                                     :        1 samples, Peak.   599 us (1.0x), Avg.   599 us, Total. 599.4 us (0.0%)
[Performance] WinEditorMain.RunNativeTestsIfRequiredAndExit                                                                  :        1 samples, Peak.   200 ns (1.0x), Avg.   200 ns, Total. 200.0 ns (0.0%)
[Performance] WinEditorMain.Licensing                                                                                        :        1 samples, Peak.  2.09 s (1.0x), Avg.  2.09 s, Total. 2.094 s (7.3%)
[Performance] WinEditorMain.InitializeCrashHandler                                                                           :        1 samples, Peak.  16.7 ms (1.0x), Avg.  16.7 ms, Total. 16.72 ms (0.1%)
[Performance] WinEditorMain.CreateApplication                                                                                :        1 samples, Peak.   188 us (1.0x), Avg.   188 us, Total. 187.9 us (0.0%)
[Performance] Application.InitializeProject                                                                                  :        1 samples, Peak.  23.9 s (1.0x), Avg.  23.9 s, Total. 23.92 s (83.6%)
[Performance] Application.PackageManager.StartServer                                                                         :        1 samples, Peak.  9.22 ms (1.0x), Avg.  9.22 ms, Total. 9.224 ms (0.0%)
[Performance] Application.AcquireProjectLock                                                                                 :        1 samples, Peak.  4.67 ms (1.0x), Avg.  4.67 ms, Total. 4.665 ms (0.0%)
[Performance] Application.InitializeEngineNoGraphics                                                                         :        1 samples, Peak.  92.9 ms (1.0x), Avg.  92.9 ms, Total. 92.89 ms (0.3%)
[Performance] Application.PackageManager.Initialize                                                                          :        1 samples, Peak.   325 ms (1.0x), Avg.   325 ms, Total. 325.4 ms (1.1%)
[Performance] Connecting to Package Manager                                                                                  :       33 samples, Peak.  71.0 us (15.7x), Avg.  4.51 us, Total. 148.8 us (0.0%)
[Performance] Application.EngineGraphics.Initialize                                                                          :        1 samples, Peak.  80.7 ms (1.0x), Avg.  80.7 ms, Total. 80.68 ms (0.3%)
[Performance] Application.GI.Initialize                                                                                      :        1 samples, Peak.  4.14 ms (1.0x), Avg.  4.14 ms, Total. 4.137 ms (0.0%)
[Performance] Application.LoadAllDefaultResourcesFromEditor                                                                  :        1 samples, Peak.  2.76 ms (1.0x), Avg.  2.76 ms, Total. 2.759 ms (0.0%)
[Performance] Application.LoadMonoAssemblies                                                                                 :        1 samples, Peak.   565 ms (1.0x), Avg.   565 ms, Total. 564.6 ms (2.0%)
[Performance] RestoreManagedReferences                                                                                       :        2 samples, Peak.  70.4 ms (2.0x), Avg.  35.2 ms, Total. 70.45 ms (0.2%)
[Performance] InitializeOnLoad DrivenRectTransformUndo                                                                       :        2 samples, Peak.   753 us (1.3x), Avg.   580 us, Total. 1.161 ms (0.0%)
[Performance] InitializeOnLoad SceneSearch                                                                                   :        2 samples, Peak.   229 us (1.4x), Avg.   167 us, Total. 334.9 us (0.0%)
[Performance] InitializeOnLoad CloudBuild                                                                                    :        2 samples, Peak.  8.40 us (1.5x), Avg.  5.75 us, Total. 11.50 us (0.0%)
[Performance] InitializeOnLoad NativeFormatImporterUtility                                                                   :        2 samples, Peak.  2.65 ms (1.0x), Avg.  2.64 ms, Total. 5.278 ms (0.0%)
[Performance] InitializeOnLoad SearchService                                                                                 :        2 samples, Peak.   167 us (1.2x), Avg.   138 us, Total. 276.7 us (0.0%)
[Performance] InitializeOnLoad SettingsService                                                                               :        2 samples, Peak.  14.9 us (1.4x), Avg.  10.3 us, Total. 20.60 us (0.0%)
[Performance] InitializeOnLoad WindowLayout                                                                                  :        2 samples, Peak.   897 us (1.1x), Avg.   843 us, Total. 1.687 ms (0.0%)
[Performance] InitializeOnLoad AssetStoreContext                                                                             :        2 samples, Peak.  32.6 ms (1.1x), Avg.  29.3 ms, Total. 58.54 ms (0.2%)
[Performance] InitializeOnLoad PoolManager                                                                                   :        2 samples, Peak.   626 us (1.1x), Avg.   596 us, Total. 1.191 ms (0.0%)
[Performance] InitializeOnLoad MixerEffectDefinitionReloader                                                                 :        2 samples, Peak.  2.77 ms (1.1x), Avg.  2.50 ms, Total. 5.010 ms (0.0%)
[Performance] InitializeOnLoad ProjectSearch                                                                                 :        2 samples, Peak.  99.3 us (1.2x), Avg.  80.9 us, Total. 161.8 us (0.0%)
[Performance] InitializeOnLoad UISystemProfilerRenderService                                                                 :        2 samples, Peak.  11.8 us (1.2x), Avg.  9.55 us, Total. 19.10 us (0.0%)
[Performance] InitializeOnLoad EditMode                                                                                      :        2 samples, Peak.   474 us (1.1x), Avg.   450 us, Total. 900.2 us (0.0%)
[Performance] InitializeOnLoad UnityConnect                                                                                  :        2 samples, Peak.  61.7 us (1.0x), Avg.  61.2 us, Total. 122.5 us (0.0%)
[Performance] InitializeOnLoad ManagedDebugger                                                                               :        2 samples, Peak.   596 us (1.6x), Avg.   382 us, Total. 764.4 us (0.0%)
[Performance] InitializeOnLoad ShortcutIntegration                                                                           :        2 samples, Peak.  66.1 us (1.1x), Avg.  62.5 us, Total. 124.9 us (0.0%)
[Performance] InitializeOnLoad AddComponentWindow                                                                            :        2 samples, Peak.   133 us (1.2x), Avg.   115 us, Total. 229.9 us (0.0%)
[Performance] InitializeOnLoad ManagedDebuggerWindow                                                                         :        2 samples, Peak.   154 us (1.1x), Avg.   140 us, Total. 279.1 us (0.0%)
[Performance] InitializeOnLoad CacheServerWindow                                                                             :        2 samples, Peak.  14.2 us (1.4x), Avg.  10.5 us, Total. 20.90 us (0.0%)
[Performance] InitializeOnLoad PlayModeDownload                                                                              :        2 samples, Peak.  4.62 ms (1.9x), Avg.  2.42 ms, Total. 4.839 ms (0.0%)
[Performance] InitializeOnLoad MenuItems                                                                                     :        2 samples, Peak.   103 us (1.0x), Avg.  98.8 us, Total. 197.7 us (0.0%)
[Performance] InitializeOnLoad PrefabInstanceChangedListener                                                                 :        2 samples, Peak.   248 us (1.1x), Avg.   216 us, Total. 431.5 us (0.0%)
[Performance] InitializeOnLoad ObjectSelectorSearch                                                                          :        2 samples, Peak.   113 us (1.5x), Avg.  77.3 us, Total. 154.7 us (0.0%)
[Performance] InitializeOnLoad EditorMonitor                                                                                 :        2 samples, Peak.   865 us (1.2x), Avg.   703 us, Total. 1.407 ms (0.0%)
[Performance] InitializeOnLoad RetainedMode                                                                                  :        2 samples, Peak.  2.78 ms (1.1x), Avg.  2.54 ms, Total. 5.086 ms (0.0%)
[Performance] InitializeOnLoad EditorShaderLoader                                                                            :        2 samples, Peak.   745 us (1.1x), Avg.   689 us, Total. 1.378 ms (0.0%)
[Performance] InitializeOnLoad EditorDelegateRegistration                                                                    :        2 samples, Peak.   628 us (1.1x), Avg.   549 us, Total. 1.099 ms (0.0%)
[Performance] InitializeOnLoad UIDocumentHierarchyWatcher                                                                    :        2 samples, Peak.   214 us (1.5x), Avg.   144 us, Total. 287.3 us (0.0%)
[Performance] InitializeOnLoad LiveReloadTrackerCreator                                                                      :        2 samples, Peak.   443 us (1.6x), Avg.   279 us, Total. 558.1 us (0.0%)
[Performance] InitializeOnLoad UxmlObjectEditorFactories                                                                     :        2 samples, Peak.   843 us (1.4x), Avg.   593 us, Total. 1.187 ms (0.0%)
[Performance] InitializeOnLoad UXMLEditorFactories                                                                           :        2 samples, Peak.  85.4 ms (1.2x), Avg.  71.1 ms, Total. 142.3 ms (0.5%)
[Performance] InitializeOnLoad PurchasingService                                                                             :        2 samples, Peak.  10.2 ms (1.1x), Avg.  9.31 ms, Total. 18.61 ms (0.1%)
[Performance] InitializeOnLoad CloudBuildPoller                                                                              :        2 samples, Peak.   136 us (1.1x), Avg.   124 us, Total. 248.2 us (0.0%)
[Performance] InitializeOnLoad EditorGameServicesAnalytics                                                                   :        2 samples, Peak.  2.49 ms (1.6x), Avg.  1.58 ms, Total. 3.151 ms (0.0%)
[Performance] InitializeOnLoad AnalyticsService                                                                              :        2 samples, Peak.   257 us (1.2x), Avg.   214 us, Total. 427.3 us (0.0%)
[Performance] InitializeOnLoad BuildService                                                                                  :        2 samples, Peak.   187 us (1.2x), Avg.   160 us, Total. 319.8 us (0.0%)
[Performance] InitializeOnLoad AdsService                                                                                    :        2 samples, Peak.  1.22 ms (1.5x), Avg.   794 us, Total. 1.588 ms (0.0%)
[Performance] InitializeOnLoad UDPService                                                                                    :        2 samples, Peak.   225 us (1.2x), Avg.   183 us, Total. 365.9 us (0.0%)
[Performance] InitializeOnLoad CrashService                                                                                  :        2 samples, Peak.   172 us (1.2x), Avg.   149 us, Total. 297.3 us (0.0%)
[Performance] InitializeOnLoad ServicesRepository                                                                            :        2 samples, Peak.   500 ns (1.1x), Avg.   450 ns, Total. 900.0 ns (0.0%)
[Performance] InitializeOnLoad SearchWindow                                                                                  :        2 samples, Peak.   178 us (1.3x), Avg.   139 us, Total. 278.7 us (0.0%)
[Performance] InitializeOnLoad CustomIndexers                                                                                :        2 samples, Peak.  20.2 ms (1.0x), Avg.  19.9 ms, Total. 39.79 ms (0.1%)
[Performance] InitializeOnLoad SearchMonitor                                                                                 :        2 samples, Peak.  1.96 ms (1.5x), Avg.  1.31 ms, Total. 2.624 ms (0.0%)
[Performance] InitializeOnLoad ParameterControllerEditor                                                                     :        2 samples, Peak.  23.3 us (1.1x), Avg.  20.3 us, Total. 40.60 us (0.0%)
[Performance] InitializeOnLoad LayerSettingsWindow                                                                           :        2 samples, Peak.  29.1 us (1.8x), Avg.  16.1 us, Total. 32.10 us (0.0%)
[Performance] InitializeOnLoad PackageManagerHookGUIDConverter.RegisterPackagesEventHandler                                  :        2 samples, Peak.  1.01 ms (1.5x), Avg.   661 us, Total. 1.323 ms (0.0%)
[Performance] InitializeOnLoad EditorDragAndDrop.RegisterEditorClient                                                        :        2 samples, Peak.   901 us (1.2x), Avg.   745 us, Total. 1.489 ms (0.0%)
[Performance] InitializeOnLoad EditorEventCallbacks.InitializeFontAssetResourceChangeCallBacks                               :        2 samples, Peak.  4.49 ms (1.3x), Avg.  3.47 ms, Total. 6.947 ms (0.0%)
[Performance] InitializeOnLoad SceneTemplateService.Init                                                                     :        2 samples, Peak.  2.87 ms (1.3x), Avg.  2.15 ms, Total. 4.295 ms (0.0%)
[Performance] InitializeOnLoad DiagnosticSwitchesConsoleMessage.Init                                                         :        2 samples, Peak.  4.87 ms (1.6x), Avg.  2.98 ms, Total. 5.963 ms (0.0%)
[Performance] InitializeOnLoad PackageManagerWindow.EditorInitializedInSafeMode                                              :        2 samples, Peak.  25.2 ms (2.0x), Avg.  12.9 ms, Total. 25.71 ms (0.1%)
[Performance] InitializeOnLoad ToolShortcutContext.Init                                                                      :        2 samples, Peak.   452 us (1.6x), Avg.   289 us, Total. 577.8 us (0.0%)
[Performance] InitializeOnLoad MemoryProfilerCompilationGuard.InjectCompileGuard                                             :        2 samples, Peak.   330 us (1.5x), Avg.   225 us, Total. 450.8 us (0.0%)
[Performance] InitializeOnLoad AssetPostprocessingInternal.RefreshCustomDependencies                                         :        2 samples, Peak.  5.78 ms (1.3x), Avg.  4.46 ms, Total. 8.930 ms (0.0%)
[Performance] InitializeOnLoad SysrootManager.Initialize                                                                     :        2 samples, Peak.  1.29 ms (1.6x), Avg.   830 us, Total. 1.659 ms (0.0%)
[Performance] InitializeOnLoad ScopedRegistryAddedPopup.SubscribeToRegistriesAdded                                           :        2 samples, Peak.  16.5 ms (2.0x), Avg.  8.31 ms, Total. 16.63 ms (0.1%)
[Performance] InitializeOnLoad SceneVisibilityManager.Initialize                                                             :        2 samples, Peak.  8.13 ms (1.2x), Avg.  6.63 ms, Total. 13.26 ms (0.0%)
[Performance] InitializeOnLoad EditorWindow.Initialize                                                                       :        2 samples, Peak.   846 us (1.6x), Avg.   521 us, Total. 1.043 ms (0.0%)
[Performance] AssemblyReloadEvents.afterAssemblyReload: UnityEditor.SceneTemplate.SceneTemplateService.AfterAssemblyReload   :        2 samples, Peak.  4.02 ms (1.9x), Avg.  2.16 ms, Total. 4.310 ms (0.0%)
[Performance] ProcessService.EditorAfterLoadAllAssemblies                                                                    :        2 samples, Peak.   406 us (1.2x), Avg.   329 us, Total. 658.1 us (0.0%)
[Performance] Application.ReadLicenseInfo                                                                                    :        1 samples, Peak.  37.5 ms (1.0x), Avg.  37.5 ms, Total. 37.50 ms (0.1%)
[Performance] Application.InitialRefresh                                                                                     :        1 samples, Peak.  21.0 s (1.0x), Avg.  21.0 s, Total. 20.98 s (73.3%)
[Performance] Compiling Scripts                                                                                              :        1 samples, Peak.  12.3 s (1.0x), Avg.  12.3 s, Total. 12.27 s (42.9%)
[Performance] AssemblyReloadEvents.beforeAssemblyReload: UnityEditor.SceneTemplate.SceneTemplateService.BeforeAssemblyReload :        1 samples, Peak.   568 us (1.0x), Avg.   568 us, Total. 568.5 us (0.0%)
[Performance] InitializeOnLoad BurstLoader                                                                                   :        1 samples, Peak.  2.41 s (1.0x), Avg.  2.41 s, Total. 2.405 s (8.4%)
[Performance] InitializeOnLoad ShadowCasterGroup2DManager                                                                    :        1 samples, Peak.   391 us (1.0x), Avg.   391 us, Total. 390.9 us (0.0%)
[Performance] InitializeOnLoad OnDomainReload                                                                                :        1 samples, Peak.   848 us (1.0x), Avg.   848 us, Total. 848.3 us (0.0%)
[Performance] InitializeOnLoad EditorInitialize                                                                              :        4 samples, Peak.  39.4 ms (3.2x), Avg.  12.5 ms, Total. 49.85 ms (0.2%)
[Performance] InitializeOnLoad CanvasesAndTheirOwners                                                                        :        1 samples, Peak.   350 us (1.0x), Avg.   350 us, Total. 349.8 us (0.0%)
[Performance] InitializeOnLoad ProbeGIBaking                                                                                 :        1 samples, Peak.  3.78 ms (1.0x), Avg.  3.78 ms, Total. 3.782 ms (0.0%)
[Performance] InitializeOnLoad FilterWindow                                                                                  :        1 samples, Peak.  60.5 us (1.0x), Avg.  60.5 us, Total. 60.50 us (0.0%)
[Performance] InitializeOnLoad RealtimeProbeSubdivisionDebug                                                                 :        1 samples, Peak.   402 us (1.0x), Avg.   402 us, Total. 402.3 us (0.0%)
[Performance] InitializeOnLoad CinemachineStoryboardMute                                                                     :        1 samples, Peak.   407 us (1.0x), Avg.   407 us, Total. 406.5 us (0.0%)
[Performance] InitializeOnLoad SaveDuringPlay                                                                                :        1 samples, Peak.   150 us (1.0x), Avg.   150 us, Total. 150.2 us (0.0%)
[Performance] InitializeOnLoad CollectGizmoDrawers                                                                           :        1 samples, Peak.  16.5 ms (1.0x), Avg.  16.5 ms, Total. 16.52 ms (0.1%)
[Performance] InitializeOnLoad CinemachineScreenComposerGuidesGlobalDraggable                                                :        1 samples, Peak.   299 us (1.0x), Avg.   299 us, Total. 298.6 us (0.0%)
[Performance] InitializeOnLoad CinemachineEditorAnalytics                                                                    :        1 samples, Peak.  99.1 us (1.0x), Avg.  99.1 us, Total. 99.10 us (0.0%)
[Performance] InitializeOnLoad CreateRigWithUndo                                                                             :        1 samples, Peak.   250 us (1.0x), Avg.   250 us, Total. 250.3 us (0.0%)
[Performance] InitializeOnLoad CreatePipelineWithUndo                                                                        :        1 samples, Peak.   892 us (1.0x), Avg.   892 us, Total. 891.9 us (0.0%)
[Performance] InitializeOnLoad SyncCacheEnabledSetting                                                                       :        1 samples, Peak.  1.63 ms (1.0x), Avg.  1.63 ms, Total. 1.626 ms (0.0%)
[Performance] InitializeOnLoad CinemachineColliderPrefs                                                                      :        1 samples, Peak.   953 us (1.0x), Avg.   953 us, Total. 953.3 us (0.0%)
[Performance] InitializeOnLoad EditorToolManager                                                                             :        2 samples, Peak.  7.39 ms (1.8x), Avg.  4.09 ms, Total. 8.186 ms (0.0%)
[Performance] InitializeOnLoad NodeClassCache                                                                                :        1 samples, Peak.  26.2 us (1.0x), Avg.  26.2 us, Total. 26.20 us (0.0%)
[Performance] InitializeOnLoad ShaderGraphMaterialsUpdater                                                                   :        2 samples, Peak.  2.13 ms (1.9x), Avg.  1.13 ms, Total. 2.264 ms (0.0%)
[Performance] InitializeOnLoad Renderer2DAnalytics                                                                           :        1 samples, Peak.   715 us (1.0x), Avg.   715 us, Total. 715.2 us (0.0%)
[Performance] InitializeOnLoad BackgroundWatcher                                                                             :        1 samples, Peak.   806 us (1.0x), Avg.   806 us, Total. 805.8 us (0.0%)
[Performance] InitializeOnLoad UnityTestProtocolStarter                                                                      :        1 samples, Peak.   933 us (1.0x), Avg.   933 us, Total. 933.3 us (0.0%)
[Performance] InitializeOnLoad TestStarter                                                                                   :        1 samples, Peak.  2.94 ms (1.0x), Avg.  2.94 ms, Total. 2.935 ms (0.0%)
[Performance] InitializeOnLoad RerunCallbackInitializer                                                                      :        1 samples, Peak.  14.2 ms (1.0x), Avg.  14.2 ms, Total. 14.20 ms (0.0%)
[Performance] InitializeOnLoad RiderScriptEditor                                                                             :        1 samples, Peak.  38.3 ms (1.0x), Avg.  38.3 ms, Total. 38.30 ms (0.1%)
[Performance] InitializeOnLoad CallbackInitializer                                                                           :        1 samples, Peak.  1.70 ms (1.0x), Avg.  1.70 ms, Total. 1.704 ms (0.0%)
[Performance] InitializeOnLoad SpriteEditorWindow                                                                            :        1 samples, Peak.   571 us (1.0x), Avg.   571 us, Total. 570.6 us (0.0%)
[Performance] InitializeOnLoad PackageEntryPoint                                                                             :        1 samples, Peak.   636 ms (1.0x), Avg.   636 ms, Total. 635.9 ms (2.2%)
[Performance] InitializeOnLoad BackgroundImport                                                                              :        1 samples, Peak.   321 us (1.0x), Avg.   321 us, Total. 321.2 us (0.0%)
[Performance] InitializeOnLoad VSUsageUtility                                                                                :        1 samples, Peak.  58.8 ms (1.0x), Avg.  58.8 ms, Total. 58.83 ms (0.2%)
[Performance] InitializeOnLoad VisualStudioEditor                                                                            :        1 samples, Peak.  11.8 ms (1.0x), Avg.  11.8 ms, Total. 11.82 ms (0.0%)
[Performance] InitializeOnLoad TestRunnerApiListener                                                                         :        1 samples, Peak.  1.83 ms (1.0x), Avg.  1.83 ms, Total. 1.835 ms (0.0%)
[Performance] InitializeOnLoad VisualStudioIntegration                                                                       :        1 samples, Peak.  6.04 ms (1.0x), Avg.  6.04 ms, Total. 6.038 ms (0.0%)
[Performance] InitializeOnLoad PrefabLayoutRebuilder                                                                         :        1 samples, Peak.   475 us (1.0x), Avg.   475 us, Total. 475.0 us (0.0%)
[Performance] InitializeOnLoad SpriteSkinCompositeStartup                                                                    :        1 samples, Peak.  25.4 ms (1.0x), Avg.  25.4 ms, Total. 25.40 ms (0.1%)
[Performance] InitializeOnLoad UnityInternalsInjector                                                                        :        1 samples, Peak.  2.48 ms (1.0x), Avg.  2.48 ms, Total. 2.479 ms (0.0%)
[Performance] InitializeOnLoad UVCSToolbarBoostrap                                                                           :        1 samples, Peak.   148 ms (1.0x), Avg.   148 ms, Total. 148.5 ms (0.5%)
[Performance] InitializeOnLoad UnityAnalyticsStorage                                                                         :        1 samples, Peak.  1.04 ms (1.0x), Avg.  1.04 ms, Total. 1.038 ms (0.0%)
[Performance] InitializeOnLoad BoneGizmoInitializer                                                                          :        1 samples, Peak.  3.72 ms (1.0x), Avg.  3.72 ms, Total. 3.718 ms (0.0%)
[Performance] InitializeOnLoad Analytics                                                                                     :        1 samples, Peak.   393 us (1.0x), Avg.   393 us, Total. 393.2 us (0.0%)
[Performance] InitializeOnLoad SceneDragAndDrop                                                                              :        1 samples, Peak.   238 us (1.0x), Avg.   238 us, Total. 237.9 us (0.0%)
[Performance] InitializeOnLoad SpriteShapeUpdateCache                                                                        :        1 samples, Peak.   620 us (1.0x), Avg.   620 us, Total. 620.2 us (0.0%)
[Performance] InitializeOnLoad SpriteShapeUnityAnalyticsStorage                                                              :        1 samples, Peak.  26.2 us (1.0x), Avg.  26.2 us, Total. 26.20 us (0.0%)
[Performance] InitializeOnLoad IKEditorManager.CreateInstance                                                                :        1 samples, Peak.  2.71 ms (1.0x), Avg.  2.71 ms, Total. 2.706 ms (0.0%)
[Performance] InitializeOnLoad $BurstDirectCallInitializer.Initialize                                                        :        7 samples, Peak.  83.7 ms (4.0x), Avg.  21.0 ms, Total. 147.3 ms (0.5%)
[Performance] InitializeOnLoad SceneViewGridManager.Initialize                                                               :        1 samples, Peak.  10.0 ms (1.0x), Avg.  10.0 ms, Total. 10.04 ms (0.0%)
[Performance] InitializeOnLoad TilemapPrefabStageHelper.Initialize                                                           :        1 samples, Peak.  2.69 ms (1.0x), Avg.  2.69 ms, Total. 2.695 ms (0.0%)
[Performance] InitializeOnLoad SceneViewOpenTilePaletteHelper.Initialize                                                     :        1 samples, Peak.  1.62 ms (1.0x), Avg.  1.62 ms, Total. 1.618 ms (0.0%)
[Performance] InitializeOnLoad TileDragAndDropManager.Initialize                                                             :        1 samples, Peak.  1.08 ms (1.0x), Avg.  1.08 ms, Total. 1.080 ms (0.0%)
[Performance] InitializeOnLoad VisualStudioEditor.LegacyVisualStudioCodePackageDisabler                                      :        1 samples, Peak.   419 us (1.0x), Avg.   419 us, Total. 418.9 us (0.0%)
[Performance] InitializeOnLoad MaterialReimporter.RegisterUpgraderReimport                                                   :        2 samples, Peak.   275 us (1.7x), Avg.   163 us, Total. 325.8 us (0.0%)
[Performance] InitializeOnLoad BackgroundImport.Setup                                                                        :        1 samples, Peak.  8.81 ms (1.0x), Avg.  8.81 ms, Total. 8.814 ms (0.0%)
[Performance] InitializeOnLoad TestJobDataHolder.ResumeRunningJobs                                                           :        1 samples, Peak.  8.87 ms (1.0x), Avg.  8.87 ms, Total. 8.874 ms (0.0%)
[Performance] InitializeOnLoad AnalyticsReporter.RegisterCallbacks                                                           :        1 samples, Peak.   673 us (1.0x), Avg.   673 us, Total. 672.7 us (0.0%)
[Performance] InitializeOnLoad DebugManagerWindowLifetimeAnalytic.SubscribeToDebugManagerOpenCloseWindows                    :        1 samples, Peak.  1.55 ms (1.0x), Avg.  1.55 ms, Total. 1.551 ms (0.0%)
[Performance] InitializeOnLoad CoreRenderPipelinePreferences.InitPreferenceProviders                                         :        1 samples, Peak.  60.9 ms (1.0x), Avg.  60.9 ms, Total. 60.90 ms (0.2%)
[Performance] InitializeOnLoad VolumeGizmoDrawer.InitVolumeGizmoCallbacks                                                    :        1 samples, Peak.   646 us (1.0x), Avg.   646 us, Total. 646.2 us (0.0%)
[Performance] DidReloadScriptsCinemachineExtension.OnScriptReload                                                            :        1 samples, Peak.  1.01 ms (1.0x), Avg.  1.01 ms, Total. 1.010 ms (0.0%)
[Performance] DidReloadScriptsCinemachineVirtualCameraBase.OnScriptReload                                                    :        1 samples, Peak.   277 us (1.0x), Avg.   277 us, Total. 276.9 us (0.0%)
[Performance] DidReloadScriptsTestRunnerWindow.CompilationCallback                                                           :        1 samples, Peak.  1.29 ms (1.0x), Avg.  1.29 ms, Total. 1.287 ms (0.0%)
[Performance] DidReloadScriptsTestListCache.ScriptReloaded                                                                   :        1 samples, Peak.  3.60 ms (1.0x), Avg.  3.60 ms, Total. 3.603 ms (0.0%)
[Performance] DidReloadScriptsLookDev.OnEditorReload                                                                         :        1 samples, Peak.   696 us (1.0x), Avg.   696 us, Total. 695.7 us (0.0%)
[Performance] DidReloadScriptsDebugWindow.OnEditorReload                                                                     :        1 samples, Peak.  37.1 ms (1.0x), Avg.  37.1 ms, Total. 37.14 ms (0.1%)
[Performance] DidReloadScriptsVolumeComponentEditor.OnEditorReload                                                           :        1 samples, Peak.  76.7 ms (1.0x), Avg.  76.7 ms, Total. 76.74 ms (0.3%)
[Performance] DidReloadScriptsAdvancedDropdownWindow.OnScriptReload                                                          :        1 samples, Peak.   424 us (1.0x), Avg.   424 us, Total. 423.9 us (0.0%)
[Performance] AssemblyReloadEvents.afterAssemblyReload: UnityEditor.U2D.Animation.BoneGizmo.OnAfterAssemblyReload            :        1 samples, Peak.  1.15 ms (1.0x), Avg.  1.15 ms, Total. 1.146 ms (0.0%)
[Performance] CinemachineSettings.OnPostprocessAllAssets                                                                     :        4 samples, Peak.   615 us (2.5x), Avg.   243 us, Total. 973.2 us (0.0%)
[Performance] UniversalRenderPipelineGlobalSettingsPostprocessor.OnPostprocessAllAssets                                      :        4 samples, Peak.  2.55 ms (2.0x), Avg.  1.29 ms, Total. 5.145 ms (0.0%)
[Performance] SyncVS.PostprocessSyncProject                                                                                  :        2 samples, Peak.  4.47 ms (1.7x), Avg.  2.57 ms, Total. 5.145 ms (0.0%)
[Performance] Application.ImportPackagesAndSetTemplateWhenCreatingProject                                                    :        1 samples, Peak.  14.8 ms (1.0x), Avg.  14.8 ms, Total. 14.79 ms (0.1%)
[Performance] Application.SyncCurrentColorSpace                                                                              :        1 samples, Peak.  25.8 ms (1.0x), Avg.  25.8 ms, Total. 25.83 ms (0.1%)
[Performance] Application.OnUsbDevicesChanged                                                                                :        1 samples, Peak.  2.24 ms (1.0x), Avg.  2.24 ms, Total. 2.244 ms (0.0%)
[Performance] Application.AssetInstanceCacheUpdate                                                                           :        1 samples, Peak.   200 ns (1.0x), Avg.   200 ns, Total. 200.0 ns (0.0%)
[Performance] Application.UnityExtensions.Initialize                                                                         :        1 samples, Peak.  9.47 ms (1.0x), Avg.  9.47 ms, Total. 9.472 ms (0.0%)
[Performance] CodeEditorProjectSync.SyncEditorProject                                                                        :        1 samples, Peak.   288 ms (1.0x), Avg.   288 ms, Total. 288.2 ms (1.0%)
[Performance] Application.ExecuteStartups                                                                                    :        1 samples, Peak.  54.5 ms (1.0x), Avg.  54.5 ms, Total. 54.55 ms (0.2%)
[Performance] Menu.RegisterMenuInterface                                                                                     :       26 samples, Peak.  2.80 us (9.2x), Avg.   304 ns, Total. 7.900 us (0.0%)
[Performance] Gizmo.RebuildRenderers                                                                                         :        1 samples, Peak.  49.7 ms (1.0x), Avg.  49.7 ms, Total. 49.69 ms (0.2%)
[Performance] Gizmo.AddGizmoRenderers                                                                                        :      105 samples, Peak.  2.23 ms (52.0x), Avg.  42.9 us, Total. 4.504 ms (0.0%)
[Performance] Application.editorInitializingProject                                                                          :        1 samples, Peak.   251 ms (1.0x), Avg.   251 ms, Total. 250.7 ms (0.9%)
[Performance] Application.InitializeMenu                                                                                     :        1 samples, Peak.   219 ms (1.0x), Avg.   219 ms, Total. 218.6 ms (0.8%)
[Performance] Menu.RebuildAll                                                                                                :        1 samples, Peak.   219 ms (1.0x), Avg.   219 ms, Total. 218.6 ms (0.8%)
[Performance] Menu.BuildRegisteredMenuInterfaces                                                                             :        1 samples, Peak.   216 ms (1.0x), Avg.   216 ms, Total. 215.8 ms (0.8%)
[Performance] Menu.FilterMenuItem                                                                                            :      844 samples, Peak.   153 ms (841.6x), Avg.   182 us, Total. 153.8 ms (0.5%)
[Performance] UpdateAllMenus                                                                                                 :        1 samples, Peak.   783 us (1.0x), Avg.   783 us, Total. 782.8 us (0.0%)
[Performance] Menu.RebuildOSMainMenu                                                                                         :        1 samples, Peak.  1.78 ms (1.0x), Avg.  1.78 ms, Total. 1.783 ms (0.0%)
[Performance] EditorSceneManager.sceneClosing: UnityEditor.SceneVisibilityManager.EditorSceneManagerOnSceneClosing           :        2 samples, Peak.   392 us (2.0x), Avg.   200 us, Total. 399.7 us (0.0%)
[Performance] GUIView.RepaintAll.PlayerLoopController                                                                        :        1 samples, Peak.  4.00 us (1.0x), Avg.  4.00 us, Total. 4.000 us (0.0%)
[Performance] EditorSceneManager.newSceneCreated: UnityEditor.SceneTemplate.SceneTemplateService.OnNewSceneCreated           :        1 samples, Peak.   354 us (1.0x), Avg.   354 us, Total. 354.4 us (0.0%)
[Performance] EditorSceneManager.newSceneCreated: UnityEditor.SceneVisibilityManager.EditorSceneManagerOnNewSceneCreated     :        1 samples, Peak.   318 us (1.0x), Avg.   318 us, Total. 317.9 us (0.0%)
[Performance] EditorSceneManager.newSceneCreated: UnityEditor.SceneManagement.StageNavigationManager.OnNewSceneCreated       :        1 samples, Peak.  85.1 us (1.0x), Avg.  85.1 us, Total. 85.10 us (0.0%)
[Performance] Application.InvokeFinishedLoadingProject                                                                       :        1 samples, Peak.  57.2 ms (1.0x), Avg.  57.2 ms, Total. 57.23 ms (0.2%)
[Performance] ProcessService.OnProjectLoaded                                                                                 :        1 samples, Peak.  67.0 us (1.0x), Avg.  67.0 us, Total. 67.00 us (0.0%)
[Performance] VersionControl.Task.Wait                                                                                       :        1 samples, Peak.  32.6 us (1.0x), Avg.  32.6 us, Total. 32.60 us (0.0%)
[Performance] EditorSceneManager.sceneOpening: UnityEditor.SceneVisibilityManager.EditorSceneManagerOnSceneOpening           :        1 samples, Peak.   258 us (1.0x), Avg.   258 us, Total. 257.7 us (0.0%)
[Performance] Inspector.InitOrRebuild                                                                                        :        1 samples, Peak.   947 us (1.0x), Avg.   947 us, Total. 946.5 us (0.0%)
[Performance] EditorSceneManager.sceneOpened: UnityEditor.SceneTemplate.SceneTemplateService.OnSceneOpened                   :        1 samples, Peak.   417 us (1.0x), Avg.   417 us, Total. 416.7 us (0.0%)
[Performance] EditorSceneManager.sceneOpened: UnityEditor.SceneVisibilityManager.EditorSceneManagerOnSceneOpened             :        1 samples, Peak.   233 us (1.0x), Avg.   233 us, Total. 232.6 us (0.0%)
[Performance] EditorSceneManager.sceneOpened: UnityEditor.SceneManagement.StageNavigationManager.OnSceneOpened               :        1 samples, Peak.   108 us (1.0x), Avg.   108 us, Total. 108.3 us (0.0%)
[Performance] PaletteAssetModificationProcessor.OnWillSaveAssets                                                             :        2 samples, Peak.  8.52 ms (2.0x), Avg.  4.27 ms, Total. 8.535 ms (0.0%)
[Performance] StateMacroSavedEvent.OnWillSaveAssets                                                                          :        2 samples, Peak.   347 us (2.0x), Avg.   175 us, Total. 349.7 us (0.0%)
[Performance] FlowMacroSavedEvent.OnWillSaveAssets                                                                           :        2 samples, Peak.   204 us (2.0x), Avg.   104 us, Total. 207.2 us (0.0%)
[Performance] UnityCloudProjectLinkMonitor.OnWillSaveAssets                                                                  :        2 samples, Peak.   633 us (2.0x), Avg.   318 us, Total. 636.2 us (0.0%)
[Performance] UVCSAssetModificationProcessor.OnWillSaveAssets                                                                :        2 samples, Peak.   459 us (2.0x), Avg.   231 us, Total. 461.4 us (0.0%)
[Performance] BuilderAssetModificationProcessor.OnWillSaveAssets                                                             :        2 samples, Peak.   517 us (2.0x), Avg.   261 us, Total. 521.7 us (0.0%)
[Performance] TerrainModificationProcessor.OnWillSaveAssets                                                                  :        2 samples, Peak.   824 us (2.0x), Avg.   414 us, Total. 827.3 us (0.0%)
[Performance] AssetDatabase.ImportAssets                                                                                     :        5 samples, Peak.  10.6 us (4.2x), Avg.  2.50 us, Total. 12.50 us (0.0%)
[Performance] EditorSceneManager.sceneSaving: callback in UnityEditor.U2D.SpriteShapeUpdateCache                             :        1 samples, Peak.  1.27 ms (1.0x), Avg.  1.27 ms, Total. 1.268 ms (0.0%)
[Performance] EditorSceneManager.sceneSaving: UnityEditor.SceneTemplate.SceneTemplateService.OnSceneSaving                   :        1 samples, Peak.   348 us (1.0x), Avg.   348 us, Total. 347.9 us (0.0%)
[Performance] EditorSceneManager.sceneSaving: UnityEditor.SceneVisibilityManager.EditorSceneManagerOnSceneSaving             :        1 samples, Peak.   164 us (1.0x), Avg.   164 us, Total. 164.1 us (0.0%)
[Performance] PaletteAssetModificationProcessor.OnWillCreateAsset                                                            :        1 samples, Peak.   177 us (1.0x), Avg.   177 us, Total. 177.2 us (0.0%)
[Performance] MaterialModificationProcessor.OnWillCreateAsset                                                                :        2 samples, Peak.   536 us (1.1x), Avg.   509 us, Total. 1.019 ms (0.0%)
[Performance] BuilderAssetModificationProcessor.OnWillCreateAsset                                                            :        1 samples, Peak.   347 us (1.0x), Avg.   347 us, Total. 346.9 us (0.0%)
[Performance] AssetDatabase.ImportAsset                                                                                      :        1 samples, Peak.   274 ms (1.0x), Avg.   274 ms, Total. 273.9 ms (1.0%)
[Performance] ShaderImporter.SourceAssetModified                                                                             :        1 samples, Peak.  1.10 us (1.0x), Avg.  1.10 us, Total. 1.100 us (0.0%)
[Performance] ShaderIncludeImporter.SourceAssetModified                                                                      :        1 samples, Peak.  1.10 us (1.0x), Avg.  1.10 us, Total. 1.100 us (0.0%)
[Performance] PSDImporterAssetPostProcessor.OnPreprocessAsset                                                                :        1 samples, Peak.   650 us (1.0x), Avg.   650 us, Total. 650.1 us (0.0%)
[Performance] PresetManagerPostProcessor.OnPreprocessAsset                                                                   :        1 samples, Peak.   376 us (1.0x), Avg.   376 us, Total. 375.6 us (0.0%)
[Performance] CancelSplashScreenOnAssetChange.OnPreprocessAsset                                                              :        1 samples, Peak.   275 us (1.0x), Avg.   275 us, Total. 275.4 us (0.0%)
[Performance] ShaderGraphAssetPostProcessor.OnPreprocessAsset                                                                :        1 samples, Peak.   280 us (1.0x), Avg.   280 us, Total. 280.2 us (0.0%)
[Performance] SpritePostProcess.OnPreprocessAsset                                                                            :        1 samples, Peak.  2.80 ms (1.0x), Avg.  2.80 ms, Total. 2.801 ms (0.0%)
[Performance] TMPro_TexturePostProcessor.OnPostprocessAllAssets                                                              :        2 samples, Peak.   450 us (1.0x), Avg.   442 us, Total. 884.9 us (0.0%)
[Performance] UVCSAssetPostprocessor.OnPostprocessAllAssets                                                                  :        2 samples, Peak.   635 us (1.0x), Avg.   630 us, Total. 1.261 ms (0.0%)
[Performance] BuilderAssetPostprocessor.OnPostprocessAllAssets                                                               :        2 samples, Peak.  4.50 ms (1.0x), Avg.  4.49 ms, Total. 8.980 ms (0.0%)
[Performance] ArtifactBrowserPostProcessor.OnPostprocessAllAssets                                                            :        2 samples, Peak.   707 us (1.0x), Avg.   697 us, Total. 1.393 ms (0.0%)
[Performance] AssetEvents.OnPostprocessAllAssets                                                                             :        4 samples, Peak.   245 us (1.5x), Avg.   163 us, Total. 652.2 us (0.0%)
[Performance] AudioMixerPostprocessor.OnPostprocessAllAssets                                                                 :        2 samples, Peak.   414 us (1.0x), Avg.   411 us, Total. 821.0 us (0.0%)
[Performance] StyleCatalogPostProcessor.OnPostprocessAllAssets                                                               :        2 samples, Peak.  73.2 ms (1.0x), Avg.  73.2 ms, Total. 146.4 ms (0.5%)
[Performance] BuildCatalog                                                                                                   :        1 samples, Peak.  71.9 ms (1.0x), Avg.  71.9 ms, Total. 71.90 ms (0.3%)
[Performance] ModelImporterPostProcessor.OnPostprocessAllAssets                                                              :        2 samples, Peak.  1.15 ms (1.0x), Avg.  1.14 ms, Total. 2.286 ms (0.0%)
[Performance] MaterialPostprocessor.OnPostprocessAllAssets                                                                   :        4 samples, Peak.   561 us (1.1x), Avg.   510 us, Total. 2.041 ms (0.0%)
[Performance] RetainedModeAssetPostprocessor.OnPostprocessAllAssets                                                          :        2 samples, Peak.  2.59 ms (1.0x), Avg.  2.59 ms, Total. 5.170 ms (0.0%)
[Performance] AssetChangedListener.OnPostprocessAllAssets                                                                    :        2 samples, Peak.  2.05 ms (1.0x), Avg.  2.04 ms, Total. 4.084 ms (0.0%)
[Performance] PostProcessor.OnPostprocessAllAssets                                                                           :        2 samples, Peak.   308 us (1.0x), Avg.   306 us, Total. 611.7 us (0.0%)
[Performance] ShaderGraphAssetPostProcessor.OnPostprocessAllAssets                                                           :        2 samples, Peak.  2.97 ms (1.0x), Avg.  2.97 ms, Total. 5.936 ms (0.0%)
[Performance] SpeedTreePostProcessor.OnPostprocessAllAssets                                                                  :        2 samples, Peak.   290 us (1.0x), Avg.   285 us, Total. 569.9 us (0.0%)
[Performance] TextAssetPostProcessor.OnPostprocessAllAssets                                                                  :        2 samples, Peak.   670 us (1.0x), Avg.   668 us, Total. 1.335 ms (0.0%)
[Performance] AssetProcessor.OnPostprocessAllAssets                                                                          :        6 samples, Peak.  1.45 ms (1.6x), Avg.   896 us, Total. 5.375 ms (0.0%)
[Performance] SpriteLibraryAssetPostprocessor.OnPostprocessAllAssets                                                         :        2 samples, Peak.   397 us (1.0x), Avg.   392 us, Total. 784.2 us (0.0%)
[Performance] PSDImporterAssetPostProcessor.OnPostprocessAllAssets                                                           :        2 samples, Peak.   163 us (1.0x), Avg.   161 us, Total. 321.8 us (0.0%)
[Performance] PSDImportPostProcessor.OnPostprocessAllAssets                                                                  :        2 samples, Peak.   220 us (1.0x), Avg.   217 us, Total. 434.9 us (0.0%)
[Performance] SpriteEditorTexturePostprocessor.OnPostprocessAllAssets                                                        :        2 samples, Peak.   450 us (1.0x), Avg.   447 us, Total. 894.8 us (0.0%)
[Performance] SpriteShapeAssetPostProcessor.OnPostprocessAllAssets                                                           :        2 samples, Peak.   619 us (1.0x), Avg.   615 us, Total. 1.230 ms (0.0%)
[Performance] EditorSceneManager.sceneSaved: UnityEditor.SceneTemplate.SceneTemplateService.OnSceneSaved                     :        1 samples, Peak.   342 ms (1.0x), Avg.   342 ms, Total. 341.5 ms (1.2%)
[Performance] EditorSceneManager.sceneSaved: UnityEditor.SceneVisibilityManager.EditorSceneManagerOnSceneSaved               :        1 samples, Peak.   225 us (1.0x), Avg.   225 us, Total. 225.5 us (0.0%)
[Performance] EditorApplication.quitting: Unity.Burst.Editor.BurstLoader.OnEditorApplicationQuitting                         :        1 samples, Peak.  48.2 us (1.0x), Avg.  48.2 us, Total. 48.20 us (0.0%)
[Performance] EditorApplication.quitting: UnityEditor.Tilemaps.SceneViewGridManager.EditorQuitting                           :        1 samples, Peak.  97.6 us (1.0x), Avg.  97.6 us, Total. 97.60 us (0.0%)
[Performance] EditorApplication.quitting: callback in UnityEditor.TextCore.Text.EditorEventCallbacks                         :        1 samples, Peak.  33.4 ms (1.0x), Avg.  33.4 ms, Total. 33.43 ms (0.1%)
[Performance] Application.Shutdown.PauseProfilerSession                                                                      :        1 samples, Peak.  47.7 us (1.0x), Avg.  47.7 us, Total. 47.70 us (0.0%)
[Performance] Application.Shutdown.PauseAssetImportWorkers                                                                   :        1 samples, Peak.   984 us (1.0x), Avg.   984 us, Total. 984.5 us (0.0%)
[Performance] Application.Shutdown.SaveAssets                                                                                :        1 samples, Peak.  7.35 ms (1.0x), Avg.  7.35 ms, Total. 7.351 ms (0.0%)
[Performance] Application.Shutdown.CleanupRenderPipeline                                                                     :        1 samples, Peak.  11.5 us (1.0x), Avg.  11.5 us, Total. 11.50 us (0.0%)
[Performance] Application.Shutdown.StopPreloadManager                                                                        :        1 samples, Peak.  9.72 ms (1.0x), Avg.  9.72 ms, Total. 9.721 ms (0.0%)
[Performance] Application.Shutdown.DestroyWorld                                                                              :        1 samples, Peak.  2.93 ms (1.0x), Avg.  2.93 ms, Total. 2.933 ms (0.0%)
[Performance] Application.Shutdown.CleanupAfterLoad                                                                          :        1 samples, Peak.   239 ms (1.0x), Avg.   239 ms, Total. 239.2 ms (0.8%)
[Performance] Application.Shutdown.Progress                                                                                  :        1 samples, Peak.  17.6 us (1.0x), Avg.  17.6 us, Total. 17.60 us (0.0%)
[Performance] Application.Shutdown.GICleanupManagers                                                                         :        1 samples, Peak.  31.1 ms (1.0x), Avg.  31.1 ms, Total. 31.07 ms (0.1%)
[Performance] Application.Shutdown.MenuCleanupClass                                                                          :        1 samples, Peak.   237 us (1.0x), Avg.   237 us, Total. 236.6 us (0.0%)
[Performance] Application.Shutdown.ADBSaveStateBeforeShutdown                                                                :        1 samples, Peak.  12.0 us (1.0x), Avg.  12.0 us, Total. 12.00 us (0.0%)
[Performance] Application.Shutdown.RemoteShutdown                                                                            :        1 samples, Peak.  1.40 us (1.0x), Avg.  1.40 us, Total. 1.400 us (0.0%)
[Performance] Application.Shutdown.CleanupVCProvider                                                                         :        1 samples, Peak.  17.2 us (1.0x), Avg.  17.2 us, Total. 17.20 us (0.0%)
[Performance] Application.Shutdown.InputShutdown                                                                             :        1 samples, Peak.  2.80 us (1.0x), Avg.  2.80 us, Total. 2.800 us (0.0%)
[Performance] Application.Shutdown.GizmoManagerDestroy                                                                       :        1 samples, Peak.  1.08 ms (1.0x), Avg.  1.08 ms, Total. 1.082 ms (0.0%)
[Performance] Application.Shutdown.ProfilerSession                                                                           :        1 samples, Peak.   258 us (1.0x), Avg.   258 us, Total. 257.5 us (0.0%)
[Performance] Application.Shutdown.ReleaseGfxWindowOnAllGUIViews                                                             :        1 samples, Peak.   700 ns (1.0x), Avg.   700 ns, Total. 700.0 ns (0.0%)
[Performance] Application.Shutdown.CleanupEngine                                                                             :        1 samples, Peak.   205 ms (1.0x), Avg.   205 ms, Total. 204.6 ms (0.7%)
[Performance] Application.Shutdown.CleanupAssetDatabase                                                                      :        1 samples, Peak.  42.3 ms (1.0x), Avg.  42.3 ms, Total. 42.27 ms (0.1%)
[Performance] Application.Shutdown.ScriptCompilationCleanUp                                                                  :        1 samples, Peak.  24.3 ms (1.0x), Avg.  24.3 ms, Total. 24.35 ms (0.1%)
[Performance] Application.Shutdown.DestroyJobSystem                                                                          :        1 samples, Peak.   401 us (1.0x), Avg.   401 us, Total. 401.5 us (0.0%)
[Performance] Application.Shutdown.CleanupPersistentManager                                                                  :        1 samples, Peak.  4.92 ms (1.0x), Avg.  4.92 ms, Total. 4.924 ms (0.0%)
[Performance] Application.Shutdown.CleanupAsyncReadManager                                                                   :        1 samples, Peak.  1.51 ms (1.0x), Avg.  1.51 ms, Total. 1.507 ms (0.0%)
[Performance] Application.Shutdown.CleanupProgressBar                                                                        :        1 samples, Peak.   600 ns (1.0x), Avg.   600 ns, Total. 600.0 ns (0.0%)
[Performance] Application.Shutdown.CleanupMono                                                                               :        1 samples, Peak.   503 ms (1.0x), Avg.   503 ms, Total. 502.5 ms (1.8%)
[Performance] Application.Shutdown.CleanupStdConverters                                                                      :        1 samples, Peak.  8.80 us (1.0x), Avg.  8.80 us, Total. 8.800 us (0.0%)
[Performance] Application.Shutdown.UnloadAllPlatformSupportModuleNativeDlls                                                  :        1 samples, Peak.   600 ns (1.0x), Avg.   600 ns, Total. 600.0 ns (0.0%)
[Performance] Application.Shutdown.UnloadAllPlatformSupportNativeLibraries                                                   :        1 samples, Peak.   100 ns (1.0x), Avg.   100 ns, Total. 100.0 ns (0.0%)
[Performance] Application.Shutdown.CleanupAutoDocumentation                                                                  :        1 samples, Peak.   380 us (1.0x), Avg.   380 us, Total. 380.4 us (0.0%)
[Performance] Application.Shutdown.ShaderNameManagerDestroy                                                                  :        1 samples, Peak.  57.4 us (1.0x), Avg.  57.4 us, Total. 57.40 us (0.0%)
[Performance] Application.Shutdown.CleanupCacheServer                                                                        :        1 samples, Peak. 0.0 (-nan(ind)x), Avg. 0.0, Total. 0.0 (0.0%)
[Performance] Application.Shutdown.Virtualization_Shutdown                                                                   :        1 samples, Peak.   300 ns (1.0x), Avg.   300 ns, Total. 300.0 ns (0.0%)
[Performance] Application.Shutdown.DevConnections                                                                            :        1 samples, Peak.   135 us (1.0x), Avg.   135 us, Total. 135.4 us (0.0%)
Exiting batchmode successfully now!
Exiting without the bug reporter. Application will terminate with return code 0